product_id,trend_date,search_interest,region
1,2020-01-01,5,US
1,2020-01-02,3,US
1,2020-01-03,4,US
1,2020-01-04,3,US
1,2020-01-05,5,US
1,2020-01-06,5,US
1,2020-01-07,6,US
1,2020-01-08,3,US
1,2020-01-09,4,US
1,2020-01-10,3,US
1,2020-01-11,3,US
1,2020-01-12,5,US
1,2020-01-13,3,US
1,2020-01-14,3,US
1,2020-01-15,5,US
1,2020-01-16,5,US
1,2020-01-17,3,US
1,2020-01-18,5,US
1,2020-01-19,6,US
1,2020-01-20,3,US
1,2020-01-21,6,US
1,2020-01-22,5,US
1,2020-01-23,4,US
1,2020-01-24,3,US
1,2020-01-25,6,US
1,2020-01-26,4,US
1,2020-01-27,3,US
1,2020-01-28,3,US
1,2020-01-29,6,US
1,2020-01-30,5,US
1,2020-01-31,6,US
1,2020-02-01,5,US
1,2020-02-02,5,US
1,2020-02-03,6,US
1,2020-02-04,4,US
1,2020-02-05,5,US
1,2020-02-06,6,US
1,2020-02-07,5,US
1,2020-02-08,6,US
1,2020-02-09,5,US
1,2020-02-10,5,US
1,2020-02-11,3,US
1,2020-02-12,3,US
1,2020-02-13,4,US
1,2020-02-14,3,US
1,2020-02-15,3,US
1,2020-02-16,3,US
1,2020-02-17,4,US
1,2020-02-18,5,US
1,2020-02-19,4,US
1,2020-02-20,4,US
1,2020-02-21,3,US
1,2020-02-22,4,US
1,2020-02-23,6,US
1,2020-02-24,5,US
1,2020-02-25,5,US
1,2020-02-26,3,US
1,2020-02-27,5,US
1,2020-02-28,3,US
1,2020-02-29,4,US
1,2020-03-01,6,US
1,2020-03-02,5,US
1,2020-03-03,5,US
1,2020-03-04,5,US
1,2020-03-05,6,US
1,2020-03-06,6,US
1,2020-03-07,3,US
1,2020-03-08,3,US
1,2020-03-09,4,US
1,2020-03-10,4,US
1,2020-03-11,3,US
1,2020-03-12,6,US
1,2020-03-13,6,US
1,2020-03-14,4,US
1,2020-03-15,5,US
1,2020-03-16,4,US
1,2020-03-17,6,US
1,2020-03-18,4,US
1,2020-03-19,4,US
1,2020-03-20,3,US
1,2020-03-21,5,US
1,2020-03-22,4,US
1,2020-03-23,5,US
1,2020-03-24,6,US
1,2020-03-25,4,US
1,2020-03-26,3,US
1,2020-03-27,6,US
1,2020-03-28,5,US
1,2020-03-29,3,US
1,2020-03-30,3,US
1,2020-03-31,3,US
1,2020-04-01,5,US
1,2020-04-02,6,US
1,2020-04-03,4,US
1,2020-04-04,3,US
1,2020-04-05,4,US
1,2020-04-06,6,US
1,2020-04-07,5,US
1,2020-04-08,6,US
1,2020-04-09,6,US
1,2020-04-10,3,US
1,2020-04-11,5,US
1,2020-04-12,5,US
1,2020-04-13,5,US
1,2020-04-14,4,US
1,2020-04-15,5,US
1,2020-04-16,3,US
1,2020-04-17,4,US
1,2020-04-18,4,US
1,2020-04-19,6,US
1,2020-04-20,6,US
1,2020-04-21,4,US
1,2020-04-22,5,US
1,2020-04-23,3,US
1,2020-04-24,6,US
1,2020-04-25,6,US
1,2020-04-26,4,US
1,2020-04-27,5,US
1,2020-04-28,5,US
1,2020-04-29,3,US
1,2020-04-30,6,US
1,2020-05-01,5,US
1,2020-05-02,6,US
1,2020-05-03,5,US
1,2020-05-04,3,US
1,2020-05-05,4,US
1,2020-05-06,3,US
1,2020-05-07,6,US
1,2020-05-08,6,US
1,2020-05-09,6,US
1,2020-05-10,4,US
1,2020-05-11,3,US
1,2020-05-12,6,US
1,2020-05-13,6,US
1,2020-05-14,3,US
1,2020-05-15,4,US
1,2020-05-16,3,US
1,2020-05-17,6,US
1,2020-05-18,6,US
1,2020-05-19,3,US
1,2020-05-20,4,US
1,2020-05-21,5,US
1,2020-05-22,4,US
1,2020-05-23,6,US
1,2020-05-24,4,US
1,2020-05-25,3,US
1,2020-05-26,5,US
1,2020-05-27,5,US
1,2020-05-28,3,US
1,2020-05-29,4,US
1,2020-05-30,6,US
1,2020-05-31,5,US
1,2020-06-01,4,US
1,2020-06-02,5,US
1,2020-06-03,3,US
1,2020-06-04,3,US
1,2020-06-05,4,US
1,2020-06-06,5,US
1,2020-06-07,3,US
1,2020-06-08,3,US
1,2020-06-09,3,US
1,2020-06-10,5,US
1,2020-06-11,3,US
1,2020-06-12,6,US
1,2020-06-13,6,US
1,2020-06-14,3,US
1,2020-06-15,3,US
1,2020-06-16,5,US
1,2020-06-17,3,US
1,2020-06-18,3,US
1,2020-06-19,6,US
1,2020-06-20,5,US
1,2020-06-21,4,US
1,2020-06-22,6,US
1,2020-06-23,6,US
1,2020-06-24,3,US
1,2020-06-25,3,US
1,2020-06-26,4,US
1,2020-06-27,4,US
1,2020-06-28,4,US
1,2020-06-29,5,US
1,2020-06-30,5,US
1,2020-07-01,6,US
1,2020-07-02,3,US
1,2020-07-03,4,US
1,2020-07-04,4,US
1,2020-07-05,6,US
1,2020-07-06,3,US
1,2020-07-07,3,US
1,2020-07-08,4,US
1,2020-07-09,4,US
1,2020-07-10,4,US
1,2020-07-11,3,US
1,2020-07-12,6,US
1,2020-07-13,4,US
1,2020-07-14,6,US
1,2020-07-15,5,US
1,2020-07-16,3,US
1,2020-07-17,6,US
1,2020-07-18,6,US
1,2020-07-19,6,US
1,2020-07-20,6,US
1,2020-07-21,6,US
1,2020-07-22,3,US
1,2020-07-23,4,US
1,2020-07-24,3,US
1,2020-07-25,4,US
1,2020-07-26,3,US
1,2020-07-27,4,US
1,2020-07-28,6,US
1,2020-07-29,4,US
1,2020-07-30,6,US
1,2020-07-31,4,US
1,2020-08-01,4,US
1,2020-08-02,6,US
1,2020-08-03,6,US
1,2020-08-04,5,US
1,2020-08-05,5,US
1,2020-08-06,3,US
1,2020-08-07,4,US
1,2020-08-08,6,US
1,2020-08-09,5,US
1,2020-08-10,5,US
1,2020-08-11,5,US
1,2020-08-12,3,US
1,2020-08-13,5,US
1,2020-08-14,5,US
1,2020-08-15,6,US
1,2020-08-16,3,US
1,2020-08-17,6,US
1,2020-08-18,3,US
1,2020-08-19,3,US
1,2020-08-20,5,US
1,2020-08-21,5,US
1,2020-08-22,3,US
1,2020-08-23,3,US
1,2020-08-24,6,US
1,2020-08-25,3,US
1,2020-08-26,5,US
1,2020-08-27,5,US
1,2020-08-28,4,US
1,2020-08-29,5,US
1,2020-08-30,5,US
1,2020-08-31,6,US
1,2020-09-01,3,US
1,2020-09-02,5,US
1,2020-09-03,3,US
1,2020-09-04,4,US
1,2020-09-05,5,US
1,2020-09-06,4,US
1,2020-09-07,4,US
1,2020-09-08,6,US
1,2020-09-09,3,US
1,2020-09-10,4,US
1,2020-09-11,6,US
1,2020-09-12,6,US
1,2020-09-13,3,US
1,2020-09-14,3,US
1,2020-09-15,4,US
1,2020-09-16,6,US
1,2020-09-17,6,US
1,2020-09-18,6,US
1,2020-09-19,4,US
1,2020-09-20,3,US
1,2020-09-21,6,US
1,2020-09-22,5,US
1,2020-09-23,5,US
1,2020-09-24,6,US
1,2020-09-25,5,US
1,2020-09-26,3,US
1,2020-09-27,6,US
1,2020-09-28,4,US
1,2020-09-29,5,US
1,2020-09-30,6,US
1,2020-10-01,3,US
1,2020-10-02,3,US
1,2020-10-03,3,US
1,2020-10-04,5,US
1,2020-10-05,4,US
1,2020-10-06,5,US
1,2020-10-07,5,US
1,2020-10-08,3,US
1,2020-10-09,5,US
1,2020-10-10,4,US
1,2020-10-11,4,US
1,2020-10-12,6,US
1,2020-10-13,6,US
1,2020-10-14,3,US
1,2020-10-15,4,US
1,2020-10-16,4,US
1,2020-10-17,3,US
1,2020-10-18,6,US
1,2020-10-19,5,US
1,2020-10-20,4,US
1,2020-10-21,5,US
1,2020-10-22,5,US
1,2020-10-23,4,US
1,2020-10-24,3,US
1,2020-10-25,3,US
1,2020-10-26,6,US
1,2020-10-27,6,US
1,2020-10-28,5,US
1,2020-10-29,6,US
1,2020-10-30,5,US
1,2020-10-31,3,US
1,2020-11-01,3,US
1,2020-11-02,4,US
1,2020-11-03,6,US
1,2020-11-04,6,US
1,2020-11-05,6,US
1,2020-11-06,6,US
1,2020-11-07,3,US
1,2020-11-08,3,US
1,2020-11-09,3,US
1,2020-11-10,6,US
1,2020-11-11,6,US
1,2020-11-12,4,US
1,2020-11-13,5,US
1,2020-11-14,3,US
1,2020-11-15,6,US
1,2020-11-16,6,US
1,2020-11-17,6,US
1,2020-11-18,6,US
1,2020-11-19,6,US
1,2020-11-20,3,US
1,2020-11-21,5,US
1,2020-11-22,4,US
1,2020-11-23,6,US
1,2020-11-24,6,US
1,2020-11-25,6,US
1,2020-11-26,6,US
1,2020-11-27,4,US
1,2020-11-28,6,US
1,2020-11-29,3,US
1,2020-11-30,6,US
1,2020-12-01,6,US
1,2020-12-02,3,US
1,2020-12-03,6,US
1,2020-12-04,4,US
1,2020-12-05,4,US
1,2020-12-06,6,US
1,2020-12-07,3,US
1,2020-12-08,3,US
1,2020-12-09,3,US
1,2020-12-10,4,US
1,2020-12-11,6,US
1,2020-12-12,6,US
1,2020-12-13,4,US
1,2020-12-14,5,US
1,2020-12-15,4,US
1,2020-12-16,6,US
1,2020-12-17,5,US
1,2020-12-18,6,US
1,2020-12-19,3,US
1,2020-12-20,6,US
1,2020-12-21,3,US
1,2020-12-22,6,US
1,2020-12-23,4,US
1,2020-12-24,3,US
1,2020-12-25,4,US
1,2020-12-26,5,US
1,2020-12-27,4,US
1,2020-12-28,5,US
1,2020-12-29,5,US
1,2020-12-30,4,US
1,2020-12-31,5,US
1,2021-01-01,4,US
1,2021-01-02,5,US
1,2021-01-03,3,US
1,2021-01-04,6,US
1,2021-01-05,5,US
1,2021-01-06,5,US
1,2021-01-07,5,US
1,2021-01-08,5,US
1,2021-01-09,4,US
1,2021-01-10,3,US
1,2021-01-11,5,US
1,2021-01-12,4,US
1,2021-01-13,4,US
1,2021-01-14,6,US
1,2021-01-15,5,US
1,2021-01-16,4,US
1,2021-01-17,4,US
1,2021-01-18,4,US
1,2021-01-19,4,US
1,2021-01-20,4,US
1,2021-01-21,3,US
1,2021-01-22,4,US
1,2021-01-23,6,US
1,2021-01-24,5,US
1,2021-01-25,6,US
1,2021-01-26,5,US
1,2021-01-27,4,US
1,2021-01-28,5,US
1,2021-01-29,3,US
1,2021-01-30,4,US
1,2021-01-31,4,US
1,2021-02-01,5,US
1,2021-02-02,5,US
1,2021-02-03,4,US
1,2021-02-04,4,US
1,2021-02-05,3,US
1,2021-02-06,4,US
1,2021-02-07,6,US
1,2021-02-08,6,US
1,2021-02-09,3,US
1,2021-02-10,3,US
1,2021-02-11,5,US
1,2021-02-12,5,US
1,2021-02-13,4,US
1,2021-02-14,6,US
1,2021-02-15,6,US
1,2021-02-16,5,US
1,2021-02-17,3,US
1,2021-02-18,3,US
1,2021-02-19,3,US
1,2021-02-20,3,US
1,2021-02-21,4,US
1,2021-02-22,6,US
1,2021-02-23,3,US
1,2021-02-24,4,US
1,2021-02-25,5,US
1,2021-02-26,3,US
1,2021-02-27,5,US
1,2021-02-28,4,US
1,2021-03-01,3,US
1,2021-03-02,5,US
1,2021-03-03,3,US
1,2021-03-04,6,US
1,2021-03-05,6,US
1,2021-03-06,3,US
1,2021-03-07,4,US
1,2021-03-08,3,US
1,2021-03-09,6,US
1,2021-03-10,5,US
1,2021-03-11,3,US
1,2021-03-12,3,US
1,2021-03-13,6,US
1,2021-03-14,4,US
1,2021-03-15,6,US
1,2021-03-16,5,US
1,2021-03-17,6,US
1,2021-03-18,5,US
1,2021-03-19,6,US
1,2021-03-20,6,US
1,2021-03-21,5,US
1,2021-03-22,5,US
1,2021-03-23,5,US
1,2021-03-24,6,US
1,2021-03-25,5,US
1,2021-03-26,6,US
1,2021-03-27,5,US
1,2021-03-28,4,US
1,2021-03-29,4,US
1,2021-03-30,3,US
1,2021-03-31,5,US
1,2021-04-01,6,US
1,2021-04-02,5,US
1,2021-04-03,5,US
1,2021-04-04,4,US
1,2021-04-05,3,US
1,2021-04-06,4,US
1,2021-04-07,4,US
1,2021-04-08,4,US
1,2021-04-09,5,US
1,2021-04-10,3,US
1,2021-04-11,3,US
1,2021-04-12,5,US
1,2021-04-13,5,US
1,2021-04-14,3,US
1,2021-04-15,4,US
1,2021-04-16,5,US
1,2021-04-17,4,US
1,2021-04-18,3,US
1,2021-04-19,4,US
1,2021-04-20,6,US
1,2021-04-21,5,US
1,2021-04-22,5,US
1,2021-04-23,6,US
1,2021-04-24,6,US
1,2021-04-25,4,US
1,2021-04-26,3,US
1,2021-04-27,4,US
1,2021-04-28,6,US
1,2021-04-29,6,US
1,2021-04-30,6,US
1,2021-05-01,4,US
1,2021-05-02,5,US
1,2021-05-03,5,US
1,2021-05-04,5,US
1,2021-05-05,3,US
1,2021-05-06,3,US
1,2021-05-07,4,US
1,2021-05-08,3,US
1,2021-05-09,4,US
1,2021-05-10,5,US
1,2021-05-11,4,US
1,2021-05-12,3,US
1,2021-05-13,4,US
1,2021-05-14,3,US
1,2021-05-15,5,US
1,2021-05-16,3,US
1,2021-05-17,4,US
1,2021-05-18,5,US
1,2021-05-19,3,US
1,2021-05-20,5,US
1,2021-05-21,3,US
1,2021-05-22,4,US
1,2021-05-23,3,US
1,2021-05-24,4,US
1,2021-05-25,3,US
1,2021-05-26,4,US
1,2021-05-27,6,US
1,2021-05-28,4,US
1,2021-05-29,6,US
1,2021-05-30,6,US
1,2021-05-31,4,US
1,2021-06-01,3,US
1,2021-06-02,3,US
1,2021-06-03,5,US
1,2021-06-04,6,US
1,2021-06-05,4,US
1,2021-06-06,5,US
1,2021-06-07,6,US
1,2021-06-08,5,US
1,2021-06-09,6,US
1,2021-06-10,6,US
1,2021-06-11,3,US
1,2021-06-12,3,US
1,2021-06-13,3,US
1,2021-06-14,3,US
1,2021-06-15,5,US
1,2021-06-16,5,US
1,2021-06-17,3,US
1,2021-06-18,5,US
1,2021-06-19,6,US
1,2021-06-20,3,US
1,2021-06-21,5,US
1,2021-06-22,5,US
1,2021-06-23,3,US
1,2021-06-24,6,US
1,2021-06-25,6,US
1,2021-06-26,3,US
1,2021-06-27,3,US
1,2021-06-28,4,US
1,2021-06-29,5,US
1,2021-06-30,6,US
1,2021-07-01,4,US
1,2021-07-02,5,US
1,2021-07-03,3,US
1,2021-07-04,5,US
1,2021-07-05,5,US
1,2021-07-06,3,US
1,2021-07-07,6,US
1,2021-07-08,6,US
1,2021-07-09,5,US
1,2021-07-10,3,US
1,2021-07-11,6,US
1,2021-07-12,6,US
1,2021-07-13,4,US
1,2021-07-14,4,US
1,2021-07-15,4,US
1,2021-07-16,5,US
1,2021-07-17,4,US
1,2021-07-18,6,US
1,2021-07-19,6,US
1,2021-07-20,3,US
1,2021-07-21,6,US
1,2021-07-22,5,US
1,2021-07-23,6,US
1,2021-07-24,5,US
1,2021-07-25,4,US
1,2021-07-26,5,US
1,2021-07-27,6,US
1,2021-07-28,4,US
1,2021-07-29,6,US
1,2021-07-30,5,US
1,2021-07-31,4,US
1,2021-08-01,4,US
1,2021-08-02,5,US
1,2021-08-03,4,US
1,2021-08-04,6,US
1,2021-08-05,6,US
1,2021-08-06,3,US
1,2021-08-07,6,US
1,2021-08-08,3,US
1,2021-08-09,4,US
1,2021-08-10,5,US
1,2021-08-11,4,US
1,2021-08-12,3,US
1,2021-08-13,6,US
1,2021-08-14,3,US
1,2021-08-15,3,US
1,2021-08-16,6,US
1,2021-08-17,4,US
1,2021-08-18,6,US
1,2021-08-19,5,US
1,2021-08-20,4,US
1,2021-08-21,3,US
1,2021-08-22,6,US
1,2021-08-23,3,US
1,2021-08-24,5,US
1,2021-08-25,4,US
1,2021-08-26,6,US
1,2021-08-27,5,US
1,2021-08-28,5,US
1,2021-08-29,4,US
1,2021-08-30,6,US
1,2021-08-31,3,US
1,2021-09-01,3,US
1,2021-09-02,5,US
1,2021-09-03,4,US
1,2021-09-04,5,US
1,2021-09-05,4,US
1,2021-09-06,5,US
1,2021-09-07,4,US
1,2021-09-08,5,US
1,2021-09-09,4,US
1,2021-09-10,5,US
1,2021-09-11,4,US
1,2021-09-12,4,US
1,2021-09-13,3,US
1,2021-09-14,3,US
1,2021-09-15,3,US
1,2021-09-16,5,US
1,2021-09-17,6,US
1,2021-09-18,3,US
1,2021-09-19,3,US
1,2021-09-20,4,US
1,2021-09-21,5,US
1,2021-09-22,6,US
1,2021-09-23,5,US
1,2021-09-24,4,US
1,2021-09-25,3,US
1,2021-09-26,3,US
1,2021-09-27,3,US
1,2021-09-28,3,US
1,2021-09-29,3,US
1,2021-09-30,5,US
1,2021-10-01,4,US
1,2021-10-02,6,US
1,2021-10-03,5,US
1,2021-10-04,5,US
1,2021-10-05,3,US
1,2021-10-06,6,US
1,2021-10-07,4,US
1,2021-10-08,6,US
1,2021-10-09,5,US
1,2021-10-10,4,US
1,2021-10-11,4,US
1,2021-10-12,3,US
1,2021-10-13,3,US
1,2021-10-14,6,US
1,2021-10-15,4,US
1,2021-10-16,6,US
1,2021-10-17,4,US
1,2021-10-18,3,US
1,2021-10-19,5,US
1,2021-10-20,3,US
1,2021-10-21,3,US
1,2021-10-22,5,US
1,2021-10-23,4,US
1,2021-10-24,6,US
1,2021-10-25,3,US
1,2021-10-26,6,US
1,2021-10-27,5,US
1,2021-10-28,6,US
1,2021-10-29,3,US
1,2021-10-30,5,US
1,2021-10-31,4,US
1,2021-11-01,4,US
1,2021-11-02,6,US
1,2021-11-03,6,US
1,2021-11-04,4,US
1,2021-11-05,5,US
1,2021-11-06,5,US
1,2021-11-07,5,US
1,2021-11-08,6,US
1,2021-11-09,3,US
1,2021-11-10,3,US
1,2021-11-11,5,US
1,2021-11-12,3,US
1,2021-11-13,3,US
1,2021-11-14,3,US
1,2021-11-15,3,US
1,2021-11-16,4,US
1,2021-11-17,5,US
1,2021-11-18,4,US
1,2021-11-19,3,US
1,2021-11-20,5,US
1,2021-11-21,5,US
1,2021-11-22,4,US
1,2021-11-23,5,US
1,2021-11-24,6,US
1,2021-11-25,6,US
1,2021-11-26,5,US
1,2021-11-27,5,US
1,2021-11-28,6,US
1,2021-11-29,4,US
1,2021-11-30,5,US
1,2021-12-01,5,US
1,2021-12-02,6,US
1,2021-12-03,6,US
1,2021-12-04,3,US
1,2021-12-05,3,US
1,2021-12-06,4,US
1,2021-12-07,5,US
1,2021-12-08,5,US
1,2021-12-09,4,US
1,2021-12-10,3,US
1,2021-12-11,5,US
1,2021-12-12,5,US
1,2021-12-13,6,US
1,2021-12-14,5,US
1,2021-12-15,4,US
1,2021-12-16,3,US
1,2021-12-17,3,US
1,2021-12-18,4,US
1,2021-12-19,4,US
1,2021-12-20,4,US
1,2021-12-21,3,US
1,2021-12-22,6,US
1,2021-12-23,6,US
1,2021-12-24,5,US
1,2021-12-25,6,US
1,2021-12-26,6,US
1,2021-12-27,5,US
1,2021-12-28,4,US
1,2021-12-29,3,US
1,2021-12-30,6,US
1,2021-12-31,4,US
1,2022-01-01,5,US
1,2022-01-02,6,US
1,2022-01-03,3,US
1,2022-01-04,5,US
1,2022-01-05,5,US
1,2022-01-06,4,US
1,2022-01-07,3,US
1,2022-01-08,4,US
1,2022-01-09,4,US
1,2022-01-10,5,US
1,2022-01-11,6,US
1,2022-01-12,4,US
1,2022-01-13,5,US
1,2022-01-14,4,US
1,2022-01-15,6,US
1,2022-01-16,6,US
1,2022-01-17,5,US
1,2022-01-18,4,US
1,2022-01-19,4,US
1,2022-01-20,4,US
1,2022-01-21,6,US
1,2022-01-22,4,US
1,2022-01-23,5,US
1,2022-01-24,6,US
1,2022-01-25,5,US
1,2022-01-26,5,US
1,2022-01-27,4,US
1,2022-01-28,3,US
1,2022-01-29,4,US
1,2022-01-30,6,US
1,2022-01-31,5,US
1,2022-02-01,6,US
1,2022-02-02,3,US
1,2022-02-03,5,US
1,2022-02-04,6,US
1,2022-02-05,4,US
1,2022-02-06,5,US
1,2022-02-07,3,US
1,2022-02-08,6,US
1,2022-02-09,5,US
1,2022-02-10,3,US
1,2022-02-11,3,US
1,2022-02-12,5,US
1,2022-02-13,5,US
1,2022-02-14,3,US
1,2022-02-15,6,US
1,2022-02-16,6,US
1,2022-02-17,4,US
1,2022-02-18,3,US
1,2022-02-19,6,US
1,2022-02-20,4,US
1,2022-02-21,5,US
1,2022-02-22,5,US
1,2022-02-23,4,US
1,2022-02-24,6,US
1,2022-02-25,6,US
1,2022-02-26,3,US
1,2022-02-27,5,US
1,2022-02-28,4,US
1,2022-03-01,6,US
1,2022-03-02,5,US
1,2022-03-03,6,US
1,2022-03-04,6,US
1,2022-03-05,4,US
1,2022-03-06,6,US
1,2022-03-07,4,US
1,2022-03-08,6,US
1,2022-03-09,5,US
1,2022-03-10,6,US
1,2022-03-11,4,US
1,2022-03-12,4,US
1,2022-03-13,5,US
1,2022-03-14,6,US
1,2022-03-15,4,US
1,2022-03-16,3,US
1,2022-03-17,5,US
1,2022-03-18,4,US
1,2022-03-19,5,US
1,2022-03-20,5,US
1,2022-03-21,4,US
1,2022-03-22,4,US
1,2022-03-23,3,US
1,2022-03-24,5,US
1,2022-03-25,5,US
1,2022-03-26,3,US
1,2022-03-27,6,US
1,2022-03-28,3,US
1,2022-03-29,5,US
1,2022-03-30,5,US
1,2022-03-31,6,US
1,2022-04-01,4,US
1,2022-04-02,5,US
1,2022-04-03,6,US
1,2022-04-04,6,US
1,2022-04-05,4,US
1,2022-04-06,3,US
1,2022-04-07,5,US
1,2022-04-08,5,US
1,2022-04-09,6,US
1,2022-04-10,6,US
1,2022-04-11,4,US
1,2022-04-12,5,US
1,2022-04-13,4,US
1,2022-04-14,5,US
1,2022-04-15,4,US
1,2022-04-16,5,US
1,2022-04-17,3,US
1,2022-04-18,4,US
1,2022-04-19,6,US
1,2022-04-20,4,US
1,2022-04-21,5,US
1,2022-04-22,5,US
1,2022-04-23,6,US
1,2022-04-24,6,US
1,2022-04-25,6,US
1,2022-04-26,4,US
1,2022-04-27,4,US
1,2022-04-28,5,US
1,2022-04-29,6,US
1,2022-04-30,6,US
1,2022-05-01,3,US
1,2022-05-02,3,US
1,2022-05-03,5,US
1,2022-05-04,6,US
1,2022-05-05,6,US
1,2022-05-06,5,US
1,2022-05-07,4,US
1,2022-05-08,3,US
1,2022-05-09,5,US
1,2022-05-10,6,US
1,2022-05-11,4,US
1,2022-05-12,5,US
1,2022-05-13,6,US
1,2022-05-14,3,US
1,2022-05-15,6,US
1,2022-05-16,4,US
1,2022-05-17,4,US
1,2022-05-18,3,US
1,2022-05-19,5,US
1,2022-05-20,5,US
1,2022-05-21,6,US
1,2022-05-22,3,US
1,2022-05-23,3,US
1,2022-05-24,6,US
1,2022-05-25,5,US
1,2022-05-26,3,US
1,2022-05-27,6,US
1,2022-05-28,3,US
1,2022-05-29,4,US
1,2022-05-30,4,US
1,2022-05-31,4,US
1,2022-06-01,3,US
1,2022-06-02,6,US
1,2022-06-03,6,US
1,2022-06-04,5,US
1,2022-06-05,3,US
1,2022-06-06,4,US
1,2022-06-07,4,US
1,2022-06-08,5,US
1,2022-06-09,5,US
1,2022-06-10,4,US
1,2022-06-11,4,US
1,2022-06-12,6,US
1,2022-06-13,3,US
1,2022-06-14,4,US
1,2022-06-15,4,US
1,2022-06-16,3,US
1,2022-06-17,5,US
1,2022-06-18,5,US
1,2022-06-19,6,US
1,2022-06-20,4,US
1,2022-06-21,6,US
1,2022-06-22,5,US
1,2022-06-23,4,US
1,2022-06-24,5,US
1,2022-06-25,5,US
1,2022-06-26,5,US
1,2022-06-27,3,US
1,2022-06-28,5,US
1,2022-06-29,4,US
1,2022-06-30,6,US
1,2022-07-01,4,US
1,2022-07-02,6,US
1,2022-07-03,5,US
1,2022-07-04,4,US
1,2022-07-05,5,US
1,2022-07-06,5,US
1,2022-07-07,5,US
1,2022-07-08,5,US
1,2022-07-09,5,US
1,2022-07-10,6,US
1,2022-07-11,5,US
1,2022-07-12,6,US
1,2022-07-13,5,US
1,2022-07-14,4,US
1,2022-07-15,4,US
1,2022-07-16,5,US
1,2022-07-17,5,US
1,2022-07-18,3,US
1,2022-07-19,4,US
1,2022-07-20,5,US
1,2022-07-21,3,US
1,2022-07-22,3,US
1,2022-07-23,5,US
1,2022-07-24,6,US
1,2022-07-25,5,US
1,2022-07-26,6,US
1,2022-07-27,6,US
1,2022-07-28,4,US
1,2022-07-29,6,US
1,2022-07-30,4,US
1,2022-07-31,6,US
1,2022-08-01,5,US
1,2022-08-02,4,US
1,2022-08-03,3,US
1,2022-08-04,6,US
1,2022-08-05,3,US
1,2022-08-06,6,US
1,2022-08-07,6,US
1,2022-08-08,5,US
1,2022-08-09,6,US
1,2022-08-10,6,US
1,2022-08-11,6,US
1,2022-08-12,4,US
1,2022-08-13,6,US
1,2022-08-14,3,US
1,2022-08-15,5,US
1,2022-08-16,4,US
1,2022-08-17,5,US
1,2022-08-18,5,US
1,2022-08-19,5,US
1,2022-08-20,6,US
1,2022-08-21,6,US
1,2022-08-22,3,US
1,2022-08-23,3,US
1,2022-08-24,3,US
1,2022-08-25,6,US
1,2022-08-26,5,US
1,2022-08-27,6,US
1,2022-08-28,3,US
1,2022-08-29,3,US
1,2022-08-30,6,US
1,2022-08-31,6,US
1,2022-09-01,4,US
1,2022-09-02,4,US
1,2022-09-03,3,US
1,2022-09-04,6,US
1,2022-09-05,4,US
1,2022-09-06,4,US
1,2022-09-07,3,US
1,2022-09-08,6,US
1,2022-09-09,3,US
1,2022-09-10,4,US
1,2022-09-11,5,US
1,2022-09-12,5,US
1,2022-09-13,6,US
1,2022-09-14,4,US
1,2022-09-15,5,US
1,2022-09-16,1,US
1,2022-09-17,4,US
1,2022-09-18,1,US
1,2022-09-19,4,US
1,2022-09-20,4,US
1,2022-09-21,9,US
1,2022-09-22,0,US
1,2022-09-23,3,US
1,2022-09-24,4,US
1,2022-09-25,9,US
1,2022-09-26,8,US
1,2022-09-27,1,US
1,2022-09-28,7,US
1,2022-09-29,5,US
1,2022-09-30,10,US
1,2022-10-01,4,US
1,2022-10-02,4,US
1,2022-10-03,2,US
1,2022-10-04,2,US
1,2022-10-05,9,US
1,2022-10-06,5,US
1,2022-10-07,7,US
1,2022-10-08,7,US
1,2022-10-09,7,US
1,2022-10-10,1,US
1,2022-10-11,9,US
1,2022-10-12,4,US
1,2022-10-13,3,US
1,2022-10-14,7,US
1,2022-10-15,3,US
1,2022-10-16,10,US
1,2022-10-17,4,US
1,2022-10-18,5,US
1,2022-10-19,11,US
1,2022-10-20,6,US
1,2022-10-21,5,US
1,2022-10-22,12,US
1,2022-10-23,4,US
1,2022-10-24,12,US
1,2022-10-25,5,US
1,2022-10-26,5,US
1,2022-10-27,7,US
1,2022-10-28,6,US
1,2022-10-29,12,US
1,2022-10-30,5,US
1,2022-10-31,6,US
1,2022-11-01,14,US
1,2022-11-02,8,US
1,2022-11-03,9,US
1,2022-11-04,8,US
1,2022-11-05,7,US
1,2022-11-06,15,US
1,2022-11-07,13,US
1,2022-11-08,15,US
1,2022-11-09,13,US
1,2022-11-10,16,US
1,2022-11-11,14,US
1,2022-11-12,10,US
1,2022-11-13,14,US
1,2022-11-14,19,US
1,2022-11-15,10,US
1,2022-11-16,18,US
1,2022-11-17,19,US
1,2022-11-18,16,US
1,2022-11-19,16,US
1,2022-11-20,22,US
1,2022-11-21,13,US
1,2022-11-22,17,US
1,2022-11-23,17,US
1,2022-11-24,20,US
1,2022-11-25,19,US
1,2022-11-26,23,US
1,2022-11-27,15,US
1,2022-11-28,16,US
1,2022-11-29,22,US
1,2022-11-30,17,US
1,2022-12-01,19,US
1,2022-12-02,23,US
1,2022-12-03,23,US
1,2022-12-04,21,US
1,2022-12-05,28,US
1,2022-12-06,24,US
1,2022-12-07,24,US
1,2022-12-08,26,US
1,2022-12-09,21,US
1,2022-12-10,28,US
1,2022-12-11,30,US
1,2022-12-12,28,US
1,2022-12-13,30,US
1,2022-12-14,30,US
1,2022-12-15,25,US
1,2022-12-16,28,US
1,2022-12-17,27,US
1,2022-12-18,28,US
1,2022-12-19,30,US
1,2022-12-20,30,US
1,2022-12-21,27,US
1,2022-12-22,31,US
1,2022-12-23,34,US
1,2022-12-24,32,US
1,2022-12-25,30,US
1,2022-12-26,39,US
1,2022-12-27,31,US
1,2022-12-28,39,US
1,2022-12-29,32,US
1,2022-12-30,33,US
1,2022-12-31,40,US
1,2023-01-01,41,US
1,2023-01-02,39,US
1,2023-01-03,40,US
1,2023-01-04,41,US
1,2023-01-05,39,US
1,2023-01-06,38,US
1,2023-01-07,40,US
1,2023-01-08,44,US
1,2023-01-09,46,US
1,2023-01-10,48,US
1,2023-01-11,47,US
1,2023-01-12,50,US
1,2023-01-13,47,US
1,2023-01-14,45,US
1,2023-01-15,48,US
1,2023-01-16,45,US
1,2023-01-17,50,US
1,2023-01-18,47,US
1,2023-01-19,46,US
1,2023-01-20,55,US
1,2023-01-21,50,US
1,2023-01-22,55,US
1,2023-01-23,54,US
1,2023-01-24,57,US
1,2023-01-25,58,US
1,2023-01-26,60,US
1,2023-01-27,60,US
1,2023-01-28,58,US
1,2023-01-29,59,US
1,2023-01-30,54,US
1,2023-01-31,64,US
1,2023-02-01,64,US
1,2023-02-02,59,US
1,2023-02-03,59,US
1,2023-02-04,65,US
1,2023-02-05,62,US
1,2023-02-06,63,US
1,2023-02-07,60,US
1,2023-02-08,70,US
1,2023-02-09,68,US
1,2023-02-10,67,US
1,2023-02-11,65,US
1,2023-02-12,71,US
1,2023-02-13,66,US
1,2023-02-14,74,US
1,2023-02-15,69,US
1,2023-02-16,72,US
1,2023-02-17,72,US
1,2023-02-18,74,US
1,2023-02-19,78,US
1,2023-02-20,80,US
1,2023-02-21,78,US
1,2023-02-22,74,US
1,2023-02-23,75,US
1,2023-02-24,77,US
1,2023-02-25,83,US
1,2023-02-26,84,US
1,2023-02-27,81,US
1,2023-02-28,86,US
1,2023-03-01,85,US
1,2023-03-02,86,US
1,2023-03-03,85,US
1,2023-03-04,91,US
1,2023-03-05,85,US
1,2023-03-06,90,US
1,2023-03-07,89,US
1,2023-03-08,94,US
1,2023-03-09,93,US
1,2023-03-10,96,US
1,2023-03-11,91,US
1,2023-03-12,95,US
1,2023-03-13,98,US
1,2023-03-14,94,US
1,2023-03-15,100,US
1,2023-03-16,96,US
1,2023-03-17,93,US
1,2023-03-18,91,US
1,2023-03-19,91,US
1,2023-03-20,90,US
1,2023-03-21,85,US
1,2023-03-22,91,US
1,2023-03-23,84,US
1,2023-03-24,84,US
1,2023-03-25,86,US
1,2023-03-26,83,US
1,2023-03-27,85,US
1,2023-03-28,83,US
1,2023-03-29,74,US
1,2023-03-30,81,US
1,2023-03-31,72,US
1,2023-04-01,70,US
1,2023-04-02,78,US
1,2023-04-03,76,US
1,2023-04-04,72,US
1,2023-04-05,71,US
1,2023-04-06,71,US
1,2023-04-07,67,US
1,2023-04-08,63,US
1,2023-04-09,61,US
1,2023-04-10,63,US
1,2023-04-11,66,US
1,2023-04-12,63,US
1,2023-04-13,64,US
1,2023-04-14,64,US
1,2023-04-15,55,US
1,2023-04-16,62,US
1,2023-04-17,55,US
1,2023-04-18,57,US
1,2023-04-19,56,US
1,2023-04-20,53,US
1,2023-04-21,52,US
1,2023-04-22,51,US
1,2023-04-23,50,US
1,2023-04-24,48,US
1,2023-04-25,50,US
1,2023-04-26,45,US
1,2023-04-27,48,US
1,2023-04-28,52,US
1,2023-04-29,45,US
1,2023-04-30,48,US
1,2023-05-01,48,US
1,2023-05-02,48,US
1,2023-05-03,41,US
1,2023-05-04,39,US
1,2023-05-05,39,US
1,2023-05-06,43,US
1,2023-05-07,43,US
1,2023-05-08,42,US
1,2023-05-09,36,US
1,2023-05-10,42,US
1,2023-05-11,38,US
1,2023-05-12,40,US
1,2023-05-13,40,US
1,2023-05-14,36,US
1,2023-05-15,40,US
1,2023-05-16,36,US
1,2023-05-17,36,US
1,2023-05-18,35,US
1,2023-05-19,37,US
1,2023-05-20,34,US
1,2023-05-21,29,US
1,2023-05-22,27,US
1,2023-05-23,31,US
1,2023-05-24,29,US
1,2023-05-25,28,US
1,2023-05-26,25,US
1,2023-05-27,29,US
1,2023-05-28,27,US
1,2023-05-29,28,US
1,2023-05-30,23,US
1,2023-05-31,31,US
1,2023-06-01,23,US
1,2023-06-02,30,US
1,2023-06-03,29,US
1,2023-06-04,27,US
1,2023-06-05,25,US
1,2023-06-06,24,US
1,2023-06-07,25,US
1,2023-06-08,27,US
1,2023-06-09,27,US
1,2023-06-10,22,US
1,2023-06-11,26,US
1,2023-06-12,24,US
1,2023-06-13,58,US
1,2023-06-14,59,US
1,2023-06-15,57,US
1,2023-06-16,56,US
1,2023-06-17,55,US
1,2023-06-18,60,US
1,2023-06-19,56,US
1,2023-06-20,58,US
1,2023-06-21,56,US
1,2023-06-22,54,US
1,2023-06-23,54,US
1,2023-06-24,55,US
1,2023-06-25,54,US
1,2023-06-26,54,US
1,2023-06-27,52,US
1,2023-06-28,53,US
1,2023-06-29,52,US
1,2023-06-30,52,US
1,2023-07-01,51,US
1,2023-07-02,52,US
1,2023-07-03,53,US
1,2023-07-04,52,US
1,2023-07-05,48,US
1,2023-07-06,48,US
1,2023-07-07,51,US
1,2023-07-08,49,US
1,2023-07-09,51,US
1,2023-07-10,50,US
1,2023-07-11,51,US
1,2023-07-12,51,US
1,2023-07-13,47,US
1,2023-07-14,48,US
1,2023-07-15,45,US
1,2023-07-16,46,US
1,2023-07-17,50,US
1,2023-07-18,48,US
1,2023-07-19,46,US
1,2023-07-20,47,US
1,2023-07-21,48,US
1,2023-07-22,44,US
1,2023-07-23,44,US
1,2023-07-24,47,US
1,2023-07-25,46,US
1,2023-07-26,45,US
1,2023-07-27,46,US
1,2023-07-28,45,US
1,2023-07-29,45,US
1,2023-07-30,43,US
1,2023-07-31,44,US
1,2023-08-01,42,US
1,2023-08-02,42,US
1,2023-08-03,41,US
1,2023-08-04,40,US
1,2023-08-05,40,US
1,2023-08-06,44,US
1,2023-08-07,41,US
1,2023-08-08,39,US
1,2023-08-09,39,US
1,2023-08-10,38,US
1,2023-08-11,42,US
1,2023-08-12,38,US
1,2023-08-13,41,US
1,2023-08-14,42,US
1,2023-08-15,42,US
1,2023-08-16,36,US
1,2023-08-17,38,US
1,2023-08-18,40,US
1,2023-08-19,36,US
1,2023-08-20,38,US
1,2023-08-21,36,US
1,2023-08-22,40,US
1,2023-08-23,39,US
1,2023-08-24,39,US
1,2023-08-25,35,US
1,2023-08-26,37,US
1,2023-08-27,36,US
1,2023-08-28,38,US
1,2023-08-29,35,US
1,2023-08-30,36,US
1,2023-08-31,35,US
1,2023-09-01,37,US
1,2023-09-02,35,US
1,2023-09-03,36,US
1,2023-09-04,34,US
1,2023-09-05,37,US
1,2023-09-06,35,US
1,2023-09-07,37,US
1,2023-09-08,34,US
1,2023-09-09,37,US
1,2023-09-10,37,US
1,2023-09-11,14,US
1,2023-09-12,13,US
1,2023-09-13,14,US
1,2023-09-14,15,US
1,2023-09-15,17,US
1,2023-09-16,16,US
1,2023-09-17,16,US
1,2023-09-18,12,US
1,2023-09-19,13,US
1,2023-09-20,15,US
1,2023-09-21,17,US
1,2023-09-22,15,US
1,2023-09-23,12,US
1,2023-09-24,17,US
1,2023-09-25,17,US
1,2023-09-26,13,US
1,2023-09-27,16,US
1,2023-09-28,13,US
1,2023-09-29,17,US
1,2023-09-30,12,US
1,2023-10-01,14,US
1,2023-10-02,17,US
1,2023-10-03,13,US
1,2023-10-04,14,US
1,2023-10-05,14,US
1,2023-10-06,12,US
1,2023-10-07,12,US
1,2023-10-08,15,US
1,2023-10-09,13,US
1,2023-10-10,17,US
1,2023-10-11,14,US
1,2023-10-12,12,US
1,2023-10-13,17,US
1,2023-10-14,17,US
1,2023-10-15,15,US
1,2023-10-16,16,US
1,2023-10-17,12,US
1,2023-10-18,13,US
1,2023-10-19,16,US
1,2023-10-20,16,US
1,2023-10-21,12,US
1,2023-10-22,16,US
1,2023-10-23,14,US
1,2023-10-24,12,US
1,2023-10-25,12,US
1,2023-10-26,13,US
1,2023-10-27,17,US
1,2023-10-28,15,US
1,2023-10-29,16,US
1,2023-10-30,15,US
1,2023-10-31,12,US
1,2023-11-01,13,US
1,2023-11-02,13,US
1,2023-11-03,12,US
1,2023-11-04,14,US
1,2023-11-05,16,US
1,2023-11-06,14,US
1,2023-11-07,12,US
1,2023-11-08,17,US
1,2023-11-09,15,US
1,2023-11-10,12,US
1,2023-11-11,15,US
1,2023-11-12,13,US
1,2023-11-13,12,US
1,2023-11-14,14,US
1,2023-11-15,15,US
1,2023-11-16,13,US
1,2023-11-17,14,US
1,2023-11-18,15,US
1,2023-11-19,12,US
1,2023-11-20,17,US
1,2023-11-21,12,US
1,2023-11-22,15,US
1,2023-11-23,15,US
1,2023-11-24,17,US
1,2023-11-25,15,US
1,2023-11-26,14,US
1,2023-11-27,14,US
1,2023-11-28,15,US
1,2023-11-29,17,US
1,2023-11-30,13,US
1,2023-12-01,12,US
1,2023-12-02,16,US
1,2023-12-03,14,US
1,2023-12-04,16,US
1,2023-12-05,15,US
1,2023-12-06,16,US
1,2023-12-07,16,US
1,2023-12-08,13,US
1,2023-12-09,12,US
1,2023-12-10,15,US
1,2023-12-11,16,US
1,2023-12-12,13,US
1,2023-12-13,16,US
1,2023-12-14,14,US
1,2023-12-15,16,US
1,2023-12-16,15,US
1,2023-12-17,16,US
1,2023-12-18,12,US
1,2023-12-19,16,US
1,2023-12-20,14,US
1,2023-12-21,13,US
1,2023-12-22,12,US
1,2023-12-23,13,US
1,2023-12-24,12,US
1,2023-12-25,17,US
1,2023-12-26,15,US
1,2023-12-27,17,US
1,2023-12-28,15,US
1,2023-12-29,13,US
1,2023-12-30,16,US
1,2023-12-31,13,US
1,2024-01-01,14,US
1,2024-01-02,16,US
1,2024-01-03,17,US
1,2024-01-04,13,US
1,2024-01-05,12,US
1,2024-01-06,14,US
1,2024-01-07,17,US
1,2024-01-08,16,US
1,2024-01-09,17,US
1,2024-01-10,14,US
1,2024-01-11,17,US
1,2024-01-12,14,US
1,2024-01-13,14,US
1,2024-01-14,17,US
1,2024-01-15,15,US
1,2024-01-16,16,US
1,2024-01-17,16,US
1,2024-01-18,12,US
1,2024-01-19,15,US
1,2024-01-20,16,US
1,2024-01-21,15,US
1,2024-01-22,13,US
1,2024-01-23,12,US
1,2024-01-24,15,US
1,2024-01-25,13,US
1,2024-01-26,15,US
1,2024-01-27,14,US
1,2024-01-28,16,US
1,2024-01-29,14,US
1,2024-01-30,12,US
1,2024-01-31,17,US
1,2024-02-01,14,US
1,2024-02-02,17,US
1,2024-02-03,13,US
1,2024-02-04,17,US
1,2024-02-05,17,US
1,2024-02-06,12,US
1,2024-02-07,15,US
1,2024-02-08,14,US
1,2024-02-09,16,US
1,2024-02-10,16,US
1,2024-02-11,17,US
1,2024-02-12,12,US
1,2024-02-13,15,US
1,2024-02-14,16,US
1,2024-02-15,12,US
1,2024-02-16,12,US
1,2024-02-17,16,US
1,2024-02-18,14,US
1,2024-02-19,14,US
1,2024-02-20,15,US
1,2024-02-21,15,US
1,2024-02-22,16,US
1,2024-02-23,17,US
1,2024-02-24,14,US
1,2024-02-25,16,US
1,2024-02-26,15,US
1,2024-02-27,15,US
1,2024-02-28,14,US
1,2024-02-29,15,US
1,2024-03-01,13,US
1,2024-03-02,12,US
1,2024-03-03,16,US
1,2024-03-04,14,US
1,2024-03-05,14,US
1,2024-03-06,15,US
1,2024-03-07,13,US
1,2024-03-08,13,US
1,2024-03-09,14,US
1,2024-03-10,17,US
1,2024-03-11,13,US
1,2024-03-12,17,US
1,2024-03-13,14,US
1,2024-03-14,12,US
1,2024-03-15,17,US
1,2024-03-16,14,US
1,2024-03-17,17,US
1,2024-03-18,14,US
1,2024-03-19,12,US
1,2024-03-20,16,US
1,2024-03-21,17,US
1,2024-03-22,13,US
1,2024-03-23,14,US
1,2024-03-24,12,US
1,2024-03-25,15,US
1,2024-03-26,17,US
1,2024-03-27,17,US
1,2024-03-28,16,US
1,2024-03-29,17,US
1,2024-03-30,15,US
1,2024-03-31,16,US
1,2024-04-01,15,US
1,2024-04-02,12,US
1,2024-04-03,13,US
1,2024-04-04,12,US
1,2024-04-05,16,US
1,2024-04-06,12,US
1,2024-04-07,15,US
1,2024-04-08,14,US
1,2024-04-09,16,US
1,2024-04-10,15,US
1,2024-04-11,15,US
1,2024-04-12,12,US
1,2024-04-13,13,US
1,2024-04-14,17,US
1,2024-04-15,16,US
1,2024-04-16,15,US
1,2024-04-17,16,US
1,2024-04-18,16,US
1,2024-04-19,12,US
1,2024-04-20,17,US
1,2024-04-21,15,US
1,2024-04-22,14,US
1,2024-04-23,16,US
1,2024-04-24,14,US
1,2024-04-25,17,US
1,2024-04-26,16,US
1,2024-04-27,15,US
1,2024-04-28,13,US
1,2024-04-29,17,US
1,2024-04-30,14,US
1,2024-05-01,17,US
1,2024-05-02,12,US
1,2024-05-03,12,US
1,2024-05-04,12,US
1,2024-05-05,12,US
1,2024-05-06,13,US
1,2024-05-07,16,US
1,2024-05-08,14,US
1,2024-05-09,17,US
1,2024-05-10,17,US
1,2024-05-11,17,US
1,2024-05-12,13,US
1,2024-05-13,15,US
1,2024-05-14,15,US
1,2024-05-15,12,US
1,2024-05-16,13,US
1,2024-05-17,15,US
1,2024-05-18,15,US
1,2024-05-19,13,US
1,2024-05-20,17,US
1,2024-05-21,12,US
1,2024-05-22,15,US
1,2024-05-23,16,US
1,2024-05-24,15,US
1,2024-05-25,17,US
1,2024-05-26,15,US
1,2024-05-27,16,US
1,2024-05-28,12,US
1,2024-05-29,12,US
1,2024-05-30,15,US
1,2024-05-31,15,US
1,2024-06-01,15,US
1,2024-06-02,16,US
1,2024-06-03,14,US
1,2024-06-04,15,US
1,2024-06-05,14,US
1,2024-06-06,15,US
1,2024-06-07,13,US
1,2024-06-08,17,US
1,2024-06-09,14,US
1,2024-06-10,16,US
1,2024-06-11,16,US
1,2024-06-12,13,US
1,2024-06-13,12,US
1,2024-06-14,12,US
1,2024-06-15,14,US
1,2024-06-16,14,US
1,2024-06-17,13,US
1,2024-06-18,15,US
1,2024-06-19,13,US
1,2024-06-20,16,US
1,2024-06-21,16,US
1,2024-06-22,17,US
1,2024-06-23,17,US
1,2024-06-24,12,US
1,2024-06-25,14,US
1,2024-06-26,15,US
1,2024-06-27,13,US
1,2024-06-28,14,US
1,2024-06-29,13,US
1,2024-06-30,13,US
1,2024-07-01,12,US
1,2024-07-02,13,US
1,2024-07-03,14,US
1,2024-07-04,15,US
1,2024-07-05,13,US
1,2024-07-06,17,US
1,2024-07-07,12,US
1,2024-07-08,13,US
1,2024-07-09,15,US
1,2024-07-10,13,US
1,2024-07-11,16,US
1,2024-07-12,14,US
1,2024-07-13,15,US
1,2024-07-14,14,US
1,2024-07-15,13,US
1,2024-07-16,12,US
1,2024-07-17,17,US
1,2024-07-18,15,US
1,2024-07-19,17,US
1,2024-07-20,13,US
1,2024-07-21,14,US
1,2024-07-22,12,US
1,2024-07-23,14,US
1,2024-07-24,17,US
1,2024-07-25,15,US
1,2024-07-26,14,US
1,2024-07-27,15,US
1,2024-07-28,17,US
1,2024-07-29,14,US
1,2024-07-30,17,US
1,2024-07-31,16,US
1,2024-08-01,16,US
1,2024-08-02,14,US
1,2024-08-03,14,US
1,2024-08-04,15,US
1,2024-08-05,13,US
1,2024-08-06,15,US
1,2024-08-07,12,US
1,2024-08-08,15,US
1,2024-08-09,16,US
1,2024-08-10,13,US
1,2024-08-11,17,US
1,2024-08-12,16,US
1,2024-08-13,12,US
1,2024-08-14,17,US
1,2024-08-15,14,US
1,2024-08-16,16,US
1,2024-08-17,14,US
1,2024-08-18,17,US
1,2024-08-19,16,US
1,2024-08-20,13,US
1,2024-08-21,15,US
1,2024-08-22,15,US
1,2024-08-23,12,US
1,2024-08-24,12,US
1,2024-08-25,13,US
1,2024-08-26,14,US
1,2024-08-27,14,US
1,2024-08-28,15,US
1,2024-08-29,15,US
1,2024-08-30,13,US
1,2024-08-31,15,US
1,2024-09-01,12,US
1,2024-09-02,17,US
1,2024-09-03,16,US
1,2024-09-04,13,US
1,2024-09-05,14,US
1,2024-09-06,16,US
1,2024-09-07,15,US
1,2024-09-08,16,US
1,2024-09-09,13,US
1,2024-09-10,16,US
1,2024-09-11,14,US
1,2024-09-12,16,US
1,2024-09-13,17,US
1,2024-09-14,15,US
1,2024-09-15,16,US
1,2024-09-16,16,US
1,2024-09-17,16,US
1,2024-09-18,12,US
1,2024-09-19,14,US
1,2024-09-20,17,US
1,2024-09-21,16,US
1,2024-09-22,16,US
1,2024-09-23,15,US
1,2024-09-24,16,US
1,2024-09-25,15,US
1,2024-09-26,13,US
1,2024-09-27,15,US
1,2024-09-28,15,US
1,2024-09-29,17,US
1,2024-09-30,12,US
1,2024-10-01,16,US
1,2024-10-02,12,US
1,2024-10-03,17,US
1,2024-10-04,12,US
1,2024-10-05,12,US
1,2024-10-06,13,US
1,2024-10-07,12,US
1,2024-10-08,16,US
1,2024-10-09,14,US
1,2024-10-10,16,US
1,2024-10-11,17,US
1,2024-10-12,17,US
1,2024-10-13,16,US
1,2024-10-14,12,US
1,2024-10-15,12,US
1,2024-10-16,13,US
1,2024-10-17,13,US
1,2024-10-18,15,US
1,2024-10-19,15,US
1,2024-10-20,13,US
1,2024-10-21,13,US
1,2024-10-22,17,US
1,2024-10-23,14,US
1,2024-10-24,14,US
1,2024-10-25,16,US
1,2024-10-26,16,US
1,2024-10-27,15,US
1,2024-10-28,16,US
1,2024-10-29,15,US
1,2024-10-30,13,US
1,2024-10-31,13,US
1,2024-11-01,15,US
1,2024-11-02,13,US
1,2024-11-03,17,US
1,2024-11-04,13,US
1,2024-11-05,13,US
1,2024-11-06,13,US
1,2024-11-07,16,US
1,2024-11-08,13,US
1,2024-11-09,14,US
1,2024-11-10,17,US
1,2024-11-11,16,US
1,2024-11-12,13,US
1,2024-11-13,12,US
1,2024-11-14,16,US
1,2024-11-15,14,US
1,2024-11-16,17,US
1,2024-11-17,16,US
1,2024-11-18,17,US
1,2024-11-19,16,US
1,2024-11-20,13,US
1,2024-11-21,13,US
1,2024-11-22,16,US
1,2024-11-23,14,US
1,2024-11-24,14,US
1,2024-11-25,13,US
1,2024-11-26,14,US
1,2024-11-27,13,US
1,2024-11-28,15,US
1,2024-11-29,17,US
1,2024-11-30,16,US
1,2024-12-01,12,US
1,2024-12-02,15,US
1,2024-12-03,15,US
1,2024-12-04,13,US
1,2024-12-05,16,US
1,2024-12-06,15,US
1,2024-12-07,15,US
1,2024-12-08,12,US
1,2024-12-09,14,US
1,2024-12-10,16,US
1,2024-12-11,12,US
1,2024-12-12,16,US
1,2024-12-13,12,US
1,2024-12-14,15,US
1,2024-12-15,17,US
1,2024-12-16,14,US
1,2024-12-17,17,US
1,2024-12-18,17,US
1,2024-12-19,14,US
1,2024-12-20,13,US
1,2024-12-21,17,US
1,2024-12-22,13,US
1,2024-12-23,15,US
1,2024-12-24,17,US
1,2024-12-25,12,US
1,2024-12-26,15,US
1,2024-12-27,15,US
1,2024-12-28,16,US
1,2024-12-29,17,US
1,2024-12-30,17,US
1,2024-12-31,13,US
2,2020-01-01,6,US
2,2020-01-02,3,US
2,2020-01-03,6,US
2,2020-01-04,6,US
2,2020-01-05,4,US
2,2020-01-06,4,US
2,2020-01-07,6,US
2,2020-01-08,6,US
2,2020-01-09,6,US
2,2020-01-10,6,US
2,2020-01-11,3,US
2,2020-01-12,5,US
2,2020-01-13,3,US
2,2020-01-14,6,US
2,2020-01-15,4,US
2,2020-01-16,6,US
2,2020-01-17,5,US
2,2020-01-18,4,US
2,2020-01-19,6,US
2,2020-01-20,6,US
2,2020-01-21,4,US
2,2020-01-22,3,US
2,2020-01-23,3,US
2,2020-01-24,3,US
2,2020-01-25,4,US
2,2020-01-26,4,US
2,2020-01-27,3,US
2,2020-01-28,5,US
2,2020-01-29,6,US
2,2020-01-30,5,US
2,2020-01-31,6,US
2,2020-02-01,3,US
2,2020-02-02,6,US
2,2020-02-03,6,US
2,2020-02-04,6,US
2,2020-02-05,5,US
2,2020-02-06,3,US
2,2020-02-07,5,US
2,2020-02-08,3,US
2,2020-02-09,3,US
2,2020-02-10,4,US
2,2020-02-11,3,US
2,2020-02-12,4,US
2,2020-02-13,3,US
2,2020-02-14,6,US
2,2020-02-15,6,US
2,2020-02-16,4,US
2,2020-02-17,5,US
2,2020-02-18,3,US
2,2020-02-19,5,US
2,2020-02-20,5,US
2,2020-02-21,3,US
2,2020-02-22,3,US
2,2020-02-23,4,US
2,2020-02-24,4,US
2,2020-02-25,5,US
2,2020-02-26,6,US
2,2020-02-27,5,US
2,2020-02-28,4,US
2,2020-02-29,3,US
2,2020-03-01,6,US
2,2020-03-02,4,US
2,2020-03-03,5,US
2,2020-03-04,3,US
2,2020-03-05,3,US
2,2020-03-06,3,US
2,2020-03-07,5,US
2,2020-03-08,5,US
2,2020-03-09,4,US
2,2020-03-10,5,US
2,2020-03-11,4,US
2,2020-03-12,5,US
2,2020-03-13,5,US
2,2020-03-14,3,US
2,2020-03-15,3,US
2,2020-03-16,6,US
2,2020-03-17,6,US
2,2020-03-18,3,US
2,2020-03-19,4,US
2,2020-03-20,5,US
2,2020-03-21,3,US
2,2020-03-22,5,US
2,2020-03-23,3,US
2,2020-03-24,5,US
2,2020-03-25,5,US
2,2020-03-26,5,US
2,2020-03-27,3,US
2,2020-03-28,4,US
2,2020-03-29,5,US
2,2020-03-30,3,US
2,2020-03-31,3,US
2,2020-04-01,5,US
2,2020-04-02,3,US
2,2020-04-03,5,US
2,2020-04-04,6,US
2,2020-04-05,4,US
2,2020-04-06,5,US
2,2020-04-07,4,US
2,2020-04-08,3,US
2,2020-04-09,4,US
2,2020-04-10,6,US
2,2020-04-11,5,US
2,2020-04-12,4,US
2,2020-04-13,6,US
2,2020-04-14,5,US
2,2020-04-15,5,US
2,2020-04-16,3,US
2,2020-04-17,4,US
2,2020-04-18,3,US
2,2020-04-19,6,US
2,2020-04-20,6,US
2,2020-04-21,3,US
2,2020-04-22,6,US
2,2020-04-23,3,US
2,2020-04-24,4,US
2,2020-04-25,6,US
2,2020-04-26,6,US
2,2020-04-27,6,US
2,2020-04-28,5,US
2,2020-04-29,4,US
2,2020-04-30,6,US
2,2020-05-01,4,US
2,2020-05-02,6,US
2,2020-05-03,6,US
2,2020-05-04,4,US
2,2020-05-05,5,US
2,2020-05-06,5,US
2,2020-05-07,5,US
2,2020-05-08,5,US
2,2020-05-09,4,US
2,2020-05-10,3,US
2,2020-05-11,5,US
2,2020-05-12,5,US
2,2020-05-13,5,US
2,2020-05-14,3,US
2,2020-05-15,3,US
2,2020-05-16,3,US
2,2020-05-17,4,US
2,2020-05-18,5,US
2,2020-05-19,5,US
2,2020-05-20,5,US
2,2020-05-21,6,US
2,2020-05-22,3,US
2,2020-05-23,4,US
2,2020-05-24,4,US
2,2020-05-25,6,US
2,2020-05-26,5,US
2,2020-05-27,3,US
2,2020-05-28,6,US
2,2020-05-29,4,US
2,2020-05-30,6,US
2,2020-05-31,6,US
2,2020-06-01,3,US
2,2020-06-02,3,US
2,2020-06-03,3,US
2,2020-06-04,3,US
2,2020-06-05,5,US
2,2020-06-06,5,US
2,2020-06-07,3,US
2,2020-06-08,5,US
2,2020-06-09,4,US
2,2020-06-10,3,US
2,2020-06-11,3,US
2,2020-06-12,6,US
2,2020-06-13,3,US
2,2020-06-14,5,US
2,2020-06-15,4,US
2,2020-06-16,6,US
2,2020-06-17,5,US
2,2020-06-18,4,US
2,2020-06-19,5,US
2,2020-06-20,5,US
2,2020-06-21,4,US
2,2020-06-22,4,US
2,2020-06-23,3,US
2,2020-06-24,5,US
2,2020-06-25,3,US
2,2020-06-26,4,US
2,2020-06-27,3,US
2,2020-06-28,6,US
2,2020-06-29,6,US
2,2020-06-30,6,US
2,2020-07-01,5,US
2,2020-07-02,4,US
2,2020-07-03,4,US
2,2020-07-04,6,US
2,2020-07-05,6,US
2,2020-07-06,5,US
2,2020-07-07,6,US
2,2020-07-08,4,US
2,2020-07-09,4,US
2,2020-07-10,3,US
2,2020-07-11,4,US
2,2020-07-12,6,US
2,2020-07-13,4,US
2,2020-07-14,6,US
2,2020-07-15,4,US
2,2020-07-16,5,US
2,2020-07-17,6,US
2,2020-07-18,6,US
2,2020-07-19,5,US
2,2020-07-20,6,US
2,2020-07-21,5,US
2,2020-07-22,3,US
2,2020-07-23,3,US
2,2020-07-24,3,US
2,2020-07-25,5,US
2,2020-07-26,6,US
2,2020-07-27,6,US
2,2020-07-28,3,US
2,2020-07-29,5,US
2,2020-07-30,3,US
2,2020-07-31,4,US
2,2020-08-01,5,US
2,2020-08-02,5,US
2,2020-08-03,6,US
2,2020-08-04,3,US
2,2020-08-05,6,US
2,2020-08-06,5,US
2,2020-08-07,5,US
2,2020-08-08,4,US
2,2020-08-09,6,US
2,2020-08-10,4,US
2,2020-08-11,6,US
2,2020-08-12,3,US
2,2020-08-13,6,US
2,2020-08-14,6,US
2,2020-08-15,3,US
2,2020-08-16,6,US
2,2020-08-17,4,US
2,2020-08-18,3,US
2,2020-08-19,5,US
2,2020-08-20,3,US
2,2020-08-21,6,US
2,2020-08-22,5,US
2,2020-08-23,6,US
2,2020-08-24,4,US
2,2020-08-25,5,US
2,2020-08-26,4,US
2,2020-08-27,4,US
2,2020-08-28,5,US
2,2020-08-29,4,US
2,2020-08-30,3,US
2,2020-08-31,6,US
2,2020-09-01,4,US
2,2020-09-02,6,US
2,2020-09-03,6,US
2,2020-09-04,4,US
2,2020-09-05,4,US
2,2020-09-06,5,US
2,2020-09-07,3,US
2,2020-09-08,3,US
2,2020-09-09,4,US
2,2020-09-10,6,US
2,2020-09-11,5,US
2,2020-09-12,4,US
2,2020-09-13,3,US
2,2020-09-14,4,US
2,2020-09-15,4,US
2,2020-09-16,6,US
2,2020-09-17,4,US
2,2020-09-18,5,US
2,2020-09-19,5,US
2,2020-09-20,4,US
2,2020-09-21,6,US
2,2020-09-22,6,US
2,2020-09-23,5,US
2,2020-09-24,4,US
2,2020-09-25,3,US
2,2020-09-26,6,US
2,2020-09-27,3,US
2,2020-09-28,5,US
2,2020-09-29,4,US
2,2020-09-30,6,US
2,2020-10-01,5,US
2,2020-10-02,5,US
2,2020-10-03,3,US
2,2020-10-04,3,US
2,2020-10-05,6,US
2,2020-10-06,6,US
2,2020-10-07,5,US
2,2020-10-08,6,US
2,2020-10-09,4,US
2,2020-10-10,6,US
2,2020-10-11,3,US
2,2020-10-12,5,US
2,2020-10-13,3,US
2,2020-10-14,5,US
2,2020-10-15,4,US
2,2020-10-16,5,US
2,2020-10-17,5,US
2,2020-10-18,5,US
2,2020-10-19,4,US
2,2020-10-20,4,US
2,2020-10-21,3,US
2,2020-10-22,5,US
2,2020-10-23,3,US
2,2020-10-24,5,US
2,2020-10-25,4,US
2,2020-10-26,6,US
2,2020-10-27,3,US
2,2020-10-28,6,US
2,2020-10-29,5,US
2,2020-10-30,6,US
2,2020-10-31,6,US
2,2020-11-01,3,US
2,2020-11-02,3,US
2,2020-11-03,3,US
2,2020-11-04,3,US
2,2020-11-05,5,US
2,2020-11-06,6,US
2,2020-11-07,4,US
2,2020-11-08,4,US
2,2020-11-09,4,US
2,2020-11-10,4,US
2,2020-11-11,5,US
2,2020-11-12,6,US
2,2020-11-13,3,US
2,2020-11-14,5,US
2,2020-11-15,6,US
2,2020-11-16,5,US
2,2020-11-17,6,US
2,2020-11-18,6,US
2,2020-11-19,3,US
2,2020-11-20,4,US
2,2020-11-21,5,US
2,2020-11-22,3,US
2,2020-11-23,3,US
2,2020-11-24,3,US
2,2020-11-25,4,US
2,2020-11-26,4,US
2,2020-11-27,6,US
2,2020-11-28,5,US
2,2020-11-29,6,US
2,2020-11-30,3,US
2,2020-12-01,5,US
2,2020-12-02,3,US
2,2020-12-03,3,US
2,2020-12-04,6,US
2,2020-12-05,6,US
2,2020-12-06,4,US
2,2020-12-07,3,US
2,2020-12-08,3,US
2,2020-12-09,6,US
2,2020-12-10,6,US
2,2020-12-11,5,US
2,2020-12-12,3,US
2,2020-12-13,6,US
2,2020-12-14,4,US
2,2020-12-15,6,US
2,2020-12-16,5,US
2,2020-12-17,6,US
2,2020-12-18,5,US
2,2020-12-19,4,US
2,2020-12-20,3,US
2,2020-12-21,3,US
2,2020-12-22,3,US
2,2020-12-23,6,US
2,2020-12-24,4,US
2,2020-12-25,6,US
2,2020-12-26,4,US
2,2020-12-27,6,US
2,2020-12-28,3,US
2,2020-12-29,6,US
2,2020-12-30,5,US
2,2020-12-31,5,US
2,2021-01-01,6,US
2,2021-01-02,3,US
2,2021-01-03,4,US
2,2021-01-04,6,US
2,2021-01-05,4,US
2,2021-01-06,6,US
2,2021-01-07,6,US
2,2021-01-08,4,US
2,2021-01-09,6,US
2,2021-01-10,3,US
2,2021-01-11,4,US
2,2021-01-12,6,US
2,2021-01-13,4,US
2,2021-01-14,4,US
2,2021-01-15,6,US
2,2021-01-16,4,US
2,2021-01-17,5,US
2,2021-01-18,5,US
2,2021-01-19,3,US
2,2021-01-20,5,US
2,2021-01-21,6,US
2,2021-01-22,5,US
2,2021-01-23,3,US
2,2021-01-24,3,US
2,2021-01-25,5,US
2,2021-01-26,5,US
2,2021-01-27,5,US
2,2021-01-28,4,US
2,2021-01-29,3,US
2,2021-01-30,3,US
2,2021-01-31,4,US
2,2021-02-01,4,US
2,2021-02-02,4,US
2,2021-02-03,3,US
2,2021-02-04,3,US
2,2021-02-05,4,US
2,2021-02-06,5,US
2,2021-02-07,4,US
2,2021-02-08,3,US
2,2021-02-09,4,US
2,2021-02-10,3,US
2,2021-02-11,5,US
2,2021-02-12,4,US
2,2021-02-13,4,US
2,2021-02-14,4,US
2,2021-02-15,4,US
2,2021-02-16,3,US
2,2021-02-17,6,US
2,2021-02-18,6,US
2,2021-02-19,6,US
2,2021-02-20,5,US
2,2021-02-21,3,US
2,2021-02-22,4,US
2,2021-02-23,3,US
2,2021-02-24,4,US
2,2021-02-25,4,US
2,2021-02-26,3,US
2,2021-02-27,4,US
2,2021-02-28,4,US
2,2021-03-01,4,US
2,2021-03-02,3,US
2,2021-03-03,4,US
2,2021-03-04,3,US
2,2021-03-05,5,US
2,2021-03-06,5,US
2,2021-03-07,3,US
2,2021-03-08,3,US
2,2021-03-09,4,US
2,2021-03-10,6,US
2,2021-03-11,4,US
2,2021-03-12,5,US
2,2021-03-13,6,US
2,2021-03-14,4,US
2,2021-03-15,4,US
2,2021-03-16,6,US
2,2021-03-17,6,US
2,2021-03-18,6,US
2,2021-03-19,3,US
2,2021-03-20,4,US
2,2021-03-21,6,US
2,2021-03-22,3,US
2,2021-03-23,4,US
2,2021-03-24,6,US
2,2021-03-25,6,US
2,2021-03-26,4,US
2,2021-03-27,5,US
2,2021-03-28,4,US
2,2021-03-29,5,US
2,2021-03-30,3,US
2,2021-03-31,4,US
2,2021-04-01,6,US
2,2021-04-02,4,US
2,2021-04-03,3,US
2,2021-04-04,5,US
2,2021-04-05,5,US
2,2021-04-06,5,US
2,2021-04-07,5,US
2,2021-04-08,5,US
2,2021-04-09,6,US
2,2021-04-10,4,US
2,2021-04-11,5,US
2,2021-04-12,4,US
2,2021-04-13,4,US
2,2021-04-14,5,US
2,2021-04-15,6,US
2,2021-04-16,6,US
2,2021-04-17,4,US
2,2021-04-18,4,US
2,2021-04-19,5,US
2,2021-04-20,3,US
2,2021-04-21,5,US
2,2021-04-22,5,US
2,2021-04-23,6,US
2,2021-04-24,3,US
2,2021-04-25,6,US
2,2021-04-26,4,US
2,2021-04-27,4,US
2,2021-04-28,5,US
2,2021-04-29,6,US
2,2021-04-30,5,US
2,2021-05-01,5,US
2,2021-05-02,6,US
2,2021-05-03,4,US
2,2021-05-04,6,US
2,2021-05-05,5,US
2,2021-05-06,5,US
2,2021-05-07,3,US
2,2021-05-08,6,US
2,2021-05-09,5,US
2,2021-05-10,4,US
2,2021-05-11,5,US
2,2021-05-12,3,US
2,2021-05-13,6,US
2,2021-05-14,5,US
2,2021-05-15,4,US
2,2021-05-16,6,US
2,2021-05-17,6,US
2,2021-05-18,4,US
2,2021-05-19,3,US
2,2021-05-20,4,US
2,2021-05-21,5,US
2,2021-05-22,5,US
2,2021-05-23,5,US
2,2021-05-24,5,US
2,2021-05-25,4,US
2,2021-05-26,4,US
2,2021-05-27,6,US
2,2021-05-28,5,US
2,2021-05-29,5,US
2,2021-05-30,4,US
2,2021-05-31,3,US
2,2021-06-01,3,US
2,2021-06-02,4,US
2,2021-06-03,6,US
2,2021-06-04,3,US
2,2021-06-05,6,US
2,2021-06-06,3,US
2,2021-06-07,4,US
2,2021-06-08,4,US
2,2021-06-09,3,US
2,2021-06-10,4,US
2,2021-06-11,4,US
2,2021-06-12,4,US
2,2021-06-13,5,US
2,2021-06-14,4,US
2,2021-06-15,4,US
2,2021-06-16,6,US
2,2021-06-17,3,US
2,2021-06-18,6,US
2,2021-06-19,5,US
2,2021-06-20,5,US
2,2021-06-21,3,US
2,2021-06-22,6,US
2,2021-06-23,3,US
2,2021-06-24,3,US
2,2021-06-25,3,US
2,2021-06-26,5,US
2,2021-06-27,6,US
2,2021-06-28,3,US
2,2021-06-29,4,US
2,2021-06-30,3,US
2,2021-07-01,5,US
2,2021-07-02,4,US
2,2021-07-03,3,US
2,2021-07-04,5,US
2,2021-07-05,3,US
2,2021-07-06,5,US
2,2021-07-07,4,US
2,2021-07-08,5,US
2,2021-07-09,3,US
2,2021-07-10,6,US
2,2021-07-11,6,US
2,2021-07-12,3,US
2,2021-07-13,3,US
2,2021-07-14,6,US
2,2021-07-15,3,US
2,2021-07-16,4,US
2,2021-07-17,4,US
2,2021-07-18,4,US
2,2021-07-19,6,US
2,2021-07-20,5,US
2,2021-07-21,5,US
2,2021-07-22,5,US
2,2021-07-23,5,US
2,2021-07-24,5,US
2,2021-07-25,4,US
2,2021-07-26,6,US
2,2021-07-27,5,US
2,2021-07-28,6,US
2,2021-07-29,5,US
2,2021-07-30,4,US
2,2021-07-31,5,US
2,2021-08-01,3,US
2,2021-08-02,3,US
2,2021-08-03,3,US
2,2021-08-04,4,US
2,2021-08-05,3,US
2,2021-08-06,5,US
2,2021-08-07,5,US
2,2021-08-08,4,US
2,2021-08-09,3,US
2,2021-08-10,4,US
2,2021-08-11,3,US
2,2021-08-12,5,US
2,2021-08-13,5,US
2,2021-08-14,5,US
2,2021-08-15,6,US
2,2021-08-16,5,US
2,2021-08-17,4,US
2,2021-08-18,3,US
2,2021-08-19,4,US
2,2021-08-20,4,US
2,2021-08-21,3,US
2,2021-08-22,4,US
2,2021-08-23,3,US
2,2021-08-24,3,US
2,2021-08-25,6,US
2,2021-08-26,6,US
2,2021-08-27,5,US
2,2021-08-28,4,US
2,2021-08-29,5,US
2,2021-08-30,4,US
2,2021-08-31,6,US
2,2021-09-01,4,US
2,2021-09-02,3,US
2,2021-09-03,3,US
2,2021-09-04,6,US
2,2021-09-05,4,US
2,2021-09-06,4,US
2,2021-09-07,5,US
2,2021-09-08,3,US
2,2021-09-09,4,US
2,2021-09-10,5,US
2,2021-09-11,6,US
2,2021-09-12,5,US
2,2021-09-13,3,US
2,2021-09-14,3,US
2,2021-09-15,6,US
2,2021-09-16,6,US
2,2021-09-17,4,US
2,2021-09-18,6,US
2,2021-09-19,3,US
2,2021-09-20,5,US
2,2021-09-21,5,US
2,2021-09-22,6,US
2,2021-09-23,3,US
2,2021-09-24,6,US
2,2021-09-25,6,US
2,2021-09-26,4,US
2,2021-09-27,6,US
2,2021-09-28,4,US
2,2021-09-29,4,US
2,2021-09-30,6,US
2,2021-10-01,4,US
2,2021-10-02,6,US
2,2021-10-03,6,US
2,2021-10-04,3,US
2,2021-10-05,6,US
2,2021-10-06,5,US
2,2021-10-07,4,US
2,2021-10-08,5,US
2,2021-10-09,5,US
2,2021-10-10,3,US
2,2021-10-11,3,US
2,2021-10-12,3,US
2,2021-10-13,3,US
2,2021-10-14,3,US
2,2021-10-15,4,US
2,2021-10-16,4,US
2,2021-10-17,5,US
2,2021-10-18,4,US
2,2021-10-19,5,US
2,2021-10-20,4,US
2,2021-10-21,4,US
2,2021-10-22,6,US
2,2021-10-23,6,US
2,2021-10-24,5,US
2,2021-10-25,3,US
2,2021-10-26,6,US
2,2021-10-27,6,US
2,2021-10-28,6,US
2,2021-10-29,6,US
2,2021-10-30,6,US
2,2021-10-31,3,US
2,2021-11-01,6,US
2,2021-11-02,3,US
2,2021-11-03,5,US
2,2021-11-04,6,US
2,2021-11-05,6,US
2,2021-11-06,5,US
2,2021-11-07,4,US
2,2021-11-08,5,US
2,2021-11-09,4,US
2,2021-11-10,4,US
2,2021-11-11,4,US
2,2021-11-12,5,US
2,2021-11-13,6,US
2,2021-11-14,3,US
2,2021-11-15,5,US
2,2021-11-16,4,US
2,2021-11-17,6,US
2,2021-11-18,4,US
2,2021-11-19,6,US
2,2021-11-20,4,US
2,2021-11-21,3,US
2,2021-11-22,6,US
2,2021-11-23,5,US
2,2021-11-24,5,US
2,2021-11-25,4,US
2,2021-11-26,5,US
2,2021-11-27,4,US
2,2021-11-28,3,US
2,2021-11-29,5,US
2,2021-11-30,3,US
2,2021-12-01,4,US
2,2021-12-02,3,US
2,2021-12-03,4,US
2,2021-12-04,6,US
2,2021-12-05,4,US
2,2021-12-06,5,US
2,2021-12-07,5,US
2,2021-12-08,4,US
2,2021-12-09,4,US
2,2021-12-10,5,US
2,2021-12-11,3,US
2,2021-12-12,3,US
2,2021-12-13,6,US
2,2021-12-14,4,US
2,2021-12-15,3,US
2,2021-12-16,6,US
2,2021-12-17,4,US
2,2021-12-18,3,US
2,2021-12-19,6,US
2,2021-12-20,3,US
2,2021-12-21,5,US
2,2021-12-22,3,US
2,2021-12-23,5,US
2,2021-12-24,3,US
2,2021-12-25,6,US
2,2021-12-26,4,US
2,2021-12-27,5,US
2,2021-12-28,4,US
2,2021-12-29,4,US
2,2021-12-30,6,US
2,2021-12-31,3,US
2,2022-01-01,4,US
2,2022-01-02,4,US
2,2022-01-03,5,US
2,2022-01-04,3,US
2,2022-01-05,5,US
2,2022-01-06,5,US
2,2022-01-07,3,US
2,2022-01-08,4,US
2,2022-01-09,3,US
2,2022-01-10,3,US
2,2022-01-11,5,US
2,2022-01-12,3,US
2,2022-01-13,5,US
2,2022-01-14,6,US
2,2022-01-15,6,US
2,2022-01-16,4,US
2,2022-01-17,3,US
2,2022-01-18,3,US
2,2022-01-19,4,US
2,2022-01-20,5,US
2,2022-01-21,3,US
2,2022-01-22,4,US
2,2022-01-23,6,US
2,2022-01-24,3,US
2,2022-01-25,6,US
2,2022-01-26,6,US
2,2022-01-27,3,US
2,2022-01-28,6,US
2,2022-01-29,3,US
2,2022-01-30,5,US
2,2022-01-31,3,US
2,2022-02-01,5,US
2,2022-02-02,4,US
2,2022-02-03,5,US
2,2022-02-04,5,US
2,2022-02-05,3,US
2,2022-02-06,4,US
2,2022-02-07,5,US
2,2022-02-08,6,US
2,2022-02-09,3,US
2,2022-02-10,3,US
2,2022-02-11,6,US
2,2022-02-12,5,US
2,2022-02-13,4,US
2,2022-02-14,6,US
2,2022-02-15,4,US
2,2022-02-16,3,US
2,2022-02-17,4,US
2,2022-02-18,3,US
2,2022-02-19,5,US
2,2022-02-20,5,US
2,2022-02-21,5,US
2,2022-02-22,6,US
2,2022-02-23,5,US
2,2022-02-24,6,US
2,2022-02-25,5,US
2,2022-02-26,4,US
2,2022-02-27,5,US
2,2022-02-28,5,US
2,2022-03-01,5,US
2,2022-03-02,4,US
2,2022-03-03,3,US
2,2022-03-04,6,US
2,2022-03-05,6,US
2,2022-03-06,4,US
2,2022-03-07,3,US
2,2022-03-08,4,US
2,2022-03-09,5,US
2,2022-03-10,5,US
2,2022-03-11,6,US
2,2022-03-12,6,US
2,2022-03-13,6,US
2,2022-03-14,3,US
2,2022-03-15,6,US
2,2022-03-16,5,US
2,2022-03-17,4,US
2,2022-03-18,5,US
2,2022-03-19,6,US
2,2022-03-20,6,US
2,2022-03-21,6,US
2,2022-03-22,3,US
2,2022-03-23,3,US
2,2022-03-24,4,US
2,2022-03-25,3,US
2,2022-03-26,3,US
2,2022-03-27,6,US
2,2022-03-28,5,US
2,2022-03-29,5,US
2,2022-03-30,5,US
2,2022-03-31,4,US
2,2022-04-01,5,US
2,2022-04-02,3,US
2,2022-04-03,5,US
2,2022-04-04,5,US
2,2022-04-05,4,US
2,2022-04-06,4,US
2,2022-04-07,5,US
2,2022-04-08,3,US
2,2022-04-09,6,US
2,2022-04-10,5,US
2,2022-04-11,4,US
2,2022-04-12,5,US
2,2022-04-13,6,US
2,2022-04-14,5,US
2,2022-04-15,3,US
2,2022-04-16,5,US
2,2022-04-17,5,US
2,2022-04-18,6,US
2,2022-04-19,3,US
2,2022-04-20,3,US
2,2022-04-21,4,US
2,2022-04-22,4,US
2,2022-04-23,5,US
2,2022-04-24,4,US
2,2022-04-25,5,US
2,2022-04-26,5,US
2,2022-04-27,3,US
2,2022-04-28,5,US
2,2022-04-29,5,US
2,2022-04-30,3,US
2,2022-05-01,6,US
2,2022-05-02,5,US
2,2022-05-03,6,US
2,2022-05-04,5,US
2,2022-05-05,3,US
2,2022-05-06,3,US
2,2022-05-07,6,US
2,2022-05-08,4,US
2,2022-05-09,6,US
2,2022-05-10,6,US
2,2022-05-11,3,US
2,2022-05-12,6,US
2,2022-05-13,4,US
2,2022-05-14,3,US
2,2022-05-15,5,US
2,2022-05-16,5,US
2,2022-05-17,3,US
2,2022-05-18,4,US
2,2022-05-19,4,US
2,2022-05-20,4,US
2,2022-05-21,5,US
2,2022-05-22,4,US
2,2022-05-23,4,US
2,2022-05-24,3,US
2,2022-05-25,5,US
2,2022-05-26,5,US
2,2022-05-27,3,US
2,2022-05-28,5,US
2,2022-05-29,3,US
2,2022-05-30,6,US
2,2022-05-31,3,US
2,2022-06-01,4,US
2,2022-06-02,4,US
2,2022-06-03,3,US
2,2022-06-04,6,US
2,2022-06-05,6,US
2,2022-06-06,5,US
2,2022-06-07,6,US
2,2022-06-08,5,US
2,2022-06-09,4,US
2,2022-06-10,4,US
2,2022-06-11,4,US
2,2022-06-12,5,US
2,2022-06-13,4,US
2,2022-06-14,3,US
2,2022-06-15,4,US
2,2022-06-16,5,US
2,2022-06-17,6,US
2,2022-06-18,3,US
2,2022-06-19,6,US
2,2022-06-20,6,US
2,2022-06-21,6,US
2,2022-06-22,3,US
2,2022-06-23,4,US
2,2022-06-24,4,US
2,2022-06-25,6,US
2,2022-06-26,4,US
2,2022-06-27,5,US
2,2022-06-28,3,US
2,2022-06-29,3,US
2,2022-06-30,5,US
2,2022-07-01,4,US
2,2022-07-02,5,US
2,2022-07-03,4,US
2,2022-07-04,5,US
2,2022-07-05,4,US
2,2022-07-06,6,US
2,2022-07-07,3,US
2,2022-07-08,6,US
2,2022-07-09,6,US
2,2022-07-10,3,US
2,2022-07-11,3,US
2,2022-07-12,4,US
2,2022-07-13,3,US
2,2022-07-14,4,US
2,2022-07-15,6,US
2,2022-07-16,6,US
2,2022-07-17,6,US
2,2022-07-18,3,US
2,2022-07-19,5,US
2,2022-07-20,6,US
2,2022-07-21,5,US
2,2022-07-22,3,US
2,2022-07-23,5,US
2,2022-07-24,3,US
2,2022-07-25,4,US
2,2022-07-26,3,US
2,2022-07-27,6,US
2,2022-07-28,5,US
2,2022-07-29,3,US
2,2022-07-30,6,US
2,2022-07-31,6,US
2,2022-08-01,5,US
2,2022-08-02,5,US
2,2022-08-03,4,US
2,2022-08-04,6,US
2,2022-08-05,3,US
2,2022-08-06,3,US
2,2022-08-07,3,US
2,2022-08-08,6,US
2,2022-08-09,3,US
2,2022-08-10,5,US
2,2022-08-11,4,US
2,2022-08-12,6,US
2,2022-08-13,3,US
2,2022-08-14,4,US
2,2022-08-15,4,US
2,2022-08-16,6,US
2,2022-08-17,5,US
2,2022-08-18,5,US
2,2022-08-19,4,US
2,2022-08-20,4,US
2,2022-08-21,3,US
2,2022-08-22,3,US
2,2022-08-23,6,US
2,2022-08-24,5,US
2,2022-08-25,3,US
2,2022-08-26,3,US
2,2022-08-27,4,US
2,2022-08-28,4,US
2,2022-08-29,5,US
2,2022-08-30,6,US
2,2022-08-31,3,US
2,2022-09-01,4,US
2,2022-09-02,4,US
2,2022-09-03,3,US
2,2022-09-04,3,US
2,2022-09-05,5,US
2,2022-09-06,6,US
2,2022-09-07,5,US
2,2022-09-08,3,US
2,2022-09-09,6,US
2,2022-09-10,4,US
2,2022-09-11,3,US
2,2022-09-12,3,US
2,2022-09-13,4,US
2,2022-09-14,5,US
2,2022-09-15,5,US
2,2022-09-16,4,US
2,2022-09-17,6,US
2,2022-09-18,3,US
2,2022-09-19,4,US
2,2022-09-20,4,US
2,2022-09-21,5,US
2,2022-09-22,3,US
2,2022-09-23,4,US
2,2022-09-24,6,US
2,2022-09-25,3,US
2,2022-09-26,3,US
2,2022-09-27,6,US
2,2022-09-28,6,US
2,2022-09-29,3,US
2,2022-09-30,6,US
2,2022-10-01,4,US
2,2022-10-02,5,US
2,2022-10-03,5,US
2,2022-10-04,5,US
2,2022-10-05,4,US
2,2022-10-06,6,US
2,2022-10-07,3,US
2,2022-10-08,3,US
2,2022-10-09,6,US
2,2022-10-10,4,US
2,2022-10-11,3,US
2,2022-10-12,6,US
2,2022-10-13,6,US
2,2022-10-14,4,US
2,2022-10-15,3,US
2,2022-10-16,4,US
2,2022-10-17,3,US
2,2022-10-18,5,US
2,2022-10-19,6,US
2,2022-10-20,4,US
2,2022-10-21,3,US
2,2022-10-22,5,US
2,2022-10-23,3,US
2,2022-10-24,3,US
2,2022-10-25,3,US
2,2022-10-26,4,US
2,2022-10-27,6,US
2,2022-10-28,3,US
2,2022-10-29,5,US
2,2022-10-30,3,US
2,2022-10-31,4,US
2,2022-11-01,4,US
2,2022-11-02,5,US
2,2022-11-03,3,US
2,2022-11-04,4,US
2,2022-11-05,3,US
2,2022-11-06,3,US
2,2022-11-07,6,US
2,2022-11-08,5,US
2,2022-11-09,5,US
2,2022-11-10,6,US
2,2022-11-11,6,US
2,2022-11-12,6,US
2,2022-11-13,6,US
2,2022-11-14,4,US
2,2022-11-15,5,US
2,2022-11-16,4,US
2,2022-11-17,6,US
2,2022-11-18,5,US
2,2022-11-19,4,US
2,2022-11-20,3,US
2,2022-11-21,4,US
2,2022-11-22,3,US
2,2022-11-23,6,US
2,2022-11-24,6,US
2,2022-11-25,3,US
2,2022-11-26,6,US
2,2022-11-27,5,US
2,2022-11-28,6,US
2,2022-11-29,6,US
2,2022-11-30,6,US
2,2022-12-01,3,US
2,2022-12-02,5,US
2,2022-12-03,4,US
2,2022-12-04,6,US
2,2022-12-05,6,US
2,2022-12-06,3,US
2,2022-12-07,6,US
2,2022-12-08,3,US
2,2022-12-09,6,US
2,2022-12-10,6,US
2,2022-12-11,4,US
2,2022-12-12,6,US
2,2022-12-13,6,US
2,2022-12-14,3,US
2,2022-12-15,5,US
2,2022-12-16,6,US
2,2022-12-17,5,US
2,2022-12-18,6,US
2,2022-12-19,3,US
2,2022-12-20,5,US
2,2022-12-21,6,US
2,2022-12-22,5,US
2,2022-12-23,5,US
2,2022-12-24,3,US
2,2022-12-25,6,US
2,2022-12-26,6,US
2,2022-12-27,4,US
2,2022-12-28,4,US
2,2022-12-29,4,US
2,2022-12-30,3,US
2,2022-12-31,3,US
2,2023-01-01,3,US
2,2023-01-02,5,US
2,2023-01-03,3,US
2,2023-01-04,6,US
2,2023-01-05,3,US
2,2023-01-06,3,US
2,2023-01-07,5,US
2,2023-01-08,6,US
2,2023-01-09,6,US
2,2023-01-10,4,US
2,2023-01-11,3,US
2,2023-01-12,5,US
2,2023-01-13,6,US
2,2023-01-14,6,US
2,2023-01-15,6,US
2,2023-01-16,6,US
2,2023-01-17,6,US
2,2023-01-18,4,US
2,2023-01-19,6,US
2,2023-01-20,4,US
2,2023-01-21,3,US
2,2023-01-22,4,US
2,2023-01-23,3,US
2,2023-01-24,3,US
2,2023-01-25,6,US
2,2023-01-26,6,US
2,2023-01-27,6,US
2,2023-01-28,5,US
2,2023-01-29,3,US
2,2023-01-30,6,US
2,2023-01-31,5,US
2,2023-02-01,6,US
2,2023-02-02,7,US
2,2023-02-03,2,US
2,2023-02-04,5,US
2,2023-02-05,1,US
2,2023-02-06,3,US
2,2023-02-07,6,US
2,2023-02-08,1,US
2,2023-02-09,7,US
2,2023-02-10,9,US
2,2023-02-11,9,US
2,2023-02-12,4,US
2,2023-02-13,10,US
2,2023-02-14,10,US
2,2023-02-15,0,US
2,2023-02-16,6,US
2,2023-02-17,9,US
2,2023-02-18,10,US
2,2023-02-19,3,US
2,2023-02-20,6,US
2,2023-02-21,10,US
2,2023-02-22,2,US
2,2023-02-23,8,US
2,2023-02-24,3,US
2,2023-02-25,11,US
2,2023-02-26,3,US
2,2023-02-27,10,US
2,2023-02-28,2,US
2,2023-03-01,9,US
2,2023-03-02,8,US
2,2023-03-03,11,US
2,2023-03-04,6,US
2,2023-03-05,5,US
2,2023-03-06,5,US
2,2023-03-07,3,US
2,2023-03-08,5,US
2,2023-03-09,4,US
2,2023-03-10,3,US
2,2023-03-11,7,US
2,2023-03-12,11,US
2,2023-03-13,13,US
2,2023-03-14,13,US
2,2023-03-15,9,US
2,2023-03-16,8,US
2,2023-03-17,10,US
2,2023-03-18,6,US
2,2023-03-19,10,US
2,2023-03-20,14,US
2,2023-03-21,12,US
2,2023-03-22,13,US
2,2023-03-23,8,US
2,2023-03-24,7,US
2,2023-03-25,15,US
2,2023-03-26,10,US
2,2023-03-27,10,US
2,2023-03-28,17,US
2,2023-03-29,9,US
2,2023-03-30,10,US
2,2023-03-31,12,US
2,2023-04-01,16,US
2,2023-04-02,15,US
2,2023-04-03,18,US
2,2023-04-04,11,US
2,2023-04-05,16,US
2,2023-04-06,17,US
2,2023-04-07,16,US
2,2023-04-08,12,US
2,2023-04-09,21,US
2,2023-04-10,14,US
2,2023-04-11,21,US
2,2023-04-12,14,US
2,2023-04-13,14,US
2,2023-04-14,16,US
2,2023-04-15,16,US
2,2023-04-16,21,US
2,2023-04-17,22,US
2,2023-04-18,22,US
2,2023-04-19,18,US
2,2023-04-20,19,US
2,2023-04-21,19,US
2,2023-04-22,17,US
2,2023-04-23,23,US
2,2023-04-24,26,US
2,2023-04-25,20,US
2,2023-04-26,22,US
2,2023-04-27,23,US
2,2023-04-28,23,US
2,2023-04-29,27,US
2,2023-04-30,27,US
2,2023-05-01,23,US
2,2023-05-02,22,US
2,2023-05-03,24,US
2,2023-05-04,25,US
2,2023-05-05,24,US
2,2023-05-06,32,US
2,2023-05-07,27,US
2,2023-05-08,29,US
2,2023-05-09,30,US
2,2023-05-10,32,US
2,2023-05-11,27,US
2,2023-05-12,32,US
2,2023-05-13,29,US
2,2023-05-14,37,US
2,2023-05-15,32,US
2,2023-05-16,33,US
2,2023-05-17,32,US
2,2023-05-18,35,US
2,2023-05-19,33,US
2,2023-05-20,34,US
2,2023-05-21,33,US
2,2023-05-22,40,US
2,2023-05-23,40,US
2,2023-05-24,35,US
2,2023-05-25,38,US
2,2023-05-26,40,US
2,2023-05-27,45,US
2,2023-05-28,42,US
2,2023-05-29,42,US
2,2023-05-30,46,US
2,2023-05-31,46,US
2,2023-06-01,43,US
2,2023-06-02,45,US
2,2023-06-03,49,US
2,2023-06-04,46,US
2,2023-06-05,50,US
2,2023-06-06,47,US
2,2023-06-07,44,US
2,2023-06-08,53,US
2,2023-06-09,51,US
2,2023-06-10,50,US
2,2023-06-11,55,US
2,2023-06-12,54,US
2,2023-06-13,54,US
2,2023-06-14,54,US
2,2023-06-15,50,US
2,2023-06-16,57,US
2,2023-06-17,52,US
2,2023-06-18,61,US
2,2023-06-19,61,US
2,2023-06-20,60,US
2,2023-06-21,54,US
2,2023-06-22,58,US
2,2023-06-23,65,US
2,2023-06-24,60,US
2,2023-06-25,66,US
2,2023-06-26,63,US
2,2023-06-27,66,US
2,2023-06-28,61,US
2,2023-06-29,69,US
2,2023-06-30,69,US
2,2023-07-01,62,US
2,2023-07-02,66,US
2,2023-07-03,67,US
2,2023-07-04,67,US
2,2023-07-05,67,US
2,2023-07-06,70,US
2,2023-07-07,75,US
2,2023-07-08,75,US
2,2023-07-09,74,US
2,2023-07-10,74,US
2,2023-07-11,74,US
2,2023-07-12,75,US
2,2023-07-13,73,US
2,2023-07-14,78,US
2,2023-07-15,81,US
2,2023-07-16,84,US
2,2023-07-17,84,US
2,2023-07-18,82,US
2,2023-07-19,78,US
2,2023-07-20,81,US
2,2023-07-21,84,US
2,2023-07-22,83,US
2,2023-07-23,85,US
2,2023-07-24,86,US
2,2023-07-25,87,US
2,2023-07-26,90,US
2,2023-07-27,85,US
2,2023-07-28,88,US
2,2023-07-29,88,US
2,2023-07-30,94,US
2,2023-07-31,95,US
2,2023-08-01,95,US
2,2023-08-02,88,US
2,2023-08-03,95,US
2,2023-08-04,88,US
2,2023-08-05,86,US
2,2023-08-06,89,US
2,2023-08-07,90,US
2,2023-08-08,88,US
2,2023-08-09,78,US
2,2023-08-10,84,US
2,2023-08-11,78,US
2,2023-08-12,76,US
2,2023-08-13,77,US
2,2023-08-14,78,US
2,2023-08-15,71,US
2,2023-08-16,77,US
2,2023-08-17,69,US
2,2023-08-18,76,US
2,2023-08-19,69,US
2,2023-08-20,72,US
2,2023-08-21,65,US
2,2023-08-22,66,US
2,2023-08-23,67,US
2,2023-08-24,61,US
2,2023-08-25,60,US
2,2023-08-26,65,US
2,2023-08-27,64,US
2,2023-08-28,63,US
2,2023-08-29,63,US
2,2023-08-30,61,US
2,2023-08-31,57,US
2,2023-09-01,53,US
2,2023-09-02,53,US
2,2023-09-03,54,US
2,2023-09-04,50,US
2,2023-09-05,56,US
2,2023-09-06,55,US
2,2023-09-07,46,US
2,2023-09-08,47,US
2,2023-09-09,52,US
2,2023-09-10,52,US
2,2023-09-11,45,US
2,2023-09-12,46,US
2,2023-09-13,50,US
2,2023-09-14,47,US
2,2023-09-15,42,US
2,2023-09-16,47,US
2,2023-09-17,43,US
2,2023-09-18,44,US
2,2023-09-19,38,US
2,2023-09-20,36,US
2,2023-09-21,39,US
2,2023-09-22,40,US
2,2023-09-23,36,US
2,2023-09-24,42,US
2,2023-09-25,38,US
2,2023-09-26,35,US
2,2023-09-27,33,US
2,2023-09-28,40,US
2,2023-09-29,38,US
2,2023-09-30,36,US
2,2023-10-01,32,US
2,2023-10-02,32,US
2,2023-10-03,29,US
2,2023-10-04,33,US
2,2023-10-05,36,US
2,2023-10-06,35,US
2,2023-10-07,32,US
2,2023-10-08,32,US
2,2023-10-09,27,US
2,2023-10-10,28,US
2,2023-10-11,24,US
2,2023-10-12,31,US
2,2023-10-13,30,US
2,2023-10-14,22,US
2,2023-10-15,31,US
2,2023-10-16,28,US
2,2023-10-17,27,US
2,2023-10-18,20,US
2,2023-10-19,22,US
2,2023-10-20,28,US
2,2023-10-21,22,US
2,2023-10-22,28,US
2,2023-10-23,25,US
2,2023-10-24,22,US
2,2023-10-25,21,US
2,2023-10-26,21,US
2,2023-10-27,20,US
2,2023-10-28,21,US
2,2023-10-29,23,US
2,2023-10-30,61,US
2,2023-10-31,58,US
2,2023-11-01,56,US
2,2023-11-02,58,US
2,2023-11-03,59,US
2,2023-11-04,59,US
2,2023-11-05,56,US
2,2023-11-06,57,US
2,2023-11-07,57,US
2,2023-11-08,54,US
2,2023-11-09,53,US
2,2023-11-10,52,US
2,2023-11-11,57,US
2,2023-11-12,55,US
2,2023-11-13,56,US
2,2023-11-14,52,US
2,2023-11-15,54,US
2,2023-11-16,55,US
2,2023-11-17,51,US
2,2023-11-18,50,US
2,2023-11-19,53,US
2,2023-11-20,54,US
2,2023-11-21,53,US
2,2023-11-22,52,US
2,2023-11-23,51,US
2,2023-11-24,51,US
2,2023-11-25,51,US
2,2023-11-26,50,US
2,2023-11-27,50,US
2,2023-11-28,51,US
2,2023-11-29,47,US
2,2023-11-30,47,US
2,2023-12-01,47,US
2,2023-12-02,44,US
2,2023-12-03,48,US
2,2023-12-04,47,US
2,2023-12-05,44,US
2,2023-12-06,47,US
2,2023-12-07,44,US
2,2023-12-08,46,US
2,2023-12-09,47,US
2,2023-12-10,47,US
2,2023-12-11,46,US
2,2023-12-12,44,US
2,2023-12-13,46,US
2,2023-12-14,46,US
2,2023-12-15,46,US
2,2023-12-16,41,US
2,2023-12-17,41,US
2,2023-12-18,40,US
2,2023-12-19,41,US
2,2023-12-20,44,US
2,2023-12-21,44,US
2,2023-12-22,40,US
2,2023-12-23,43,US
2,2023-12-24,40,US
2,2023-12-25,39,US
2,2023-12-26,40,US
2,2023-12-27,42,US
2,2023-12-28,39,US
2,2023-12-29,42,US
2,2023-12-30,39,US
2,2023-12-31,38,US
2,2024-01-01,38,US
2,2024-01-02,41,US
2,2024-01-03,39,US
2,2024-01-04,41,US
2,2024-01-05,39,US
2,2024-01-06,41,US
2,2024-01-07,36,US
2,2024-01-08,40,US
2,2024-01-09,38,US
2,2024-01-10,40,US
2,2024-01-11,37,US
2,2024-01-12,36,US
2,2024-01-13,34,US
2,2024-01-14,39,US
2,2024-01-15,34,US
2,2024-01-16,35,US
2,2024-01-17,36,US
2,2024-01-18,36,US
2,2024-01-19,38,US
2,2024-01-20,35,US
2,2024-01-21,34,US
2,2024-01-22,37,US
2,2024-01-23,37,US
2,2024-01-24,35,US
2,2024-01-25,36,US
2,2024-01-26,33,US
2,2024-01-27,35,US
2,2024-01-28,12,US
2,2024-01-29,13,US
2,2024-01-30,16,US
2,2024-01-31,13,US
2,2024-02-01,16,US
2,2024-02-02,14,US
2,2024-02-03,16,US
2,2024-02-04,12,US
2,2024-02-05,15,US
2,2024-02-06,15,US
2,2024-02-07,14,US
2,2024-02-08,17,US
2,2024-02-09,14,US
2,2024-02-10,12,US
2,2024-02-11,13,US
2,2024-02-12,14,US
2,2024-02-13,12,US
2,2024-02-14,13,US
2,2024-02-15,16,US
2,2024-02-16,13,US
2,2024-02-17,16,US
2,2024-02-18,15,US
2,2024-02-19,13,US
2,2024-02-20,16,US
2,2024-02-21,14,US
2,2024-02-22,12,US
2,2024-02-23,14,US
2,2024-02-24,15,US
2,2024-02-25,13,US
2,2024-02-26,16,US
2,2024-02-27,13,US
2,2024-02-28,13,US
2,2024-02-29,16,US
2,2024-03-01,15,US
2,2024-03-02,14,US
2,2024-03-03,17,US
2,2024-03-04,17,US
2,2024-03-05,14,US
2,2024-03-06,17,US
2,2024-03-07,14,US
2,2024-03-08,13,US
2,2024-03-09,17,US
2,2024-03-10,17,US
2,2024-03-11,14,US
2,2024-03-12,13,US
2,2024-03-13,16,US
2,2024-03-14,12,US
2,2024-03-15,16,US
2,2024-03-16,15,US
2,2024-03-17,13,US
2,2024-03-18,14,US
2,2024-03-19,15,US
2,2024-03-20,12,US
2,2024-03-21,17,US
2,2024-03-22,13,US
2,2024-03-23,15,US
2,2024-03-24,12,US
2,2024-03-25,17,US
2,2024-03-26,15,US
2,2024-03-27,15,US
2,2024-03-28,12,US
2,2024-03-29,16,US
2,2024-03-30,14,US
2,2024-03-31,14,US
2,2024-04-01,15,US
2,2024-04-02,14,US
2,2024-04-03,12,US
2,2024-04-04,16,US
2,2024-04-05,15,US
2,2024-04-06,13,US
2,2024-04-07,15,US
2,2024-04-08,15,US
2,2024-04-09,13,US
2,2024-04-10,15,US
2,2024-04-11,12,US
2,2024-04-12,16,US
2,2024-04-13,12,US
2,2024-04-14,16,US
2,2024-04-15,12,US
2,2024-04-16,12,US
2,2024-04-17,12,US
2,2024-04-18,13,US
2,2024-04-19,13,US
2,2024-04-20,13,US
2,2024-04-21,15,US
2,2024-04-22,13,US
2,2024-04-23,16,US
2,2024-04-24,13,US
2,2024-04-25,12,US
2,2024-04-26,14,US
2,2024-04-27,13,US
2,2024-04-28,17,US
2,2024-04-29,13,US
2,2024-04-30,12,US
2,2024-05-01,16,US
2,2024-05-02,17,US
2,2024-05-03,17,US
2,2024-05-04,16,US
2,2024-05-05,12,US
2,2024-05-06,12,US
2,2024-05-07,15,US
2,2024-05-08,16,US
2,2024-05-09,12,US
2,2024-05-10,13,US
2,2024-05-11,13,US
2,2024-05-12,17,US
2,2024-05-13,13,US
2,2024-05-14,14,US
2,2024-05-15,12,US
2,2024-05-16,13,US
2,2024-05-17,12,US
2,2024-05-18,13,US
2,2024-05-19,16,US
2,2024-05-20,13,US
2,2024-05-21,16,US
2,2024-05-22,12,US
2,2024-05-23,16,US
2,2024-05-24,12,US
2,2024-05-25,17,US
2,2024-05-26,15,US
2,2024-05-27,13,US
2,2024-05-28,14,US
2,2024-05-29,14,US
2,2024-05-30,15,US
2,2024-05-31,17,US
2,2024-06-01,12,US
2,2024-06-02,16,US
2,2024-06-03,13,US
2,2024-06-04,14,US
2,2024-06-05,17,US
2,2024-06-06,13,US
2,2024-06-07,14,US
2,2024-06-08,17,US
2,2024-06-09,16,US
2,2024-06-10,15,US
2,2024-06-11,16,US
2,2024-06-12,12,US
2,2024-06-13,16,US
2,2024-06-14,12,US
2,2024-06-15,17,US
2,2024-06-16,12,US
2,2024-06-17,14,US
2,2024-06-18,15,US
2,2024-06-19,16,US
2,2024-06-20,16,US
2,2024-06-21,13,US
2,2024-06-22,14,US
2,2024-06-23,14,US
2,2024-06-24,12,US
2,2024-06-25,16,US
2,2024-06-26,17,US
2,2024-06-27,17,US
2,2024-06-28,12,US
2,2024-06-29,17,US
2,2024-06-30,12,US
2,2024-07-01,14,US
2,2024-07-02,12,US
2,2024-07-03,13,US
2,2024-07-04,13,US
2,2024-07-05,16,US
2,2024-07-06,16,US
2,2024-07-07,16,US
2,2024-07-08,15,US
2,2024-07-09,15,US
2,2024-07-10,17,US
2,2024-07-11,16,US
2,2024-07-12,14,US
2,2024-07-13,15,US
2,2024-07-14,16,US
2,2024-07-15,12,US
2,2024-07-16,15,US
2,2024-07-17,13,US
2,2024-07-18,14,US
2,2024-07-19,16,US
2,2024-07-20,14,US
2,2024-07-21,17,US
2,2024-07-22,15,US
2,2024-07-23,17,US
2,2024-07-24,12,US
2,2024-07-25,15,US
2,2024-07-26,12,US
2,2024-07-27,17,US
2,2024-07-28,17,US
2,2024-07-29,17,US
2,2024-07-30,12,US
2,2024-07-31,14,US
2,2024-08-01,13,US
2,2024-08-02,17,US
2,2024-08-03,12,US
2,2024-08-04,13,US
2,2024-08-05,15,US
2,2024-08-06,14,US
2,2024-08-07,13,US
2,2024-08-08,14,US
2,2024-08-09,16,US
2,2024-08-10,14,US
2,2024-08-11,17,US
2,2024-08-12,14,US
2,2024-08-13,12,US
2,2024-08-14,14,US
2,2024-08-15,15,US
2,2024-08-16,12,US
2,2024-08-17,14,US
2,2024-08-18,15,US
2,2024-08-19,12,US
2,2024-08-20,12,US
2,2024-08-21,15,US
2,2024-08-22,15,US
2,2024-08-23,13,US
2,2024-08-24,15,US
2,2024-08-25,13,US
2,2024-08-26,16,US
2,2024-08-27,17,US
2,2024-08-28,14,US
2,2024-08-29,12,US
2,2024-08-30,13,US
2,2024-08-31,14,US
2,2024-09-01,15,US
2,2024-09-02,15,US
2,2024-09-03,14,US
2,2024-09-04,15,US
2,2024-09-05,16,US
2,2024-09-06,12,US
2,2024-09-07,16,US
2,2024-09-08,13,US
2,2024-09-09,14,US
2,2024-09-10,16,US
2,2024-09-11,17,US
2,2024-09-12,13,US
2,2024-09-13,15,US
2,2024-09-14,16,US
2,2024-09-15,12,US
2,2024-09-16,12,US
2,2024-09-17,12,US
2,2024-09-18,16,US
2,2024-09-19,16,US
2,2024-09-20,12,US
2,2024-09-21,15,US
2,2024-09-22,13,US
2,2024-09-23,17,US
2,2024-09-24,14,US
2,2024-09-25,14,US
2,2024-09-26,16,US
2,2024-09-27,16,US
2,2024-09-28,12,US
2,2024-09-29,14,US
2,2024-09-30,17,US
2,2024-10-01,17,US
2,2024-10-02,15,US
2,2024-10-03,16,US
2,2024-10-04,14,US
2,2024-10-05,15,US
2,2024-10-06,17,US
2,2024-10-07,12,US
2,2024-10-08,14,US
2,2024-10-09,15,US
2,2024-10-10,12,US
2,2024-10-11,17,US
2,2024-10-12,17,US
2,2024-10-13,14,US
2,2024-10-14,15,US
2,2024-10-15,17,US
2,2024-10-16,13,US
2,2024-10-17,15,US
2,2024-10-18,16,US
2,2024-10-19,12,US
2,2024-10-20,14,US
2,2024-10-21,15,US
2,2024-10-22,17,US
2,2024-10-23,15,US
2,2024-10-24,14,US
2,2024-10-25,17,US
2,2024-10-26,17,US
2,2024-10-27,16,US
2,2024-10-28,13,US
2,2024-10-29,17,US
2,2024-10-30,17,US
2,2024-10-31,14,US
2,2024-11-01,12,US
2,2024-11-02,14,US
2,2024-11-03,16,US
2,2024-11-04,16,US
2,2024-11-05,13,US
2,2024-11-06,16,US
2,2024-11-07,17,US
2,2024-11-08,16,US
2,2024-11-09,17,US
2,2024-11-10,15,US
2,2024-11-11,13,US
2,2024-11-12,15,US
2,2024-11-13,13,US
2,2024-11-14,14,US
2,2024-11-15,16,US
2,2024-11-16,17,US
2,2024-11-17,15,US
2,2024-11-18,17,US
2,2024-11-19,15,US
2,2024-11-20,16,US
2,2024-11-21,13,US
2,2024-11-22,12,US
2,2024-11-23,14,US
2,2024-11-24,14,US
2,2024-11-25,15,US
2,2024-11-26,16,US
2,2024-11-27,14,US
2,2024-11-28,16,US
2,2024-11-29,17,US
2,2024-11-30,13,US
2,2024-12-01,17,US
2,2024-12-02,16,US
2,2024-12-03,15,US
2,2024-12-04,12,US
2,2024-12-05,12,US
2,2024-12-06,16,US
2,2024-12-07,13,US
2,2024-12-08,16,US
2,2024-12-09,12,US
2,2024-12-10,13,US
2,2024-12-11,13,US
2,2024-12-12,17,US
2,2024-12-13,16,US
2,2024-12-14,13,US
2,2024-12-15,16,US
2,2024-12-16,12,US
2,2024-12-17,16,US
2,2024-12-18,12,US
2,2024-12-19,17,US
2,2024-12-20,16,US
2,2024-12-21,17,US
2,2024-12-22,16,US
2,2024-12-23,15,US
2,2024-12-24,13,US
2,2024-12-25,16,US
2,2024-12-26,16,US
2,2024-12-27,13,US
2,2024-12-28,15,US
2,2024-12-29,17,US
2,2024-12-30,14,US
2,2024-12-31,17,US
3,2020-01-01,42,US
3,2020-01-02,38,US
3,2020-01-03,39,US
3,2020-01-04,36,US
3,2020-01-05,37,US
3,2020-01-06,39,US
3,2020-01-07,40,US
3,2020-01-08,40,US
3,2020-01-09,40,US
3,2020-01-10,40,US
3,2020-01-11,39,US
3,2020-01-12,38,US
3,2020-01-13,38,US
3,2020-01-14,37,US
3,2020-01-15,37,US
3,2020-01-16,38,US
3,2020-01-17,39,US
3,2020-01-18,35,US
3,2020-01-19,34,US
3,2020-01-20,37,US
3,2020-01-21,34,US
3,2020-01-22,33,US
3,2020-01-23,35,US
3,2020-01-24,34,US
3,2020-01-25,34,US
3,2020-01-26,35,US
3,2020-01-27,32,US
3,2020-01-28,15,US
3,2020-01-29,13,US
3,2020-01-30,13,US
3,2020-01-31,16,US
3,2020-02-01,12,US
3,2020-02-02,12,US
3,2020-02-03,13,US
3,2020-02-04,12,US
3,2020-02-05,17,US
3,2020-02-06,15,US
3,2020-02-07,15,US
3,2020-02-08,14,US
3,2020-02-09,15,US
3,2020-02-10,14,US
3,2020-02-11,16,US
3,2020-02-12,13,US
3,2020-02-13,13,US
3,2020-02-14,13,US
3,2020-02-15,12,US
3,2020-02-16,15,US
3,2020-02-17,14,US
3,2020-02-18,15,US
3,2020-02-19,12,US
3,2020-02-20,13,US
3,2020-02-21,13,US
3,2020-02-22,13,US
3,2020-02-23,14,US
3,2020-02-24,13,US
3,2020-02-25,16,US
3,2020-02-26,15,US
3,2020-02-27,17,US
3,2020-02-28,16,US
3,2020-02-29,17,US
3,2020-03-01,12,US
3,2020-03-02,16,US
3,2020-03-03,14,US
3,2020-03-04,17,US
3,2020-03-05,15,US
3,2020-03-06,15,US
3,2020-03-07,17,US
3,2020-03-08,16,US
3,2020-03-09,13,US
3,2020-03-10,17,US
3,2020-03-11,17,US
3,2020-03-12,14,US
3,2020-03-13,15,US
3,2020-03-14,13,US
3,2020-03-15,17,US
3,2020-03-16,16,US
3,2020-03-17,14,US
3,2020-03-18,16,US
3,2020-03-19,14,US
3,2020-03-20,12,US
3,2020-03-21,17,US
3,2020-03-22,13,US
3,2020-03-23,15,US
3,2020-03-24,17,US
3,2020-03-25,13,US
3,2020-03-26,17,US
3,2020-03-27,15,US
3,2020-03-28,12,US
3,2020-03-29,12,US
3,2020-03-30,16,US
3,2020-03-31,16,US
3,2020-04-01,17,US
3,2020-04-02,14,US
3,2020-04-03,12,US
3,2020-04-04,15,US
3,2020-04-05,16,US
3,2020-04-06,17,US
3,2020-04-07,16,US
3,2020-04-08,15,US
3,2020-04-09,17,US
3,2020-04-10,16,US
3,2020-04-11,12,US
3,2020-04-12,14,US
3,2020-04-13,13,US
3,2020-04-14,12,US
3,2020-04-15,12,US
3,2020-04-16,16,US
3,2020-04-17,15,US
3,2020-04-18,15,US
3,2020-04-19,13,US
3,2020-04-20,13,US
3,2020-04-21,14,US
3,2020-04-22,15,US
3,2020-04-23,14,US
3,2020-04-24,12,US
3,2020-04-25,16,US
3,2020-04-26,15,US
3,2020-04-27,15,US
3,2020-04-28,15,US
3,2020-04-29,16,US
3,2020-04-30,15,US
3,2020-05-01,16,US
3,2020-05-02,12,US
3,2020-05-03,17,US
3,2020-05-04,12,US
3,2020-05-05,16,US
3,2020-05-06,13,US
3,2020-05-07,12,US
3,2020-05-08,16,US
3,2020-05-09,14,US
3,2020-05-10,14,US
3,2020-05-11,15,US
3,2020-05-12,14,US
3,2020-05-13,15,US
3,2020-05-14,12,US
3,2020-05-15,14,US
3,2020-05-16,16,US
3,2020-05-17,15,US
3,2020-05-18,17,US
3,2020-05-19,12,US
3,2020-05-20,16,US
3,2020-05-21,17,US
3,2020-05-22,16,US
3,2020-05-23,16,US
3,2020-05-24,14,US
3,2020-05-25,17,US
3,2020-05-26,15,US
3,2020-05-27,15,US
3,2020-05-28,12,US
3,2020-05-29,12,US
3,2020-05-30,15,US
3,2020-05-31,15,US
3,2020-06-01,17,US
3,2020-06-02,13,US
3,2020-06-03,16,US
3,2020-06-04,17,US
3,2020-06-05,14,US
3,2020-06-06,14,US
3,2020-06-07,15,US
3,2020-06-08,15,US
3,2020-06-09,12,US
3,2020-06-10,13,US
3,2020-06-11,17,US
3,2020-06-12,13,US
3,2020-06-13,13,US
3,2020-06-14,16,US
3,2020-06-15,17,US
3,2020-06-16,17,US
3,2020-06-17,17,US
3,2020-06-18,17,US
3,2020-06-19,14,US
3,2020-06-20,15,US
3,2020-06-21,13,US
3,2020-06-22,12,US
3,2020-06-23,12,US
3,2020-06-24,16,US
3,2020-06-25,14,US
3,2020-06-26,13,US
3,2020-06-27,12,US
3,2020-06-28,15,US
3,2020-06-29,12,US
3,2020-06-30,15,US
3,2020-07-01,17,US
3,2020-07-02,13,US
3,2020-07-03,14,US
3,2020-07-04,15,US
3,2020-07-05,13,US
3,2020-07-06,15,US
3,2020-07-07,15,US
3,2020-07-08,14,US
3,2020-07-09,13,US
3,2020-07-10,14,US
3,2020-07-11,12,US
3,2020-07-12,13,US
3,2020-07-13,13,US
3,2020-07-14,16,US
3,2020-07-15,14,US
3,2020-07-16,17,US
3,2020-07-17,12,US
3,2020-07-18,16,US
3,2020-07-19,17,US
3,2020-07-20,14,US
3,2020-07-21,14,US
3,2020-07-22,13,US
3,2020-07-23,15,US
3,2020-07-24,13,US
3,2020-07-25,15,US
3,2020-07-26,17,US
3,2020-07-27,17,US
3,2020-07-28,12,US
3,2020-07-29,15,US
3,2020-07-30,13,US
3,2020-07-31,17,US
3,2020-08-01,12,US
3,2020-08-02,12,US
3,2020-08-03,12,US
3,2020-08-04,15,US
3,2020-08-05,12,US
3,2020-08-06,15,US
3,2020-08-07,14,US
3,2020-08-08,15,US
3,2020-08-09,17,US
3,2020-08-10,15,US
3,2020-08-11,15,US
3,2020-08-12,17,US
3,2020-08-13,14,US
3,2020-08-14,16,US
3,2020-08-15,14,US
3,2020-08-16,13,US
3,2020-08-17,16,US
3,2020-08-18,16,US
3,2020-08-19,13,US
3,2020-08-20,14,US
3,2020-08-21,15,US
3,2020-08-22,14,US
3,2020-08-23,15,US
3,2020-08-24,15,US
3,2020-08-25,17,US
3,2020-08-26,16,US
3,2020-08-27,15,US
3,2020-08-28,12,US
3,2020-08-29,15,US
3,2020-08-30,14,US
3,2020-08-31,13,US
3,2020-09-01,17,US
3,2020-09-02,15,US
3,2020-09-03,17,US
3,2020-09-04,16,US
3,2020-09-05,14,US
3,2020-09-06,14,US
3,2020-09-07,13,US
3,2020-09-08,14,US
3,2020-09-09,12,US
3,2020-09-10,14,US
3,2020-09-11,12,US
3,2020-09-12,13,US
3,2020-09-13,17,US
3,2020-09-14,14,US
3,2020-09-15,14,US
3,2020-09-16,14,US
3,2020-09-17,12,US
3,2020-09-18,17,US
3,2020-09-19,13,US
3,2020-09-20,16,US
3,2020-09-21,15,US
3,2020-09-22,16,US
3,2020-09-23,17,US
3,2020-09-24,13,US
3,2020-09-25,15,US
3,2020-09-26,13,US
3,2020-09-27,15,US
3,2020-09-28,14,US
3,2020-09-29,15,US
3,2020-09-30,17,US
3,2020-10-01,15,US
3,2020-10-02,14,US
3,2020-10-03,17,US
3,2020-10-04,15,US
3,2020-10-05,14,US
3,2020-10-06,17,US
3,2020-10-07,14,US
3,2020-10-08,14,US
3,2020-10-09,15,US
3,2020-10-10,15,US
3,2020-10-11,12,US
3,2020-10-12,12,US
3,2020-10-13,12,US
3,2020-10-14,15,US
3,2020-10-15,13,US
3,2020-10-16,13,US
3,2020-10-17,14,US
3,2020-10-18,16,US
3,2020-10-19,12,US
3,2020-10-20,13,US
3,2020-10-21,16,US
3,2020-10-22,16,US
3,2020-10-23,14,US
3,2020-10-24,14,US
3,2020-10-25,13,US
3,2020-10-26,12,US
3,2020-10-27,17,US
3,2020-10-28,12,US
3,2020-10-29,12,US
3,2020-10-30,15,US
3,2020-10-31,12,US
3,2020-11-01,15,US
3,2020-11-02,12,US
3,2020-11-03,15,US
3,2020-11-04,12,US
3,2020-11-05,13,US
3,2020-11-06,13,US
3,2020-11-07,17,US
3,2020-11-08,15,US
3,2020-11-09,15,US
3,2020-11-10,12,US
3,2020-11-11,16,US
3,2020-11-12,15,US
3,2020-11-13,13,US
3,2020-11-14,12,US
3,2020-11-15,14,US
3,2020-11-16,17,US
3,2020-11-17,17,US
3,2020-11-18,13,US
3,2020-11-19,16,US
3,2020-11-20,15,US
3,2020-11-21,16,US
3,2020-11-22,16,US
3,2020-11-23,13,US
3,2020-11-24,15,US
3,2020-11-25,13,US
3,2020-11-26,16,US
3,2020-11-27,14,US
3,2020-11-28,14,US
3,2020-11-29,15,US
3,2020-11-30,13,US
3,2020-12-01,14,US
3,2020-12-02,12,US
3,2020-12-03,13,US
3,2020-12-04,17,US
3,2020-12-05,15,US
3,2020-12-06,14,US
3,2020-12-07,12,US
3,2020-12-08,12,US
3,2020-12-09,14,US
3,2020-12-10,15,US
3,2020-12-11,12,US
3,2020-12-12,16,US
3,2020-12-13,15,US
3,2020-12-14,12,US
3,2020-12-15,14,US
3,2020-12-16,12,US
3,2020-12-17,15,US
3,2020-12-18,16,US
3,2020-12-19,17,US
3,2020-12-20,16,US
3,2020-12-21,15,US
3,2020-12-22,15,US
3,2020-12-23,14,US
3,2020-12-24,12,US
3,2020-12-25,15,US
3,2020-12-26,13,US
3,2020-12-27,16,US
3,2020-12-28,16,US
3,2020-12-29,14,US
3,2020-12-30,15,US
3,2020-12-31,16,US
3,2021-01-01,16,US
3,2021-01-02,16,US
3,2021-01-03,12,US
3,2021-01-04,12,US
3,2021-01-05,14,US
3,2021-01-06,13,US
3,2021-01-07,17,US
3,2021-01-08,13,US
3,2021-01-09,17,US
3,2021-01-10,14,US
3,2021-01-11,13,US
3,2021-01-12,16,US
3,2021-01-13,16,US
3,2021-01-14,15,US
3,2021-01-15,12,US
3,2021-01-16,12,US
3,2021-01-17,15,US
3,2021-01-18,16,US
3,2021-01-19,13,US
3,2021-01-20,14,US
3,2021-01-21,12,US
3,2021-01-22,15,US
3,2021-01-23,13,US
3,2021-01-24,17,US
3,2021-01-25,14,US
3,2021-01-26,14,US
3,2021-01-27,13,US
3,2021-01-28,16,US
3,2021-01-29,16,US
3,2021-01-30,14,US
3,2021-01-31,16,US
3,2021-02-01,14,US
3,2021-02-02,14,US
3,2021-02-03,15,US
3,2021-02-04,13,US
3,2021-02-05,13,US
3,2021-02-06,14,US
3,2021-02-07,16,US
3,2021-02-08,16,US
3,2021-02-09,17,US
3,2021-02-10,15,US
3,2021-02-11,16,US
3,2021-02-12,14,US
3,2021-02-13,16,US
3,2021-02-14,12,US
3,2021-02-15,13,US
3,2021-02-16,14,US
3,2021-02-17,14,US
3,2021-02-18,15,US
3,2021-02-19,16,US
3,2021-02-20,16,US
3,2021-02-21,12,US
3,2021-02-22,17,US
3,2021-02-23,12,US
3,2021-02-24,12,US
3,2021-02-25,12,US
3,2021-02-26,17,US
3,2021-02-27,14,US
3,2021-02-28,12,US
3,2021-03-01,13,US
3,2021-03-02,12,US
3,2021-03-03,12,US
3,2021-03-04,14,US
3,2021-03-05,17,US
3,2021-03-06,15,US
3,2021-03-07,15,US
3,2021-03-08,16,US
3,2021-03-09,15,US
3,2021-03-10,17,US
3,2021-03-11,16,US
3,2021-03-12,15,US
3,2021-03-13,14,US
3,2021-03-14,13,US
3,2021-03-15,15,US
3,2021-03-16,16,US
3,2021-03-17,13,US
3,2021-03-18,12,US
3,2021-03-19,15,US
3,2021-03-20,15,US
3,2021-03-21,13,US
3,2021-03-22,13,US
3,2021-03-23,12,US
3,2021-03-24,13,US
3,2021-03-25,12,US
3,2021-03-26,12,US
3,2021-03-27,17,US
3,2021-03-28,16,US
3,2021-03-29,14,US
3,2021-03-30,14,US
3,2021-03-31,15,US
3,2021-04-01,15,US
3,2021-04-02,16,US
3,2021-04-03,12,US
3,2021-04-04,12,US
3,2021-04-05,13,US
3,2021-04-06,16,US
3,2021-04-07,17,US
3,2021-04-08,14,US
3,2021-04-09,17,US
3,2021-04-10,13,US
3,2021-04-11,15,US
3,2021-04-12,13,US
3,2021-04-13,17,US
3,2021-04-14,15,US
3,2021-04-15,13,US
3,2021-04-16,14,US
3,2021-04-17,12,US
3,2021-04-18,12,US
3,2021-04-19,13,US
3,2021-04-20,17,US
3,2021-04-21,16,US
3,2021-04-22,17,US
3,2021-04-23,17,US
3,2021-04-24,16,US
3,2021-04-25,15,US
3,2021-04-26,16,US
3,2021-04-27,17,US
3,2021-04-28,15,US
3,2021-04-29,16,US
3,2021-04-30,16,US
3,2021-05-01,17,US
3,2021-05-02,14,US
3,2021-05-03,14,US
3,2021-05-04,15,US
3,2021-05-05,12,US
3,2021-05-06,12,US
3,2021-05-07,12,US
3,2021-05-08,15,US
3,2021-05-09,17,US
3,2021-05-10,16,US
3,2021-05-11,13,US
3,2021-05-12,13,US
3,2021-05-13,17,US
3,2021-05-14,15,US
3,2021-05-15,12,US
3,2021-05-16,16,US
3,2021-05-17,13,US
3,2021-05-18,12,US
3,2021-05-19,16,US
3,2021-05-20,16,US
3,2021-05-21,12,US
3,2021-05-22,17,US
3,2021-05-23,14,US
3,2021-05-24,14,US
3,2021-05-25,17,US
3,2021-05-26,13,US
3,2021-05-27,17,US
3,2021-05-28,16,US
3,2021-05-29,17,US
3,2021-05-30,14,US
3,2021-05-31,13,US
3,2021-06-01,16,US
3,2021-06-02,17,US
3,2021-06-03,13,US
3,2021-06-04,13,US
3,2021-06-05,13,US
3,2021-06-06,15,US
3,2021-06-07,12,US
3,2021-06-08,12,US
3,2021-06-09,17,US
3,2021-06-10,16,US
3,2021-06-11,15,US
3,2021-06-12,15,US
3,2021-06-13,16,US
3,2021-06-14,15,US
3,2021-06-15,12,US
3,2021-06-16,14,US
3,2021-06-17,15,US
3,2021-06-18,14,US
3,2021-06-19,17,US
3,2021-06-20,17,US
3,2021-06-21,17,US
3,2021-06-22,14,US
3,2021-06-23,17,US
3,2021-06-24,17,US
3,2021-06-25,13,US
3,2021-06-26,13,US
3,2021-06-27,15,US
3,2021-06-28,12,US
3,2021-06-29,16,US
3,2021-06-30,14,US
3,2021-07-01,15,US
3,2021-07-02,15,US
3,2021-07-03,14,US
3,2021-07-04,16,US
3,2021-07-05,13,US
3,2021-07-06,17,US
3,2021-07-07,16,US
3,2021-07-08,14,US
3,2021-07-09,16,US
3,2021-07-10,12,US
3,2021-07-11,13,US
3,2021-07-12,15,US
3,2021-07-13,13,US
3,2021-07-14,15,US
3,2021-07-15,13,US
3,2021-07-16,15,US
3,2021-07-17,13,US
3,2021-07-18,14,US
3,2021-07-19,15,US
3,2021-07-20,14,US
3,2021-07-21,14,US
3,2021-07-22,13,US
3,2021-07-23,16,US
3,2021-07-24,14,US
3,2021-07-25,17,US
3,2021-07-26,13,US
3,2021-07-27,13,US
3,2021-07-28,12,US
3,2021-07-29,15,US
3,2021-07-30,13,US
3,2021-07-31,12,US
3,2021-08-01,13,US
3,2021-08-02,13,US
3,2021-08-03,14,US
3,2021-08-04,14,US
3,2021-08-05,12,US
3,2021-08-06,17,US
3,2021-08-07,12,US
3,2021-08-08,16,US
3,2021-08-09,13,US
3,2021-08-10,14,US
3,2021-08-11,17,US
3,2021-08-12,17,US
3,2021-08-13,15,US
3,2021-08-14,16,US
3,2021-08-15,16,US
3,2021-08-16,13,US
3,2021-08-17,15,US
3,2021-08-18,15,US
3,2021-08-19,14,US
3,2021-08-20,16,US
3,2021-08-21,12,US
3,2021-08-22,16,US
3,2021-08-23,14,US
3,2021-08-24,15,US
3,2021-08-25,14,US
3,2021-08-26,14,US
3,2021-08-27,14,US
3,2021-08-28,15,US
3,2021-08-29,17,US
3,2021-08-30,13,US
3,2021-08-31,12,US
3,2021-09-01,12,US
3,2021-09-02,17,US
3,2021-09-03,17,US
3,2021-09-04,13,US
3,2021-09-05,15,US
3,2021-09-06,15,US
3,2021-09-07,13,US
3,2021-09-08,16,US
3,2021-09-09,14,US
3,2021-09-10,16,US
3,2021-09-11,14,US
3,2021-09-12,16,US
3,2021-09-13,17,US
3,2021-09-14,14,US
3,2021-09-15,13,US
3,2021-09-16,15,US
3,2021-09-17,12,US
3,2021-09-18,13,US
3,2021-09-19,16,US
3,2021-09-20,14,US
3,2021-09-21,15,US
3,2021-09-22,15,US
3,2021-09-23,17,US
3,2021-09-24,12,US
3,2021-09-25,12,US
3,2021-09-26,13,US
3,2021-09-27,13,US
3,2021-09-28,13,US
3,2021-09-29,13,US
3,2021-09-30,15,US
3,2021-10-01,13,US
3,2021-10-02,14,US
3,2021-10-03,17,US
3,2021-10-04,14,US
3,2021-10-05,15,US
3,2021-10-06,17,US
3,2021-10-07,14,US
3,2021-10-08,13,US
3,2021-10-09,12,US
3,2021-10-10,16,US
3,2021-10-11,15,US
3,2021-10-12,17,US
3,2021-10-13,16,US
3,2021-10-14,12,US
3,2021-10-15,13,US
3,2021-10-16,12,US
3,2021-10-17,12,US
3,2021-10-18,17,US
3,2021-10-19,15,US
3,2021-10-20,12,US
3,2021-10-21,14,US
3,2021-10-22,16,US
3,2021-10-23,12,US
3,2021-10-24,13,US
3,2021-10-25,12,US
3,2021-10-26,15,US
3,2021-10-27,17,US
3,2021-10-28,13,US
3,2021-10-29,13,US
3,2021-10-30,13,US
3,2021-10-31,15,US
3,2021-11-01,12,US
3,2021-11-02,17,US
3,2021-11-03,12,US
3,2021-11-04,15,US
3,2021-11-05,17,US
3,2021-11-06,13,US
3,2021-11-07,14,US
3,2021-11-08,17,US
3,2021-11-09,15,US
3,2021-11-10,13,US
3,2021-11-11,14,US
3,2021-11-12,17,US
3,2021-11-13,16,US
3,2021-11-14,13,US
3,2021-11-15,15,US
3,2021-11-16,15,US
3,2021-11-17,15,US
3,2021-11-18,15,US
3,2021-11-19,15,US
3,2021-11-20,15,US
3,2021-11-21,13,US
3,2021-11-22,14,US
3,2021-11-23,15,US
3,2021-11-24,16,US
3,2021-11-25,14,US
3,2021-11-26,14,US
3,2021-11-27,13,US
3,2021-11-28,13,US
3,2021-11-29,12,US
3,2021-11-30,16,US
3,2021-12-01,17,US
3,2021-12-02,14,US
3,2021-12-03,14,US
3,2021-12-04,12,US
3,2021-12-05,17,US
3,2021-12-06,17,US
3,2021-12-07,14,US
3,2021-12-08,12,US
3,2021-12-09,14,US
3,2021-12-10,13,US
3,2021-12-11,13,US
3,2021-12-12,12,US
3,2021-12-13,14,US
3,2021-12-14,14,US
3,2021-12-15,15,US
3,2021-12-16,14,US
3,2021-12-17,12,US
3,2021-12-18,16,US
3,2021-12-19,14,US
3,2021-12-20,14,US
3,2021-12-21,13,US
3,2021-12-22,14,US
3,2021-12-23,13,US
3,2021-12-24,16,US
3,2021-12-25,17,US
3,2021-12-26,16,US
3,2021-12-27,16,US
3,2021-12-28,13,US
3,2021-12-29,16,US
3,2021-12-30,16,US
3,2021-12-31,14,US
3,2022-01-01,17,US
3,2022-01-02,13,US
3,2022-01-03,13,US
3,2022-01-04,15,US
3,2022-01-05,15,US
3,2022-01-06,13,US
3,2022-01-07,15,US
3,2022-01-08,13,US
3,2022-01-09,12,US
3,2022-01-10,12,US
3,2022-01-11,15,US
3,2022-01-12,13,US
3,2022-01-13,12,US
3,2022-01-14,13,US
3,2022-01-15,16,US
3,2022-01-16,16,US
3,2022-01-17,13,US
3,2022-01-18,12,US
3,2022-01-19,14,US
3,2022-01-20,14,US
3,2022-01-21,13,US
3,2022-01-22,16,US
3,2022-01-23,17,US
3,2022-01-24,14,US
3,2022-01-25,16,US
3,2022-01-26,13,US
3,2022-01-27,17,US
3,2022-01-28,17,US
3,2022-01-29,12,US
3,2022-01-30,16,US
3,2022-01-31,12,US
3,2022-02-01,14,US
3,2022-02-02,13,US
3,2022-02-03,17,US
3,2022-02-04,16,US
3,2022-02-05,16,US
3,2022-02-06,12,US
3,2022-02-07,16,US
3,2022-02-08,13,US
3,2022-02-09,16,US
3,2022-02-10,14,US
3,2022-02-11,16,US
3,2022-02-12,12,US
3,2022-02-13,14,US
3,2022-02-14,16,US
3,2022-02-15,15,US
3,2022-02-16,17,US
3,2022-02-17,14,US
3,2022-02-18,16,US
3,2022-02-19,13,US
3,2022-02-20,13,US
3,2022-02-21,15,US
3,2022-02-22,12,US
3,2022-02-23,17,US
3,2022-02-24,15,US
3,2022-02-25,13,US
3,2022-02-26,15,US
3,2022-02-27,13,US
3,2022-02-28,17,US
3,2022-03-01,17,US
3,2022-03-02,13,US
3,2022-03-03,12,US
3,2022-03-04,15,US
3,2022-03-05,13,US
3,2022-03-06,13,US
3,2022-03-07,13,US
3,2022-03-08,12,US
3,2022-03-09,16,US
3,2022-03-10,12,US
3,2022-03-11,12,US
3,2022-03-12,16,US
3,2022-03-13,14,US
3,2022-03-14,15,US
3,2022-03-15,14,US
3,2022-03-16,12,US
3,2022-03-17,12,US
3,2022-03-18,12,US
3,2022-03-19,15,US
3,2022-03-20,17,US
3,2022-03-21,17,US
3,2022-03-22,15,US
3,2022-03-23,12,US
3,2022-03-24,15,US
3,2022-03-25,16,US
3,2022-03-26,16,US
3,2022-03-27,12,US
3,2022-03-28,13,US
3,2022-03-29,17,US
3,2022-03-30,16,US
3,2022-03-31,16,US
3,2022-04-01,16,US
3,2022-04-02,14,US
3,2022-04-03,13,US
3,2022-04-04,16,US
3,2022-04-05,14,US
3,2022-04-06,12,US
3,2022-04-07,17,US
3,2022-04-08,14,US
3,2022-04-09,14,US
3,2022-04-10,13,US
3,2022-04-11,16,US
3,2022-04-12,13,US
3,2022-04-13,13,US
3,2022-04-14,14,US
3,2022-04-15,16,US
3,2022-04-16,13,US
3,2022-04-17,16,US
3,2022-04-18,17,US
3,2022-04-19,15,US
3,2022-04-20,12,US
3,2022-04-21,12,US
3,2022-04-22,13,US
3,2022-04-23,13,US
3,2022-04-24,14,US
3,2022-04-25,12,US
3,2022-04-26,15,US
3,2022-04-27,14,US
3,2022-04-28,13,US
3,2022-04-29,12,US
3,2022-04-30,17,US
3,2022-05-01,16,US
3,2022-05-02,13,US
3,2022-05-03,16,US
3,2022-05-04,15,US
3,2022-05-05,15,US
3,2022-05-06,14,US
3,2022-05-07,15,US
3,2022-05-08,14,US
3,2022-05-09,15,US
3,2022-05-10,15,US
3,2022-05-11,13,US
3,2022-05-12,15,US
3,2022-05-13,12,US
3,2022-05-14,15,US
3,2022-05-15,12,US
3,2022-05-16,17,US
3,2022-05-17,12,US
3,2022-05-18,17,US
3,2022-05-19,13,US
3,2022-05-20,14,US
3,2022-05-21,12,US
3,2022-05-22,15,US
3,2022-05-23,17,US
3,2022-05-24,15,US
3,2022-05-25,15,US
3,2022-05-26,16,US
3,2022-05-27,13,US
3,2022-05-28,14,US
3,2022-05-29,15,US
3,2022-05-30,12,US
3,2022-05-31,17,US
3,2022-06-01,13,US
3,2022-06-02,14,US
3,2022-06-03,17,US
3,2022-06-04,12,US
3,2022-06-05,16,US
3,2022-06-06,12,US
3,2022-06-07,15,US
3,2022-06-08,17,US
3,2022-06-09,14,US
3,2022-06-10,14,US
3,2022-06-11,16,US
3,2022-06-12,16,US
3,2022-06-13,13,US
3,2022-06-14,12,US
3,2022-06-15,12,US
3,2022-06-16,13,US
3,2022-06-17,17,US
3,2022-06-18,17,US
3,2022-06-19,12,US
3,2022-06-20,16,US
3,2022-06-21,15,US
3,2022-06-22,13,US
3,2022-06-23,15,US
3,2022-06-24,13,US
3,2022-06-25,15,US
3,2022-06-26,13,US
3,2022-06-27,16,US
3,2022-06-28,14,US
3,2022-06-29,12,US
3,2022-06-30,15,US
3,2022-07-01,14,US
3,2022-07-02,14,US
3,2022-07-03,15,US
3,2022-07-04,17,US
3,2022-07-05,13,US
3,2022-07-06,13,US
3,2022-07-07,14,US
3,2022-07-08,14,US
3,2022-07-09,12,US
3,2022-07-10,17,US
3,2022-07-11,14,US
3,2022-07-12,14,US
3,2022-07-13,13,US
3,2022-07-14,17,US
3,2022-07-15,13,US
3,2022-07-16,14,US
3,2022-07-17,16,US
3,2022-07-18,14,US
3,2022-07-19,16,US
3,2022-07-20,15,US
3,2022-07-21,15,US
3,2022-07-22,13,US
3,2022-07-23,16,US
3,2022-07-24,17,US
3,2022-07-25,13,US
3,2022-07-26,17,US
3,2022-07-27,14,US
3,2022-07-28,14,US
3,2022-07-29,16,US
3,2022-07-30,17,US
3,2022-07-31,15,US
3,2022-08-01,15,US
3,2022-08-02,17,US
3,2022-08-03,13,US
3,2022-08-04,13,US
3,2022-08-05,13,US
3,2022-08-06,17,US
3,2022-08-07,12,US
3,2022-08-08,16,US
3,2022-08-09,16,US
3,2022-08-10,13,US
3,2022-08-11,15,US
3,2022-08-12,15,US
3,2022-08-13,17,US
3,2022-08-14,12,US
3,2022-08-15,12,US
3,2022-08-16,14,US
3,2022-08-17,12,US
3,2022-08-18,14,US
3,2022-08-19,15,US
3,2022-08-20,13,US
3,2022-08-21,16,US
3,2022-08-22,12,US
3,2022-08-23,14,US
3,2022-08-24,17,US
3,2022-08-25,16,US
3,2022-08-26,16,US
3,2022-08-27,16,US
3,2022-08-28,13,US
3,2022-08-29,16,US
3,2022-08-30,16,US
3,2022-08-31,15,US
3,2022-09-01,17,US
3,2022-09-02,15,US
3,2022-09-03,13,US
3,2022-09-04,16,US
3,2022-09-05,15,US
3,2022-09-06,12,US
3,2022-09-07,12,US
3,2022-09-08,16,US
3,2022-09-09,14,US
3,2022-09-10,16,US
3,2022-09-11,14,US
3,2022-09-12,17,US
3,2022-09-13,17,US
3,2022-09-14,13,US
3,2022-09-15,15,US
3,2022-09-16,15,US
3,2022-09-17,12,US
3,2022-09-18,16,US
3,2022-09-19,14,US
3,2022-09-20,13,US
3,2022-09-21,12,US
3,2022-09-22,15,US
3,2022-09-23,12,US
3,2022-09-24,15,US
3,2022-09-25,13,US
3,2022-09-26,12,US
3,2022-09-27,16,US
3,2022-09-28,14,US
3,2022-09-29,14,US
3,2022-09-30,15,US
3,2022-10-01,15,US
3,2022-10-02,13,US
3,2022-10-03,13,US
3,2022-10-04,14,US
3,2022-10-05,12,US
3,2022-10-06,12,US
3,2022-10-07,15,US
3,2022-10-08,12,US
3,2022-10-09,14,US
3,2022-10-10,12,US
3,2022-10-11,15,US
3,2022-10-12,16,US
3,2022-10-13,12,US
3,2022-10-14,12,US
3,2022-10-15,15,US
3,2022-10-16,14,US
3,2022-10-17,15,US
3,2022-10-18,13,US
3,2022-10-19,15,US
3,2022-10-20,16,US
3,2022-10-21,13,US
3,2022-10-22,12,US
3,2022-10-23,16,US
3,2022-10-24,13,US
3,2022-10-25,17,US
3,2022-10-26,12,US
3,2022-10-27,16,US
3,2022-10-28,14,US
3,2022-10-29,14,US
3,2022-10-30,13,US
3,2022-10-31,15,US
3,2022-11-01,12,US
3,2022-11-02,13,US
3,2022-11-03,17,US
3,2022-11-04,15,US
3,2022-11-05,17,US
3,2022-11-06,14,US
3,2022-11-07,12,US
3,2022-11-08,12,US
3,2022-11-09,16,US
3,2022-11-10,13,US
3,2022-11-11,14,US
3,2022-11-12,16,US
3,2022-11-13,17,US
3,2022-11-14,12,US
3,2022-11-15,12,US
3,2022-11-16,17,US
3,2022-11-17,17,US
3,2022-11-18,17,US
3,2022-11-19,16,US
3,2022-11-20,12,US
3,2022-11-21,16,US
3,2022-11-22,12,US
3,2022-11-23,14,US
3,2022-11-24,12,US
3,2022-11-25,13,US
3,2022-11-26,15,US
3,2022-11-27,13,US
3,2022-11-28,15,US
3,2022-11-29,13,US
3,2022-11-30,14,US
3,2022-12-01,16,US
3,2022-12-02,12,US
3,2022-12-03,16,US
3,2022-12-04,12,US
3,2022-12-05,15,US
3,2022-12-06,15,US
3,2022-12-07,12,US
3,2022-12-08,13,US
3,2022-12-09,13,US
3,2022-12-10,16,US
3,2022-12-11,15,US
3,2022-12-12,12,US
3,2022-12-13,15,US
3,2022-12-14,12,US
3,2022-12-15,14,US
3,2022-12-16,13,US
3,2022-12-17,17,US
3,2022-12-18,15,US
3,2022-12-19,17,US
3,2022-12-20,12,US
3,2022-12-21,17,US
3,2022-12-22,15,US
3,2022-12-23,13,US
3,2022-12-24,14,US
3,2022-12-25,17,US
3,2022-12-26,12,US
3,2022-12-27,13,US
3,2022-12-28,17,US
3,2022-12-29,15,US
3,2022-12-30,13,US
3,2022-12-31,15,US
3,2023-01-01,14,US
3,2023-01-02,17,US
3,2023-01-03,12,US
3,2023-01-04,13,US
3,2023-01-05,15,US
3,2023-01-06,14,US
3,2023-01-07,14,US
3,2023-01-08,12,US
3,2023-01-09,14,US
3,2023-01-10,14,US
3,2023-01-11,15,US
3,2023-01-12,13,US
3,2023-01-13,17,US
3,2023-01-14,15,US
3,2023-01-15,16,US
3,2023-01-16,15,US
3,2023-01-17,17,US
3,2023-01-18,17,US
3,2023-01-19,16,US
3,2023-01-20,12,US
3,2023-01-21,15,US
3,2023-01-22,13,US
3,2023-01-23,12,US
3,2023-01-24,17,US
3,2023-01-25,15,US
3,2023-01-26,12,US
3,2023-01-27,14,US
3,2023-01-28,17,US
3,2023-01-29,15,US
3,2023-01-30,15,US
3,2023-01-31,13,US
3,2023-02-01,13,US
3,2023-02-02,12,US
3,2023-02-03,17,US
3,2023-02-04,17,US
3,2023-02-05,13,US
3,2023-02-06,15,US
3,2023-02-07,13,US
3,2023-02-08,12,US
3,2023-02-09,15,US
3,2023-02-10,16,US
3,2023-02-11,17,US
3,2023-02-12,13,US
3,2023-02-13,16,US
3,2023-02-14,15,US
3,2023-02-15,12,US
3,2023-02-16,17,US
3,2023-02-17,17,US
3,2023-02-18,12,US
3,2023-02-19,17,US
3,2023-02-20,17,US
3,2023-02-21,13,US
3,2023-02-22,15,US
3,2023-02-23,17,US
3,2023-02-24,12,US
3,2023-02-25,13,US
3,2023-02-26,17,US
3,2023-02-27,16,US
3,2023-02-28,16,US
3,2023-03-01,17,US
3,2023-03-02,14,US
3,2023-03-03,14,US
3,2023-03-04,14,US
3,2023-03-05,17,US
3,2023-03-06,17,US
3,2023-03-07,17,US
3,2023-03-08,13,US
3,2023-03-09,16,US
3,2023-03-10,12,US
3,2023-03-11,13,US
3,2023-03-12,16,US
3,2023-03-13,15,US
3,2023-03-14,13,US
3,2023-03-15,15,US
3,2023-03-16,13,US
3,2023-03-17,13,US
3,2023-03-18,16,US
3,2023-03-19,14,US
3,2023-03-20,16,US
3,2023-03-21,14,US
3,2023-03-22,15,US
3,2023-03-23,15,US
3,2023-03-24,16,US
3,2023-03-25,14,US
3,2023-03-26,17,US
3,2023-03-27,14,US
3,2023-03-28,12,US
3,2023-03-29,13,US
3,2023-03-30,12,US
3,2023-03-31,16,US
3,2023-04-01,12,US
3,2023-04-02,13,US
3,2023-04-03,14,US
3,2023-04-04,16,US
3,2023-04-05,17,US
3,2023-04-06,16,US
3,2023-04-07,12,US
3,2023-04-08,17,US
3,2023-04-09,17,US
3,2023-04-10,17,US
3,2023-04-11,14,US
3,2023-04-12,13,US
3,2023-04-13,14,US
3,2023-04-14,13,US
3,2023-04-15,14,US
3,2023-04-16,12,US
3,2023-04-17,16,US
3,2023-04-18,14,US
3,2023-04-19,13,US
3,2023-04-20,15,US
3,2023-04-21,16,US
3,2023-04-22,15,US
3,2023-04-23,15,US
3,2023-04-24,17,US
3,2023-04-25,16,US
3,2023-04-26,15,US
3,2023-04-27,14,US
3,2023-04-28,16,US
3,2023-04-29,12,US
3,2023-04-30,17,US
3,2023-05-01,15,US
3,2023-05-02,14,US
3,2023-05-03,16,US
3,2023-05-04,15,US
3,2023-05-05,15,US
3,2023-05-06,15,US
3,2023-05-07,12,US
3,2023-05-08,13,US
3,2023-05-09,14,US
3,2023-05-10,13,US
3,2023-05-11,16,US
3,2023-05-12,14,US
3,2023-05-13,14,US
3,2023-05-14,15,US
3,2023-05-15,12,US
3,2023-05-16,15,US
3,2023-05-17,12,US
3,2023-05-18,16,US
3,2023-05-19,14,US
3,2023-05-20,16,US
3,2023-05-21,12,US
3,2023-05-22,16,US
3,2023-05-23,17,US
3,2023-05-24,16,US
3,2023-05-25,12,US
3,2023-05-26,14,US
3,2023-05-27,14,US
3,2023-05-28,13,US
3,2023-05-29,15,US
3,2023-05-30,16,US
3,2023-05-31,13,US
3,2023-06-01,14,US
3,2023-06-02,13,US
3,2023-06-03,16,US
3,2023-06-04,17,US
3,2023-06-05,16,US
3,2023-06-06,16,US
3,2023-06-07,12,US
3,2023-06-08,12,US
3,2023-06-09,14,US
3,2023-06-10,14,US
3,2023-06-11,15,US
3,2023-06-12,14,US
3,2023-06-13,16,US
3,2023-06-14,15,US
3,2023-06-15,17,US
3,2023-06-16,14,US
3,2023-06-17,14,US
3,2023-06-18,16,US
3,2023-06-19,17,US
3,2023-06-20,15,US
3,2023-06-21,15,US
3,2023-06-22,12,US
3,2023-06-23,17,US
3,2023-06-24,13,US
3,2023-06-25,16,US
3,2023-06-26,14,US
3,2023-06-27,13,US
3,2023-06-28,16,US
3,2023-06-29,14,US
3,2023-06-30,15,US
3,2023-07-01,12,US
3,2023-07-02,12,US
3,2023-07-03,13,US
3,2023-07-04,15,US
3,2023-07-05,13,US
3,2023-07-06,14,US
3,2023-07-07,17,US
3,2023-07-08,15,US
3,2023-07-09,12,US
3,2023-07-10,17,US
3,2023-07-11,13,US
3,2023-07-12,15,US
3,2023-07-13,14,US
3,2023-07-14,14,US
3,2023-07-15,12,US
3,2023-07-16,15,US
3,2023-07-17,13,US
3,2023-07-18,15,US
3,2023-07-19,15,US
3,2023-07-20,15,US
3,2023-07-21,16,US
3,2023-07-22,12,US
3,2023-07-23,12,US
3,2023-07-24,15,US
3,2023-07-25,12,US
3,2023-07-26,17,US
3,2023-07-27,16,US
3,2023-07-28,17,US
3,2023-07-29,13,US
3,2023-07-30,17,US
3,2023-07-31,12,US
3,2023-08-01,14,US
3,2023-08-02,13,US
3,2023-08-03,16,US
3,2023-08-04,15,US
3,2023-08-05,16,US
3,2023-08-06,15,US
3,2023-08-07,16,US
3,2023-08-08,13,US
3,2023-08-09,14,US
3,2023-08-10,15,US
3,2023-08-11,17,US
3,2023-08-12,12,US
3,2023-08-13,13,US
3,2023-08-14,14,US
3,2023-08-15,14,US
3,2023-08-16,12,US
3,2023-08-17,14,US
3,2023-08-18,15,US
3,2023-08-19,13,US
3,2023-08-20,12,US
3,2023-08-21,16,US
3,2023-08-22,13,US
3,2023-08-23,15,US
3,2023-08-24,15,US
3,2023-08-25,16,US
3,2023-08-26,15,US
3,2023-08-27,12,US
3,2023-08-28,16,US
3,2023-08-29,15,US
3,2023-08-30,17,US
3,2023-08-31,14,US
3,2023-09-01,16,US
3,2023-09-02,17,US
3,2023-09-03,17,US
3,2023-09-04,13,US
3,2023-09-05,15,US
3,2023-09-06,13,US
3,2023-09-07,15,US
3,2023-09-08,17,US
3,2023-09-09,14,US
3,2023-09-10,12,US
3,2023-09-11,15,US
3,2023-09-12,15,US
3,2023-09-13,15,US
3,2023-09-14,14,US
3,2023-09-15,13,US
3,2023-09-16,15,US
3,2023-09-17,16,US
3,2023-09-18,17,US
3,2023-09-19,12,US
3,2023-09-20,12,US
3,2023-09-21,15,US
3,2023-09-22,12,US
3,2023-09-23,17,US
3,2023-09-24,16,US
3,2023-09-25,17,US
3,2023-09-26,14,US
3,2023-09-27,14,US
3,2023-09-28,15,US
3,2023-09-29,15,US
3,2023-09-30,12,US
3,2023-10-01,13,US
3,2023-10-02,13,US
3,2023-10-03,16,US
3,2023-10-04,13,US
3,2023-10-05,15,US
3,2023-10-06,13,US
3,2023-10-07,12,US
3,2023-10-08,16,US
3,2023-10-09,14,US
3,2023-10-10,16,US
3,2023-10-11,15,US
3,2023-10-12,12,US
3,2023-10-13,13,US
3,2023-10-14,13,US
3,2023-10-15,14,US
3,2023-10-16,16,US
3,2023-10-17,17,US
3,2023-10-18,16,US
3,2023-10-19,15,US
3,2023-10-20,14,US
3,2023-10-21,15,US
3,2023-10-22,17,US
3,2023-10-23,15,US
3,2023-10-24,14,US
3,2023-10-25,16,US
3,2023-10-26,14,US
3,2023-10-27,16,US
3,2023-10-28,17,US
3,2023-10-29,13,US
3,2023-10-30,16,US
3,2023-10-31,13,US
3,2023-11-01,15,US
3,2023-11-02,13,US
3,2023-11-03,16,US
3,2023-11-04,16,US
3,2023-11-05,17,US
3,2023-11-06,14,US
3,2023-11-07,17,US
3,2023-11-08,13,US
3,2023-11-09,12,US
3,2023-11-10,17,US
3,2023-11-11,15,US
3,2023-11-12,17,US
3,2023-11-13,15,US
3,2023-11-14,14,US
3,2023-11-15,15,US
3,2023-11-16,17,US
3,2023-11-17,16,US
3,2023-11-18,16,US
3,2023-11-19,13,US
3,2023-11-20,12,US
3,2023-11-21,14,US
3,2023-11-22,14,US
3,2023-11-23,13,US
3,2023-11-24,14,US
3,2023-11-25,17,US
3,2023-11-26,13,US
3,2023-11-27,13,US
3,2023-11-28,12,US
3,2023-11-29,16,US
3,2023-11-30,16,US
3,2023-12-01,17,US
3,2023-12-02,14,US
3,2023-12-03,12,US
3,2023-12-04,14,US
3,2023-12-05,15,US
3,2023-12-06,13,US
3,2023-12-07,17,US
3,2023-12-08,16,US
3,2023-12-09,15,US
3,2023-12-10,16,US
3,2023-12-11,12,US
3,2023-12-12,17,US
3,2023-12-13,16,US
3,2023-12-14,17,US
3,2023-12-15,16,US
3,2023-12-16,12,US
3,2023-12-17,16,US
3,2023-12-18,14,US
3,2023-12-19,16,US
3,2023-12-20,15,US
3,2023-12-21,12,US
3,2023-12-22,17,US
3,2023-12-23,16,US
3,2023-12-24,15,US
3,2023-12-25,12,US
3,2023-12-26,14,US
3,2023-12-27,12,US
3,2023-12-28,15,US
3,2023-12-29,15,US
3,2023-12-30,13,US
3,2023-12-31,15,US
3,2024-01-01,13,US
3,2024-01-02,17,US
3,2024-01-03,13,US
3,2024-01-04,13,US
3,2024-01-05,13,US
3,2024-01-06,13,US
3,2024-01-07,14,US
3,2024-01-08,12,US
3,2024-01-09,12,US
3,2024-01-10,13,US
3,2024-01-11,12,US
3,2024-01-12,15,US
3,2024-01-13,15,US
3,2024-01-14,13,US
3,2024-01-15,14,US
3,2024-01-16,13,US
3,2024-01-17,12,US
3,2024-01-18,16,US
3,2024-01-19,13,US
3,2024-01-20,13,US
3,2024-01-21,12,US
3,2024-01-22,15,US
3,2024-01-23,14,US
3,2024-01-24,14,US
3,2024-01-25,12,US
3,2024-01-26,14,US
3,2024-01-27,16,US
3,2024-01-28,12,US
3,2024-01-29,12,US
3,2024-01-30,14,US
3,2024-01-31,13,US
3,2024-02-01,15,US
3,2024-02-02,15,US
3,2024-02-03,17,US
3,2024-02-04,16,US
3,2024-02-05,15,US
3,2024-02-06,13,US
3,2024-02-07,16,US
3,2024-02-08,16,US
3,2024-02-09,16,US
3,2024-02-10,15,US
3,2024-02-11,17,US
3,2024-02-12,16,US
3,2024-02-13,14,US
3,2024-02-14,12,US
3,2024-02-15,16,US
3,2024-02-16,17,US
3,2024-02-17,14,US
3,2024-02-18,14,US
3,2024-02-19,16,US
3,2024-02-20,16,US
3,2024-02-21,14,US
3,2024-02-22,13,US
3,2024-02-23,13,US
3,2024-02-24,17,US
3,2024-02-25,15,US
3,2024-02-26,17,US
3,2024-02-27,14,US
3,2024-02-28,16,US
3,2024-02-29,15,US
3,2024-03-01,16,US
3,2024-03-02,17,US
3,2024-03-03,14,US
3,2024-03-04,12,US
3,2024-03-05,14,US
3,2024-03-06,14,US
3,2024-03-07,14,US
3,2024-03-08,13,US
3,2024-03-09,16,US
3,2024-03-10,15,US
3,2024-03-11,12,US
3,2024-03-12,12,US
3,2024-03-13,16,US
3,2024-03-14,16,US
3,2024-03-15,13,US
3,2024-03-16,15,US
3,2024-03-17,16,US
3,2024-03-18,15,US
3,2024-03-19,14,US
3,2024-03-20,14,US
3,2024-03-21,15,US
3,2024-03-22,15,US
3,2024-03-23,17,US
3,2024-03-24,14,US
3,2024-03-25,14,US
3,2024-03-26,16,US
3,2024-03-27,15,US
3,2024-03-28,16,US
3,2024-03-29,14,US
3,2024-03-30,16,US
3,2024-03-31,15,US
3,2024-04-01,13,US
3,2024-04-02,15,US
3,2024-04-03,12,US
3,2024-04-04,17,US
3,2024-04-05,15,US
3,2024-04-06,14,US
3,2024-04-07,15,US
3,2024-04-08,14,US
3,2024-04-09,15,US
3,2024-04-10,16,US
3,2024-04-11,13,US
3,2024-04-12,17,US
3,2024-04-13,12,US
3,2024-04-14,12,US
3,2024-04-15,16,US
3,2024-04-16,16,US
3,2024-04-17,14,US
3,2024-04-18,14,US
3,2024-04-19,15,US
3,2024-04-20,12,US
3,2024-04-21,16,US
3,2024-04-22,17,US
3,2024-04-23,17,US
3,2024-04-24,15,US
3,2024-04-25,12,US
3,2024-04-26,12,US
3,2024-04-27,12,US
3,2024-04-28,15,US
3,2024-04-29,14,US
3,2024-04-30,15,US
3,2024-05-01,13,US
3,2024-05-02,16,US
3,2024-05-03,13,US
3,2024-05-04,15,US
3,2024-05-05,17,US
3,2024-05-06,13,US
3,2024-05-07,17,US
3,2024-05-08,14,US
3,2024-05-09,17,US
3,2024-05-10,14,US
3,2024-05-11,12,US
3,2024-05-12,12,US
3,2024-05-13,17,US
3,2024-05-14,14,US
3,2024-05-15,12,US
3,2024-05-16,13,US
3,2024-05-17,14,US
3,2024-05-18,15,US
3,2024-05-19,12,US
3,2024-05-20,16,US
3,2024-05-21,16,US
3,2024-05-22,14,US
3,2024-05-23,17,US
3,2024-05-24,17,US
3,2024-05-25,13,US
3,2024-05-26,16,US
3,2024-05-27,14,US
3,2024-05-28,13,US
3,2024-05-29,14,US
3,2024-05-30,14,US
3,2024-05-31,15,US
3,2024-06-01,15,US
3,2024-06-02,14,US
3,2024-06-03,13,US
3,2024-06-04,14,US
3,2024-06-05,17,US
3,2024-06-06,17,US
3,2024-06-07,12,US
3,2024-06-08,17,US
3,2024-06-09,16,US
3,2024-06-10,12,US
3,2024-06-11,12,US
3,2024-06-12,12,US
3,2024-06-13,16,US
3,2024-06-14,14,US
3,2024-06-15,14,US
3,2024-06-16,17,US
3,2024-06-17,12,US
3,2024-06-18,15,US
3,2024-06-19,14,US
3,2024-06-20,14,US
3,2024-06-21,16,US
3,2024-06-22,15,US
3,2024-06-23,14,US
3,2024-06-24,13,US
3,2024-06-25,15,US
3,2024-06-26,15,US
3,2024-06-27,14,US
3,2024-06-28,14,US
3,2024-06-29,13,US
3,2024-06-30,15,US
3,2024-07-01,15,US
3,2024-07-02,17,US
3,2024-07-03,13,US
3,2024-07-04,15,US
3,2024-07-05,14,US
3,2024-07-06,15,US
3,2024-07-07,14,US
3,2024-07-08,17,US
3,2024-07-09,15,US
3,2024-07-10,16,US
3,2024-07-11,12,US
3,2024-07-12,14,US
3,2024-07-13,16,US
3,2024-07-14,12,US
3,2024-07-15,16,US
3,2024-07-16,17,US
3,2024-07-17,17,US
3,2024-07-18,16,US
3,2024-07-19,14,US
3,2024-07-20,12,US
3,2024-07-21,17,US
3,2024-07-22,12,US
3,2024-07-23,14,US
3,2024-07-24,16,US
3,2024-07-25,17,US
3,2024-07-26,12,US
3,2024-07-27,15,US
3,2024-07-28,16,US
3,2024-07-29,13,US
3,2024-07-30,12,US
3,2024-07-31,14,US
3,2024-08-01,16,US
3,2024-08-02,14,US
3,2024-08-03,15,US
3,2024-08-04,14,US
3,2024-08-05,16,US
3,2024-08-06,14,US
3,2024-08-07,17,US
3,2024-08-08,16,US
3,2024-08-09,13,US
3,2024-08-10,12,US
3,2024-08-11,17,US
3,2024-08-12,16,US
3,2024-08-13,16,US
3,2024-08-14,15,US
3,2024-08-15,12,US
3,2024-08-16,14,US
3,2024-08-17,13,US
3,2024-08-18,12,US
3,2024-08-19,17,US
3,2024-08-20,16,US
3,2024-08-21,15,US
3,2024-08-22,13,US
3,2024-08-23,12,US
3,2024-08-24,15,US
3,2024-08-25,17,US
3,2024-08-26,13,US
3,2024-08-27,12,US
3,2024-08-28,13,US
3,2024-08-29,17,US
3,2024-08-30,12,US
3,2024-08-31,12,US
3,2024-09-01,13,US
3,2024-09-02,15,US
3,2024-09-03,12,US
3,2024-09-04,14,US
3,2024-09-05,16,US
3,2024-09-06,13,US
3,2024-09-07,16,US
3,2024-09-08,14,US
3,2024-09-09,16,US
3,2024-09-10,17,US
3,2024-09-11,14,US
3,2024-09-12,12,US
3,2024-09-13,12,US
3,2024-09-14,17,US
3,2024-09-15,12,US
3,2024-09-16,14,US
3,2024-09-17,17,US
3,2024-09-18,16,US
3,2024-09-19,13,US
3,2024-09-20,14,US
3,2024-09-21,15,US
3,2024-09-22,13,US
3,2024-09-23,16,US
3,2024-09-24,14,US
3,2024-09-25,15,US
3,2024-09-26,16,US
3,2024-09-27,12,US
3,2024-09-28,13,US
3,2024-09-29,14,US
3,2024-09-30,13,US
3,2024-10-01,16,US
3,2024-10-02,16,US
3,2024-10-03,15,US
3,2024-10-04,14,US
3,2024-10-05,16,US
3,2024-10-06,14,US
3,2024-10-07,12,US
3,2024-10-08,17,US
3,2024-10-09,12,US
3,2024-10-10,17,US
3,2024-10-11,14,US
3,2024-10-12,16,US
3,2024-10-13,17,US
3,2024-10-14,16,US
3,2024-10-15,12,US
3,2024-10-16,17,US
3,2024-10-17,15,US
3,2024-10-18,17,US
3,2024-10-19,14,US
3,2024-10-20,17,US
3,2024-10-21,17,US
3,2024-10-22,14,US
3,2024-10-23,13,US
3,2024-10-24,12,US
3,2024-10-25,15,US
3,2024-10-26,14,US
3,2024-10-27,16,US
3,2024-10-28,16,US
3,2024-10-29,16,US
3,2024-10-30,15,US
3,2024-10-31,13,US
3,2024-11-01,14,US
3,2024-11-02,16,US
3,2024-11-03,13,US
3,2024-11-04,15,US
3,2024-11-05,16,US
3,2024-11-06,16,US
3,2024-11-07,12,US
3,2024-11-08,12,US
3,2024-11-09,12,US
3,2024-11-10,14,US
3,2024-11-11,13,US
3,2024-11-12,13,US
3,2024-11-13,13,US
3,2024-11-14,12,US
3,2024-11-15,12,US
3,2024-11-16,17,US
3,2024-11-17,15,US
3,2024-11-18,17,US
3,2024-11-19,17,US
3,2024-11-20,15,US
3,2024-11-21,16,US
3,2024-11-22,12,US
3,2024-11-23,17,US
3,2024-11-24,12,US
3,2024-11-25,15,US
3,2024-11-26,17,US
3,2024-11-27,15,US
3,2024-11-28,17,US
3,2024-11-29,17,US
3,2024-11-30,16,US
3,2024-12-01,13,US
3,2024-12-02,14,US
3,2024-12-03,17,US
3,2024-12-04,15,US
3,2024-12-05,17,US
3,2024-12-06,13,US
3,2024-12-07,14,US
3,2024-12-08,17,US
3,2024-12-09,16,US
3,2024-12-10,13,US
3,2024-12-11,12,US
3,2024-12-12,12,US
3,2024-12-13,16,US
3,2024-12-14,14,US
3,2024-12-15,13,US
3,2024-12-16,12,US
3,2024-12-17,17,US
3,2024-12-18,13,US
3,2024-12-19,14,US
3,2024-12-20,14,US
3,2024-12-21,17,US
3,2024-12-22,15,US
3,2024-12-23,13,US
3,2024-12-24,14,US
3,2024-12-25,12,US
3,2024-12-26,16,US
3,2024-12-27,13,US
3,2024-12-28,15,US
3,2024-12-29,17,US
3,2024-12-30,16,US
3,2024-12-31,12,US
4,2020-01-01,2,US
4,2020-01-02,7,US
4,2020-01-03,4,US
4,2020-01-04,6,US
4,2020-01-05,11,US
4,2020-01-06,4,US
4,2020-01-07,9,US
4,2020-01-08,12,US
4,2020-01-09,9,US
4,2020-01-10,6,US
4,2020-01-11,10,US
4,2020-01-12,12,US
4,2020-01-13,9,US
4,2020-01-14,9,US
4,2020-01-15,13,US
4,2020-01-16,9,US
4,2020-01-17,9,US
4,2020-01-18,13,US
4,2020-01-19,13,US
4,2020-01-20,13,US
4,2020-01-21,11,US
4,2020-01-22,5,US
4,2020-01-23,15,US
4,2020-01-24,14,US
4,2020-01-25,11,US
4,2020-01-26,12,US
4,2020-01-27,16,US
4,2020-01-28,11,US
4,2020-01-29,14,US
4,2020-01-30,12,US
4,2020-01-31,14,US
4,2020-02-01,18,US
4,2020-02-02,9,US
4,2020-02-03,14,US
4,2020-02-04,19,US
4,2020-02-05,10,US
4,2020-02-06,14,US
4,2020-02-07,18,US
4,2020-02-08,17,US
4,2020-02-09,12,US
4,2020-02-10,11,US
4,2020-02-11,15,US
4,2020-02-12,14,US
4,2020-02-13,19,US
4,2020-02-14,21,US
4,2020-02-15,19,US
4,2020-02-16,17,US
4,2020-02-17,14,US
4,2020-02-18,20,US
4,2020-02-19,21,US
4,2020-02-20,16,US
4,2020-02-21,17,US
4,2020-02-22,22,US
4,2020-02-23,22,US
4,2020-02-24,21,US
4,2020-02-25,17,US
4,2020-02-26,22,US
4,2020-02-27,20,US
4,2020-02-28,23,US
4,2020-02-29,27,US
4,2020-03-01,23,US
4,2020-03-02,29,US
4,2020-03-03,20,US
4,2020-03-04,21,US
4,2020-03-05,28,US
4,2020-03-06,21,US
4,2020-03-07,22,US
4,2020-03-08,30,US
4,2020-03-09,29,US
4,2020-03-10,27,US
4,2020-03-11,30,US
4,2020-03-12,32,US
4,2020-03-13,26,US
4,2020-03-14,30,US
4,2020-03-15,34,US
4,2020-03-16,26,US
4,2020-03-17,28,US
4,2020-03-18,33,US
4,2020-03-19,32,US
4,2020-03-20,37,US
4,2020-03-21,29,US
4,2020-03-22,36,US
4,2020-03-23,31,US
4,2020-03-24,32,US
4,2020-03-25,31,US
4,2020-03-26,34,US
4,2020-03-27,40,US
4,2020-03-28,37,US
4,2020-03-29,34,US
4,2020-03-30,39,US
4,2020-03-31,42,US
4,2020-04-01,36,US
4,2020-04-02,40,US
4,2020-04-03,44,US
4,2020-04-04,38,US
4,2020-04-05,45,US
4,2020-04-06,42,US
4,2020-04-07,46,US
4,2020-04-08,49,US
4,2020-04-09,46,US
4,2020-04-10,43,US
4,2020-04-11,50,US
4,2020-04-12,47,US
4,2020-04-13,43,US
4,2020-04-14,51,US
4,2020-04-15,51,US
4,2020-04-16,51,US
4,2020-04-17,50,US
4,2020-04-18,49,US
4,2020-04-19,47,US
4,2020-04-20,48,US
4,2020-04-21,51,US
4,2020-04-22,55,US
4,2020-04-23,54,US
4,2020-04-24,54,US
4,2020-04-25,59,US
4,2020-04-26,51,US
4,2020-04-27,52,US
4,2020-04-28,61,US
4,2020-04-29,59,US
4,2020-04-30,61,US
4,2020-05-01,54,US
4,2020-05-02,60,US
4,2020-05-03,56,US
4,2020-05-04,58,US
4,2020-05-05,58,US
4,2020-05-06,65,US
4,2020-05-07,68,US
4,2020-05-08,64,US
4,2020-05-09,68,US
4,2020-05-10,69,US
4,2020-05-11,69,US
4,2020-05-12,65,US
4,2020-05-13,70,US
4,2020-05-14,70,US
4,2020-05-15,69,US
4,2020-05-16,75,US
4,2020-05-17,73,US
4,2020-05-18,68,US
4,2020-05-19,70,US
4,2020-05-20,74,US
4,2020-05-21,80,US
4,2020-05-22,77,US
4,2020-05-23,80,US
4,2020-05-24,76,US
4,2020-05-25,73,US
4,2020-05-26,77,US
4,2020-05-27,76,US
4,2020-05-28,81,US
4,2020-05-29,78,US
4,2020-05-30,81,US
4,2020-05-31,86,US
4,2020-06-01,85,US
4,2020-06-02,83,US
4,2020-06-03,79,US
4,2020-06-04,83,US
4,2020-06-05,81,US
4,2020-06-06,75,US
4,2020-06-07,73,US
4,2020-06-08,78,US
4,2020-06-09,76,US
4,2020-06-10,77,US
4,2020-06-11,71,US
4,2020-06-12,67,US
4,2020-06-13,71,US
4,2020-06-14,63,US
4,2020-06-15,68,US
4,2020-06-16,64,US
4,2020-06-17,64,US
4,2020-06-18,62,US
4,2020-06-19,66,US
4,2020-06-20,64,US
4,2020-06-21,56,US
4,2020-06-22,62,US
4,2020-06-23,63,US
4,2020-06-24,54,US
4,2020-06-25,59,US
4,2020-06-26,55,US
4,2020-06-27,51,US
4,2020-06-28,58,US
4,2020-06-29,55,US
4,2020-06-30,53,US
4,2020-07-01,49,US
4,2020-07-02,47,US
4,2020-07-03,51,US
4,2020-07-04,47,US
4,2020-07-05,51,US
4,2020-07-06,45,US
4,2020-07-07,42,US
4,2020-07-08,48,US
4,2020-07-09,48,US
4,2020-07-10,43,US
4,2020-07-11,40,US
4,2020-07-12,42,US
4,2020-07-13,42,US
4,2020-07-14,45,US
4,2020-07-15,37,US
4,2020-07-16,44,US
4,2020-07-17,39,US
4,2020-07-18,37,US
4,2020-07-19,34,US
4,2020-07-20,39,US
4,2020-07-21,38,US
4,2020-07-22,41,US
4,2020-07-23,32,US
4,2020-07-24,31,US
4,2020-07-25,36,US
4,2020-07-26,29,US
4,2020-07-27,29,US
4,2020-07-28,36,US
4,2020-07-29,31,US
4,2020-07-30,28,US
4,2020-07-31,29,US
4,2020-08-01,34,US
4,2020-08-02,31,US
4,2020-08-03,32,US
4,2020-08-04,30,US
4,2020-08-05,29,US
4,2020-08-06,24,US
4,2020-08-07,32,US
4,2020-08-08,30,US
4,2020-08-09,22,US
4,2020-08-10,30,US
4,2020-08-11,25,US
4,2020-08-12,30,US
4,2020-08-13,26,US
4,2020-08-14,28,US
4,2020-08-15,22,US
4,2020-08-16,26,US
4,2020-08-17,25,US
4,2020-08-18,20,US
4,2020-08-19,21,US
4,2020-08-20,23,US
4,2020-08-21,25,US
4,2020-08-22,22,US
4,2020-08-23,20,US
4,2020-08-24,21,US
4,2020-08-25,20,US
4,2020-08-26,25,US
4,2020-08-27,20,US
4,2020-08-28,20,US
4,2020-08-29,21,US
4,2020-08-30,57,US
4,2020-08-31,59,US
4,2020-09-01,58,US
4,2020-09-02,60,US
4,2020-09-03,60,US
4,2020-09-04,57,US
4,2020-09-05,55,US
4,2020-09-06,57,US
4,2020-09-07,53,US
4,2020-09-08,57,US
4,2020-09-09,58,US
4,2020-09-10,53,US
4,2020-09-11,53,US
4,2020-09-12,55,US
4,2020-09-13,51,US
4,2020-09-14,53,US
4,2020-09-15,52,US
4,2020-09-16,54,US
4,2020-09-17,54,US
4,2020-09-18,53,US
4,2020-09-19,49,US
4,2020-09-20,51,US
4,2020-09-21,52,US
4,2020-09-22,53,US
4,2020-09-23,50,US
4,2020-09-24,52,US
4,2020-09-25,49,US
4,2020-09-26,49,US
4,2020-09-27,50,US
4,2020-09-28,51,US
4,2020-09-29,46,US
4,2020-09-30,50,US
4,2020-10-01,47,US
4,2020-10-02,44,US
4,2020-10-03,46,US
4,2020-10-04,45,US
4,2020-10-05,49,US
4,2020-10-06,46,US
4,2020-10-07,47,US
4,2020-10-08,47,US
4,2020-10-09,43,US
4,2020-10-10,47,US
4,2020-10-11,46,US
4,2020-10-12,42,US
4,2020-10-13,47,US
4,2020-10-14,45,US
4,2020-10-15,46,US
4,2020-10-16,41,US
4,2020-10-17,42,US
4,2020-10-18,43,US
4,2020-10-19,42,US
4,2020-10-20,40,US
4,2020-10-21,42,US
4,2020-10-22,39,US
4,2020-10-23,43,US
4,2020-10-24,39,US
4,2020-10-25,44,US
4,2020-10-26,39,US
4,2020-10-27,38,US
4,2020-10-28,40,US
4,2020-10-29,43,US
4,2020-10-30,40,US
4,2020-10-31,42,US
4,2020-11-01,38,US
4,2020-11-02,41,US
4,2020-11-03,37,US
4,2020-11-04,38,US
4,2020-11-05,37,US
4,2020-11-06,39,US
4,2020-11-07,37,US
4,2020-11-08,35,US
4,2020-11-09,37,US
4,2020-11-10,37,US
4,2020-11-11,37,US
4,2020-11-12,35,US
4,2020-11-13,38,US
4,2020-11-14,38,US
4,2020-11-15,37,US
4,2020-11-16,35,US
4,2020-11-17,37,US
4,2020-11-18,38,US
4,2020-11-19,38,US
4,2020-11-20,37,US
4,2020-11-21,38,US
4,2020-11-22,33,US
4,2020-11-23,37,US
4,2020-11-24,35,US
4,2020-11-25,32,US
4,2020-11-26,37,US
4,2020-11-27,33,US
4,2020-11-28,17,US
4,2020-11-29,12,US
4,2020-11-30,13,US
4,2020-12-01,16,US
4,2020-12-02,14,US
4,2020-12-03,17,US
4,2020-12-04,15,US
4,2020-12-05,15,US
4,2020-12-06,13,US
4,2020-12-07,17,US
4,2020-12-08,15,US
4,2020-12-09,12,US
4,2020-12-10,14,US
4,2020-12-11,14,US
4,2020-12-12,15,US
4,2020-12-13,13,US
4,2020-12-14,12,US
4,2020-12-15,17,US
4,2020-12-16,13,US
4,2020-12-17,17,US
4,2020-12-18,15,US
4,2020-12-19,14,US
4,2020-12-20,14,US
4,2020-12-21,15,US
4,2020-12-22,13,US
4,2020-12-23,15,US
4,2020-12-24,16,US
4,2020-12-25,17,US
4,2020-12-26,14,US
4,2020-12-27,13,US
4,2020-12-28,12,US
4,2020-12-29,16,US
4,2020-12-30,13,US
4,2020-12-31,13,US
4,2021-01-01,14,US
4,2021-01-02,17,US
4,2021-01-03,16,US
4,2021-01-04,12,US
4,2021-01-05,14,US
4,2021-01-06,14,US
4,2021-01-07,12,US
4,2021-01-08,17,US
4,2021-01-09,16,US
4,2021-01-10,13,US
4,2021-01-11,17,US
4,2021-01-12,17,US
4,2021-01-13,16,US
4,2021-01-14,15,US
4,2021-01-15,12,US
4,2021-01-16,13,US
4,2021-01-17,12,US
4,2021-01-18,13,US
4,2021-01-19,12,US
4,2021-01-20,13,US
4,2021-01-21,13,US
4,2021-01-22,15,US
4,2021-01-23,12,US
4,2021-01-24,13,US
4,2021-01-25,14,US
4,2021-01-26,14,US
4,2021-01-27,15,US
4,2021-01-28,12,US
4,2021-01-29,13,US
4,2021-01-30,17,US
4,2021-01-31,14,US
4,2021-02-01,14,US
4,2021-02-02,12,US
4,2021-02-03,14,US
4,2021-02-04,13,US
4,2021-02-05,12,US
4,2021-02-06,16,US
4,2021-02-07,17,US
4,2021-02-08,13,US
4,2021-02-09,16,US
4,2021-02-10,14,US
4,2021-02-11,13,US
4,2021-02-12,17,US
4,2021-02-13,17,US
4,2021-02-14,15,US
4,2021-02-15,12,US
4,2021-02-16,15,US
4,2021-02-17,17,US
4,2021-02-18,14,US
4,2021-02-19,16,US
4,2021-02-20,16,US
4,2021-02-21,17,US
4,2021-02-22,12,US
4,2021-02-23,15,US
4,2021-02-24,13,US
4,2021-02-25,14,US
4,2021-02-26,17,US
4,2021-02-27,14,US
4,2021-02-28,12,US
4,2021-03-01,12,US
4,2021-03-02,15,US
4,2021-03-03,15,US
4,2021-03-04,13,US
4,2021-03-05,17,US
4,2021-03-06,13,US
4,2021-03-07,12,US
4,2021-03-08,15,US
4,2021-03-09,14,US
4,2021-03-10,16,US
4,2021-03-11,12,US
4,2021-03-12,15,US
4,2021-03-13,13,US
4,2021-03-14,13,US
4,2021-03-15,15,US
4,2021-03-16,17,US
4,2021-03-17,17,US
4,2021-03-18,14,US
4,2021-03-19,12,US
4,2021-03-20,17,US
4,2021-03-21,14,US
4,2021-03-22,14,US
4,2021-03-23,13,US
4,2021-03-24,14,US
4,2021-03-25,17,US
4,2021-03-26,17,US
4,2021-03-27,12,US
4,2021-03-28,16,US
4,2021-03-29,14,US
4,2021-03-30,17,US
4,2021-03-31,16,US
4,2021-04-01,13,US
4,2021-04-02,16,US
4,2021-04-03,17,US
4,2021-04-04,14,US
4,2021-04-05,17,US
4,2021-04-06,12,US
4,2021-04-07,15,US
4,2021-04-08,12,US
4,2021-04-09,13,US
4,2021-04-10,14,US
4,2021-04-11,17,US
4,2021-04-12,17,US
4,2021-04-13,12,US
4,2021-04-14,17,US
4,2021-04-15,16,US
4,2021-04-16,12,US
4,2021-04-17,14,US
4,2021-04-18,17,US
4,2021-04-19,14,US
4,2021-04-20,15,US
4,2021-04-21,16,US
4,2021-04-22,16,US
4,2021-04-23,12,US
4,2021-04-24,13,US
4,2021-04-25,14,US
4,2021-04-26,15,US
4,2021-04-27,12,US
4,2021-04-28,16,US
4,2021-04-29,17,US
4,2021-04-30,13,US
4,2021-05-01,15,US
4,2021-05-02,14,US
4,2021-05-03,12,US
4,2021-05-04,12,US
4,2021-05-05,13,US
4,2021-05-06,17,US
4,2021-05-07,17,US
4,2021-05-08,14,US
4,2021-05-09,15,US
4,2021-05-10,17,US
4,2021-05-11,14,US
4,2021-05-12,14,US
4,2021-05-13,16,US
4,2021-05-14,13,US
4,2021-05-15,12,US
4,2021-05-16,13,US
4,2021-05-17,17,US
4,2021-05-18,12,US
4,2021-05-19,16,US
4,2021-05-20,15,US
4,2021-05-21,15,US
4,2021-05-22,17,US
4,2021-05-23,15,US
4,2021-05-24,14,US
4,2021-05-25,16,US
4,2021-05-26,12,US
4,2021-05-27,15,US
4,2021-05-28,15,US
4,2021-05-29,17,US
4,2021-05-30,12,US
4,2021-05-31,12,US
4,2021-06-01,13,US
4,2021-06-02,17,US
4,2021-06-03,12,US
4,2021-06-04,12,US
4,2021-06-05,13,US
4,2021-06-06,14,US
4,2021-06-07,17,US
4,2021-06-08,14,US
4,2021-06-09,13,US
4,2021-06-10,15,US
4,2021-06-11,17,US
4,2021-06-12,15,US
4,2021-06-13,16,US
4,2021-06-14,13,US
4,2021-06-15,12,US
4,2021-06-16,16,US
4,2021-06-17,15,US
4,2021-06-18,17,US
4,2021-06-19,16,US
4,2021-06-20,16,US
4,2021-06-21,13,US
4,2021-06-22,16,US
4,2021-06-23,16,US
4,2021-06-24,12,US
4,2021-06-25,15,US
4,2021-06-26,16,US
4,2021-06-27,12,US
4,2021-06-28,15,US
4,2021-06-29,14,US
4,2021-06-30,14,US
4,2021-07-01,14,US
4,2021-07-02,17,US
4,2021-07-03,12,US
4,2021-07-04,12,US
4,2021-07-05,13,US
4,2021-07-06,13,US
4,2021-07-07,17,US
4,2021-07-08,15,US
4,2021-07-09,16,US
4,2021-07-10,15,US
4,2021-07-11,15,US
4,2021-07-12,15,US
4,2021-07-13,16,US
4,2021-07-14,12,US
4,2021-07-15,14,US
4,2021-07-16,12,US
4,2021-07-17,16,US
4,2021-07-18,17,US
4,2021-07-19,14,US
4,2021-07-20,13,US
4,2021-07-21,14,US
4,2021-07-22,16,US
4,2021-07-23,17,US
4,2021-07-24,15,US
4,2021-07-25,16,US
4,2021-07-26,14,US
4,2021-07-27,16,US
4,2021-07-28,12,US
4,2021-07-29,16,US
4,2021-07-30,13,US
4,2021-07-31,17,US
4,2021-08-01,12,US
4,2021-08-02,13,US
4,2021-08-03,12,US
4,2021-08-04,12,US
4,2021-08-05,12,US
4,2021-08-06,16,US
4,2021-08-07,16,US
4,2021-08-08,12,US
4,2021-08-09,16,US
4,2021-08-10,16,US
4,2021-08-11,12,US
4,2021-08-12,12,US
4,2021-08-13,16,US
4,2021-08-14,15,US
4,2021-08-15,12,US
4,2021-08-16,12,US
4,2021-08-17,13,US
4,2021-08-18,12,US
4,2021-08-19,16,US
4,2021-08-20,16,US
4,2021-08-21,16,US
4,2021-08-22,17,US
4,2021-08-23,13,US
4,2021-08-24,17,US
4,2021-08-25,13,US
4,2021-08-26,14,US
4,2021-08-27,12,US
4,2021-08-28,17,US
4,2021-08-29,17,US
4,2021-08-30,17,US
4,2021-08-31,14,US
4,2021-09-01,12,US
4,2021-09-02,15,US
4,2021-09-03,16,US
4,2021-09-04,13,US
4,2021-09-05,15,US
4,2021-09-06,12,US
4,2021-09-07,15,US
4,2021-09-08,12,US
4,2021-09-09,13,US
4,2021-09-10,13,US
4,2021-09-11,13,US
4,2021-09-12,17,US
4,2021-09-13,15,US
4,2021-09-14,17,US
4,2021-09-15,12,US
4,2021-09-16,13,US
4,2021-09-17,15,US
4,2021-09-18,16,US
4,2021-09-19,14,US
4,2021-09-20,15,US
4,2021-09-21,14,US
4,2021-09-22,17,US
4,2021-09-23,13,US
4,2021-09-24,14,US
4,2021-09-25,14,US
4,2021-09-26,13,US
4,2021-09-27,13,US
4,2021-09-28,12,US
4,2021-09-29,17,US
4,2021-09-30,12,US
4,2021-10-01,12,US
4,2021-10-02,12,US
4,2021-10-03,16,US
4,2021-10-04,16,US
4,2021-10-05,15,US
4,2021-10-06,12,US
4,2021-10-07,13,US
4,2021-10-08,12,US
4,2021-10-09,13,US
4,2021-10-10,15,US
4,2021-10-11,13,US
4,2021-10-12,17,US
4,2021-10-13,14,US
4,2021-10-14,15,US
4,2021-10-15,13,US
4,2021-10-16,17,US
4,2021-10-17,13,US
4,2021-10-18,12,US
4,2021-10-19,17,US
4,2021-10-20,14,US
4,2021-10-21,16,US
4,2021-10-22,13,US
4,2021-10-23,17,US
4,2021-10-24,14,US
4,2021-10-25,12,US
4,2021-10-26,14,US
4,2021-10-27,15,US
4,2021-10-28,12,US
4,2021-10-29,12,US
4,2021-10-30,14,US
4,2021-10-31,15,US
4,2021-11-01,12,US
4,2021-11-02,17,US
4,2021-11-03,17,US
4,2021-11-04,12,US
4,2021-11-05,17,US
4,2021-11-06,14,US
4,2021-11-07,15,US
4,2021-11-08,17,US
4,2021-11-09,12,US
4,2021-11-10,17,US
4,2021-11-11,16,US
4,2021-11-12,13,US
4,2021-11-13,16,US
4,2021-11-14,15,US
4,2021-11-15,13,US
4,2021-11-16,16,US
4,2021-11-17,15,US
4,2021-11-18,14,US
4,2021-11-19,14,US
4,2021-11-20,15,US
4,2021-11-21,14,US
4,2021-11-22,14,US
4,2021-11-23,13,US
4,2021-11-24,16,US
4,2021-11-25,12,US
4,2021-11-26,13,US
4,2021-11-27,14,US
4,2021-11-28,15,US
4,2021-11-29,12,US
4,2021-11-30,12,US
4,2021-12-01,12,US
4,2021-12-02,12,US
4,2021-12-03,16,US
4,2021-12-04,17,US
4,2021-12-05,14,US
4,2021-12-06,16,US
4,2021-12-07,12,US
4,2021-12-08,15,US
4,2021-12-09,12,US
4,2021-12-10,12,US
4,2021-12-11,16,US
4,2021-12-12,16,US
4,2021-12-13,16,US
4,2021-12-14,13,US
4,2021-12-15,15,US
4,2021-12-16,14,US
4,2021-12-17,13,US
4,2021-12-18,14,US
4,2021-12-19,17,US
4,2021-12-20,15,US
4,2021-12-21,17,US
4,2021-12-22,12,US
4,2021-12-23,14,US
4,2021-12-24,17,US
4,2021-12-25,14,US
4,2021-12-26,13,US
4,2021-12-27,14,US
4,2021-12-28,14,US
4,2021-12-29,12,US
4,2021-12-30,15,US
4,2021-12-31,17,US
4,2022-01-01,13,US
4,2022-01-02,16,US
4,2022-01-03,14,US
4,2022-01-04,12,US
4,2022-01-05,16,US
4,2022-01-06,14,US
4,2022-01-07,12,US
4,2022-01-08,16,US
4,2022-01-09,15,US
4,2022-01-10,16,US
4,2022-01-11,15,US
4,2022-01-12,14,US
4,2022-01-13,17,US
4,2022-01-14,15,US
4,2022-01-15,14,US
4,2022-01-16,14,US
4,2022-01-17,17,US
4,2022-01-18,15,US
4,2022-01-19,14,US
4,2022-01-20,17,US
4,2022-01-21,13,US
4,2022-01-22,12,US
4,2022-01-23,12,US
4,2022-01-24,17,US
4,2022-01-25,14,US
4,2022-01-26,16,US
4,2022-01-27,12,US
4,2022-01-28,17,US
4,2022-01-29,14,US
4,2022-01-30,12,US
4,2022-01-31,14,US
4,2022-02-01,14,US
4,2022-02-02,14,US
4,2022-02-03,15,US
4,2022-02-04,13,US
4,2022-02-05,15,US
4,2022-02-06,15,US
4,2022-02-07,17,US
4,2022-02-08,12,US
4,2022-02-09,13,US
4,2022-02-10,14,US
4,2022-02-11,12,US
4,2022-02-12,13,US
4,2022-02-13,14,US
4,2022-02-14,17,US
4,2022-02-15,15,US
4,2022-02-16,17,US
4,2022-02-17,13,US
4,2022-02-18,16,US
4,2022-02-19,15,US
4,2022-02-20,17,US
4,2022-02-21,14,US
4,2022-02-22,14,US
4,2022-02-23,15,US
4,2022-02-24,16,US
4,2022-02-25,12,US
4,2022-02-26,16,US
4,2022-02-27,14,US
4,2022-02-28,15,US
4,2022-03-01,16,US
4,2022-03-02,14,US
4,2022-03-03,15,US
4,2022-03-04,14,US
4,2022-03-05,14,US
4,2022-03-06,14,US
4,2022-03-07,17,US
4,2022-03-08,16,US
4,2022-03-09,17,US
4,2022-03-10,15,US
4,2022-03-11,13,US
4,2022-03-12,12,US
4,2022-03-13,17,US
4,2022-03-14,14,US
4,2022-03-15,13,US
4,2022-03-16,16,US
4,2022-03-17,12,US
4,2022-03-18,17,US
4,2022-03-19,12,US
4,2022-03-20,14,US
4,2022-03-21,12,US
4,2022-03-22,16,US
4,2022-03-23,14,US
4,2022-03-24,13,US
4,2022-03-25,16,US
4,2022-03-26,15,US
4,2022-03-27,13,US
4,2022-03-28,16,US
4,2022-03-29,14,US
4,2022-03-30,15,US
4,2022-03-31,13,US
4,2022-04-01,14,US
4,2022-04-02,15,US
4,2022-04-03,14,US
4,2022-04-04,16,US
4,2022-04-05,13,US
4,2022-04-06,12,US
4,2022-04-07,16,US
4,2022-04-08,17,US
4,2022-04-09,15,US
4,2022-04-10,13,US
4,2022-04-11,17,US
4,2022-04-12,16,US
4,2022-04-13,14,US
4,2022-04-14,17,US
4,2022-04-15,15,US
4,2022-04-16,15,US
4,2022-04-17,16,US
4,2022-04-18,14,US
4,2022-04-19,15,US
4,2022-04-20,15,US
4,2022-04-21,15,US
4,2022-04-22,14,US
4,2022-04-23,12,US
4,2022-04-24,12,US
4,2022-04-25,16,US
4,2022-04-26,13,US
4,2022-04-27,14,US
4,2022-04-28,13,US
4,2022-04-29,16,US
4,2022-04-30,12,US
4,2022-05-01,13,US
4,2022-05-02,14,US
4,2022-05-03,16,US
4,2022-05-04,15,US
4,2022-05-05,13,US
4,2022-05-06,15,US
4,2022-05-07,14,US
4,2022-05-08,12,US
4,2022-05-09,13,US
4,2022-05-10,13,US
4,2022-05-11,16,US
4,2022-05-12,14,US
4,2022-05-13,15,US
4,2022-05-14,14,US
4,2022-05-15,15,US
4,2022-05-16,12,US
4,2022-05-17,12,US
4,2022-05-18,12,US
4,2022-05-19,13,US
4,2022-05-20,16,US
4,2022-05-21,15,US
4,2022-05-22,13,US
4,2022-05-23,17,US
4,2022-05-24,17,US
4,2022-05-25,14,US
4,2022-05-26,12,US
4,2022-05-27,17,US
4,2022-05-28,12,US
4,2022-05-29,15,US
4,2022-05-30,17,US
4,2022-05-31,17,US
4,2022-06-01,14,US
4,2022-06-02,14,US
4,2022-06-03,15,US
4,2022-06-04,12,US
4,2022-06-05,17,US
4,2022-06-06,16,US
4,2022-06-07,12,US
4,2022-06-08,12,US
4,2022-06-09,16,US
4,2022-06-10,17,US
4,2022-06-11,15,US
4,2022-06-12,16,US
4,2022-06-13,17,US
4,2022-06-14,17,US
4,2022-06-15,13,US
4,2022-06-16,17,US
4,2022-06-17,13,US
4,2022-06-18,12,US
4,2022-06-19,16,US
4,2022-06-20,13,US
4,2022-06-21,15,US
4,2022-06-22,14,US
4,2022-06-23,16,US
4,2022-06-24,13,US
4,2022-06-25,14,US
4,2022-06-26,12,US
4,2022-06-27,13,US
4,2022-06-28,17,US
4,2022-06-29,14,US
4,2022-06-30,13,US
4,2022-07-01,15,US
4,2022-07-02,14,US
4,2022-07-03,14,US
4,2022-07-04,17,US
4,2022-07-05,13,US
4,2022-07-06,14,US
4,2022-07-07,16,US
4,2022-07-08,17,US
4,2022-07-09,17,US
4,2022-07-10,17,US
4,2022-07-11,14,US
4,2022-07-12,16,US
4,2022-07-13,16,US
4,2022-07-14,12,US
4,2022-07-15,17,US
4,2022-07-16,15,US
4,2022-07-17,17,US
4,2022-07-18,15,US
4,2022-07-19,17,US
4,2022-07-20,16,US
4,2022-07-21,16,US
4,2022-07-22,13,US
4,2022-07-23,15,US
4,2022-07-24,13,US
4,2022-07-25,17,US
4,2022-07-26,14,US
4,2022-07-27,16,US
4,2022-07-28,12,US
4,2022-07-29,17,US
4,2022-07-30,17,US
4,2022-07-31,14,US
4,2022-08-01,17,US
4,2022-08-02,14,US
4,2022-08-03,17,US
4,2022-08-04,13,US
4,2022-08-05,12,US
4,2022-08-06,16,US
4,2022-08-07,13,US
4,2022-08-08,13,US
4,2022-08-09,17,US
4,2022-08-10,17,US
4,2022-08-11,15,US
4,2022-08-12,17,US
4,2022-08-13,16,US
4,2022-08-14,14,US
4,2022-08-15,12,US
4,2022-08-16,17,US
4,2022-08-17,16,US
4,2022-08-18,17,US
4,2022-08-19,14,US
4,2022-08-20,14,US
4,2022-08-21,17,US
4,2022-08-22,16,US
4,2022-08-23,17,US
4,2022-08-24,16,US
4,2022-08-25,16,US
4,2022-08-26,16,US
4,2022-08-27,15,US
4,2022-08-28,14,US
4,2022-08-29,15,US
4,2022-08-30,16,US
4,2022-08-31,16,US
4,2022-09-01,14,US
4,2022-09-02,12,US
4,2022-09-03,12,US
4,2022-09-04,15,US
4,2022-09-05,15,US
4,2022-09-06,16,US
4,2022-09-07,12,US
4,2022-09-08,14,US
4,2022-09-09,15,US
4,2022-09-10,13,US
4,2022-09-11,12,US
4,2022-09-12,12,US
4,2022-09-13,15,US
4,2022-09-14,17,US
4,2022-09-15,16,US
4,2022-09-16,16,US
4,2022-09-17,17,US
4,2022-09-18,16,US
4,2022-09-19,16,US
4,2022-09-20,13,US
4,2022-09-21,14,US
4,2022-09-22,16,US
4,2022-09-23,13,US
4,2022-09-24,16,US
4,2022-09-25,16,US
4,2022-09-26,16,US
4,2022-09-27,13,US
4,2022-09-28,14,US
4,2022-09-29,13,US
4,2022-09-30,17,US
4,2022-10-01,17,US
4,2022-10-02,17,US
4,2022-10-03,13,US
4,2022-10-04,17,US
4,2022-10-05,17,US
4,2022-10-06,15,US
4,2022-10-07,15,US
4,2022-10-08,17,US
4,2022-10-09,17,US
4,2022-10-10,13,US
4,2022-10-11,16,US
4,2022-10-12,13,US
4,2022-10-13,14,US
4,2022-10-14,14,US
4,2022-10-15,13,US
4,2022-10-16,12,US
4,2022-10-17,14,US
4,2022-10-18,17,US
4,2022-10-19,12,US
4,2022-10-20,16,US
4,2022-10-21,14,US
4,2022-10-22,17,US
4,2022-10-23,14,US
4,2022-10-24,16,US
4,2022-10-25,12,US
4,2022-10-26,16,US
4,2022-10-27,13,US
4,2022-10-28,17,US
4,2022-10-29,16,US
4,2022-10-30,13,US
4,2022-10-31,14,US
4,2022-11-01,12,US
4,2022-11-02,17,US
4,2022-11-03,15,US
4,2022-11-04,17,US
4,2022-11-05,13,US
4,2022-11-06,16,US
4,2022-11-07,14,US
4,2022-11-08,14,US
4,2022-11-09,12,US
4,2022-11-10,13,US
4,2022-11-11,13,US
4,2022-11-12,15,US
4,2022-11-13,17,US
4,2022-11-14,14,US
4,2022-11-15,16,US
4,2022-11-16,14,US
4,2022-11-17,12,US
4,2022-11-18,12,US
4,2022-11-19,13,US
4,2022-11-20,16,US
4,2022-11-21,16,US
4,2022-11-22,16,US
4,2022-11-23,16,US
4,2022-11-24,16,US
4,2022-11-25,13,US
4,2022-11-26,12,US
4,2022-11-27,12,US
4,2022-11-28,13,US
4,2022-11-29,13,US
4,2022-11-30,17,US
4,2022-12-01,17,US
4,2022-12-02,17,US
4,2022-12-03,17,US
4,2022-12-04,15,US
4,2022-12-05,16,US
4,2022-12-06,12,US
4,2022-12-07,13,US
4,2022-12-08,15,US
4,2022-12-09,13,US
4,2022-12-10,14,US
4,2022-12-11,14,US
4,2022-12-12,17,US
4,2022-12-13,15,US
4,2022-12-14,15,US
4,2022-12-15,13,US
4,2022-12-16,15,US
4,2022-12-17,17,US
4,2022-12-18,17,US
4,2022-12-19,12,US
4,2022-12-20,13,US
4,2022-12-21,15,US
4,2022-12-22,12,US
4,2022-12-23,12,US
4,2022-12-24,12,US
4,2022-12-25,12,US
4,2022-12-26,17,US
4,2022-12-27,17,US
4,2022-12-28,16,US
4,2022-12-29,17,US
4,2022-12-30,13,US
4,2022-12-31,17,US
4,2023-01-01,15,US
4,2023-01-02,16,US
4,2023-01-03,13,US
4,2023-01-04,13,US
4,2023-01-05,17,US
4,2023-01-06,13,US
4,2023-01-07,17,US
4,2023-01-08,16,US
4,2023-01-09,12,US
4,2023-01-10,17,US
4,2023-01-11,15,US
4,2023-01-12,16,US
4,2023-01-13,12,US
4,2023-01-14,12,US
4,2023-01-15,13,US
4,2023-01-16,12,US
4,2023-01-17,13,US
4,2023-01-18,16,US
4,2023-01-19,14,US
4,2023-01-20,17,US
4,2023-01-21,17,US
4,2023-01-22,12,US
4,2023-01-23,14,US
4,2023-01-24,16,US
4,2023-01-25,14,US
4,2023-01-26,14,US
4,2023-01-27,17,US
4,2023-01-28,17,US
4,2023-01-29,12,US
4,2023-01-30,12,US
4,2023-01-31,17,US
4,2023-02-01,13,US
4,2023-02-02,13,US
4,2023-02-03,15,US
4,2023-02-04,13,US
4,2023-02-05,17,US
4,2023-02-06,15,US
4,2023-02-07,15,US
4,2023-02-08,17,US
4,2023-02-09,15,US
4,2023-02-10,15,US
4,2023-02-11,14,US
4,2023-02-12,12,US
4,2023-02-13,16,US
4,2023-02-14,16,US
4,2023-02-15,17,US
4,2023-02-16,12,US
4,2023-02-17,16,US
4,2023-02-18,16,US
4,2023-02-19,14,US
4,2023-02-20,15,US
4,2023-02-21,17,US
4,2023-02-22,17,US
4,2023-02-23,12,US
4,2023-02-24,12,US
4,2023-02-25,16,US
4,2023-02-26,15,US
4,2023-02-27,14,US
4,2023-02-28,17,US
4,2023-03-01,15,US
4,2023-03-02,12,US
4,2023-03-03,17,US
4,2023-03-04,15,US
4,2023-03-05,17,US
4,2023-03-06,13,US
4,2023-03-07,16,US
4,2023-03-08,16,US
4,2023-03-09,17,US
4,2023-03-10,15,US
4,2023-03-11,13,US
4,2023-03-12,12,US
4,2023-03-13,15,US
4,2023-03-14,13,US
4,2023-03-15,12,US
4,2023-03-16,12,US
4,2023-03-17,17,US
4,2023-03-18,14,US
4,2023-03-19,14,US
4,2023-03-20,13,US
4,2023-03-21,17,US
4,2023-03-22,17,US
4,2023-03-23,12,US
4,2023-03-24,17,US
4,2023-03-25,12,US
4,2023-03-26,16,US
4,2023-03-27,13,US
4,2023-03-28,16,US
4,2023-03-29,15,US
4,2023-03-30,12,US
4,2023-03-31,14,US
4,2023-04-01,14,US
4,2023-04-02,16,US
4,2023-04-03,13,US
4,2023-04-04,16,US
4,2023-04-05,12,US
4,2023-04-06,15,US
4,2023-04-07,16,US
4,2023-04-08,15,US
4,2023-04-09,14,US
4,2023-04-10,17,US
4,2023-04-11,14,US
4,2023-04-12,15,US
4,2023-04-13,14,US
4,2023-04-14,16,US
4,2023-04-15,16,US
4,2023-04-16,15,US
4,2023-04-17,14,US
4,2023-04-18,14,US
4,2023-04-19,12,US
4,2023-04-20,14,US
4,2023-04-21,14,US
4,2023-04-22,13,US
4,2023-04-23,16,US
4,2023-04-24,12,US
4,2023-04-25,14,US
4,2023-04-26,15,US
4,2023-04-27,15,US
4,2023-04-28,13,US
4,2023-04-29,14,US
4,2023-04-30,17,US
4,2023-05-01,14,US
4,2023-05-02,12,US
4,2023-05-03,12,US
4,2023-05-04,17,US
4,2023-05-05,17,US
4,2023-05-06,15,US
4,2023-05-07,13,US
4,2023-05-08,12,US
4,2023-05-09,12,US
4,2023-05-10,12,US
4,2023-05-11,12,US
4,2023-05-12,14,US
4,2023-05-13,12,US
4,2023-05-14,15,US
4,2023-05-15,15,US
4,2023-05-16,13,US
4,2023-05-17,13,US
4,2023-05-18,12,US
4,2023-05-19,15,US
4,2023-05-20,12,US
4,2023-05-21,15,US
4,2023-05-22,13,US
4,2023-05-23,13,US
4,2023-05-24,14,US
4,2023-05-25,12,US
4,2023-05-26,17,US
4,2023-05-27,13,US
4,2023-05-28,15,US
4,2023-05-29,14,US
4,2023-05-30,16,US
4,2023-05-31,15,US
4,2023-06-01,13,US
4,2023-06-02,17,US
4,2023-06-03,17,US
4,2023-06-04,13,US
4,2023-06-05,13,US
4,2023-06-06,16,US
4,2023-06-07,15,US
4,2023-06-08,17,US
4,2023-06-09,12,US
4,2023-06-10,15,US
4,2023-06-11,12,US
4,2023-06-12,12,US
4,2023-06-13,13,US
4,2023-06-14,14,US
4,2023-06-15,16,US
4,2023-06-16,17,US
4,2023-06-17,17,US
4,2023-06-18,15,US
4,2023-06-19,14,US
4,2023-06-20,15,US
4,2023-06-21,17,US
4,2023-06-22,14,US
4,2023-06-23,16,US
4,2023-06-24,16,US
4,2023-06-25,14,US
4,2023-06-26,13,US
4,2023-06-27,12,US
4,2023-06-28,12,US
4,2023-06-29,12,US
4,2023-06-30,12,US
4,2023-07-01,17,US
4,2023-07-02,17,US
4,2023-07-03,13,US
4,2023-07-04,15,US
4,2023-07-05,15,US
4,2023-07-06,14,US
4,2023-07-07,15,US
4,2023-07-08,16,US
4,2023-07-09,13,US
4,2023-07-10,13,US
4,2023-07-11,14,US
4,2023-07-12,14,US
4,2023-07-13,12,US
4,2023-07-14,12,US
4,2023-07-15,12,US
4,2023-07-16,16,US
4,2023-07-17,17,US
4,2023-07-18,14,US
4,2023-07-19,17,US
4,2023-07-20,15,US
4,2023-07-21,13,US
4,2023-07-22,15,US
4,2023-07-23,17,US
4,2023-07-24,12,US
4,2023-07-25,12,US
4,2023-07-26,15,US
4,2023-07-27,16,US
4,2023-07-28,17,US
4,2023-07-29,17,US
4,2023-07-30,16,US
4,2023-07-31,15,US
4,2023-08-01,15,US
4,2023-08-02,13,US
4,2023-08-03,14,US
4,2023-08-04,14,US
4,2023-08-05,15,US
4,2023-08-06,15,US
4,2023-08-07,16,US
4,2023-08-08,16,US
4,2023-08-09,14,US
4,2023-08-10,16,US
4,2023-08-11,15,US
4,2023-08-12,14,US
4,2023-08-13,13,US
4,2023-08-14,12,US
4,2023-08-15,17,US
4,2023-08-16,14,US
4,2023-08-17,14,US
4,2023-08-18,14,US
4,2023-08-19,17,US
4,2023-08-20,14,US
4,2023-08-21,16,US
4,2023-08-22,12,US
4,2023-08-23,13,US
4,2023-08-24,13,US
4,2023-08-25,14,US
4,2023-08-26,13,US
4,2023-08-27,13,US
4,2023-08-28,17,US
4,2023-08-29,14,US
4,2023-08-30,15,US
4,2023-08-31,17,US
4,2023-09-01,15,US
4,2023-09-02,12,US
4,2023-09-03,13,US
4,2023-09-04,16,US
4,2023-09-05,17,US
4,2023-09-06,16,US
4,2023-09-07,16,US
4,2023-09-08,16,US
4,2023-09-09,16,US
4,2023-09-10,16,US
4,2023-09-11,17,US
4,2023-09-12,15,US
4,2023-09-13,13,US
4,2023-09-14,16,US
4,2023-09-15,16,US
4,2023-09-16,12,US
4,2023-09-17,13,US
4,2023-09-18,15,US
4,2023-09-19,12,US
4,2023-09-20,14,US
4,2023-09-21,17,US
4,2023-09-22,13,US
4,2023-09-23,13,US
4,2023-09-24,12,US
4,2023-09-25,12,US
4,2023-09-26,17,US
4,2023-09-27,14,US
4,2023-09-28,12,US
4,2023-09-29,16,US
4,2023-09-30,17,US
4,2023-10-01,12,US
4,2023-10-02,12,US
4,2023-10-03,14,US
4,2023-10-04,15,US
4,2023-10-05,12,US
4,2023-10-06,13,US
4,2023-10-07,13,US
4,2023-10-08,14,US
4,2023-10-09,14,US
4,2023-10-10,12,US
4,2023-10-11,17,US
4,2023-10-12,13,US
4,2023-10-13,12,US
4,2023-10-14,16,US
4,2023-10-15,15,US
4,2023-10-16,16,US
4,2023-10-17,16,US
4,2023-10-18,17,US
4,2023-10-19,14,US
4,2023-10-20,14,US
4,2023-10-21,17,US
4,2023-10-22,12,US
4,2023-10-23,12,US
4,2023-10-24,15,US
4,2023-10-25,16,US
4,2023-10-26,17,US
4,2023-10-27,16,US
4,2023-10-28,12,US
4,2023-10-29,12,US
4,2023-10-30,15,US
4,2023-10-31,17,US
4,2023-11-01,17,US
4,2023-11-02,12,US
4,2023-11-03,13,US
4,2023-11-04,14,US
4,2023-11-05,15,US
4,2023-11-06,16,US
4,2023-11-07,12,US
4,2023-11-08,15,US
4,2023-11-09,14,US
4,2023-11-10,12,US
4,2023-11-11,17,US
4,2023-11-12,14,US
4,2023-11-13,14,US
4,2023-11-14,16,US
4,2023-11-15,13,US
4,2023-11-16,16,US
4,2023-11-17,14,US
4,2023-11-18,15,US
4,2023-11-19,12,US
4,2023-11-20,14,US
4,2023-11-21,16,US
4,2023-11-22,14,US
4,2023-11-23,15,US
4,2023-11-24,12,US
4,2023-11-25,16,US
4,2023-11-26,14,US
4,2023-11-27,13,US
4,2023-11-28,16,US
4,2023-11-29,14,US
4,2023-11-30,14,US
4,2023-12-01,14,US
4,2023-12-02,17,US
4,2023-12-03,16,US
4,2023-12-04,14,US
4,2023-12-05,12,US
4,2023-12-06,12,US
4,2023-12-07,12,US
4,2023-12-08,16,US
4,2023-12-09,17,US
4,2023-12-10,12,US
4,2023-12-11,13,US
4,2023-12-12,17,US
4,2023-12-13,12,US
4,2023-12-14,12,US
4,2023-12-15,16,US
4,2023-12-16,15,US
4,2023-12-17,15,US
4,2023-12-18,17,US
4,2023-12-19,12,US
4,2023-12-20,15,US
4,2023-12-21,16,US
4,2023-12-22,15,US
4,2023-12-23,15,US
4,2023-12-24,13,US
4,2023-12-25,14,US
4,2023-12-26,16,US
4,2023-12-27,15,US
4,2023-12-28,13,US
4,2023-12-29,16,US
4,2023-12-30,17,US
4,2023-12-31,12,US
4,2024-01-01,13,US
4,2024-01-02,15,US
4,2024-01-03,17,US
4,2024-01-04,16,US
4,2024-01-05,14,US
4,2024-01-06,13,US
4,2024-01-07,15,US
4,2024-01-08,16,US
4,2024-01-09,15,US
4,2024-01-10,16,US
4,2024-01-11,17,US
4,2024-01-12,16,US
4,2024-01-13,14,US
4,2024-01-14,13,US
4,2024-01-15,13,US
4,2024-01-16,12,US
4,2024-01-17,14,US
4,2024-01-18,16,US
4,2024-01-19,16,US
4,2024-01-20,12,US
4,2024-01-21,17,US
4,2024-01-22,13,US
4,2024-01-23,12,US
4,2024-01-24,15,US
4,2024-01-25,15,US
4,2024-01-26,16,US
4,2024-01-27,12,US
4,2024-01-28,12,US
4,2024-01-29,16,US
4,2024-01-30,15,US
4,2024-01-31,13,US
4,2024-02-01,16,US
4,2024-02-02,16,US
4,2024-02-03,17,US
4,2024-02-04,12,US
4,2024-02-05,12,US
4,2024-02-06,14,US
4,2024-02-07,15,US
4,2024-02-08,14,US
4,2024-02-09,12,US
4,2024-02-10,15,US
4,2024-02-11,12,US
4,2024-02-12,13,US
4,2024-02-13,16,US
4,2024-02-14,14,US
4,2024-02-15,17,US
4,2024-02-16,16,US
4,2024-02-17,17,US
4,2024-02-18,15,US
4,2024-02-19,17,US
4,2024-02-20,15,US
4,2024-02-21,15,US
4,2024-02-22,15,US
4,2024-02-23,14,US
4,2024-02-24,13,US
4,2024-02-25,16,US
4,2024-02-26,16,US
4,2024-02-27,16,US
4,2024-02-28,16,US
4,2024-02-29,15,US
4,2024-03-01,13,US
4,2024-03-02,13,US
4,2024-03-03,15,US
4,2024-03-04,16,US
4,2024-03-05,14,US
4,2024-03-06,12,US
4,2024-03-07,16,US
4,2024-03-08,16,US
4,2024-03-09,12,US
4,2024-03-10,12,US
4,2024-03-11,17,US
4,2024-03-12,14,US
4,2024-03-13,14,US
4,2024-03-14,14,US
4,2024-03-15,15,US
4,2024-03-16,15,US
4,2024-03-17,15,US
4,2024-03-18,14,US
4,2024-03-19,13,US
4,2024-03-20,14,US
4,2024-03-21,14,US
4,2024-03-22,14,US
4,2024-03-23,17,US
4,2024-03-24,14,US
4,2024-03-25,17,US
4,2024-03-26,16,US
4,2024-03-27,12,US
4,2024-03-28,12,US
4,2024-03-29,16,US
4,2024-03-30,12,US
4,2024-03-31,16,US
4,2024-04-01,17,US
4,2024-04-02,12,US
4,2024-04-03,13,US
4,2024-04-04,14,US
4,2024-04-05,16,US
4,2024-04-06,17,US
4,2024-04-07,14,US
4,2024-04-08,17,US
4,2024-04-09,15,US
4,2024-04-10,14,US
4,2024-04-11,12,US
4,2024-04-12,15,US
4,2024-04-13,12,US
4,2024-04-14,12,US
4,2024-04-15,14,US
4,2024-04-16,17,US
4,2024-04-17,13,US
4,2024-04-18,14,US
4,2024-04-19,16,US
4,2024-04-20,12,US
4,2024-04-21,15,US
4,2024-04-22,12,US
4,2024-04-23,17,US
4,2024-04-24,17,US
4,2024-04-25,13,US
4,2024-04-26,16,US
4,2024-04-27,14,US
4,2024-04-28,12,US
4,2024-04-29,14,US
4,2024-04-30,17,US
4,2024-05-01,14,US
4,2024-05-02,15,US
4,2024-05-03,15,US
4,2024-05-04,17,US
4,2024-05-05,16,US
4,2024-05-06,14,US
4,2024-05-07,16,US
4,2024-05-08,15,US
4,2024-05-09,16,US
4,2024-05-10,15,US
4,2024-05-11,14,US
4,2024-05-12,14,US
4,2024-05-13,14,US
4,2024-05-14,17,US
4,2024-05-15,13,US
4,2024-05-16,16,US
4,2024-05-17,15,US
4,2024-05-18,14,US
4,2024-05-19,13,US
4,2024-05-20,14,US
4,2024-05-21,15,US
4,2024-05-22,17,US
4,2024-05-23,17,US
4,2024-05-24,16,US
4,2024-05-25,15,US
4,2024-05-26,17,US
4,2024-05-27,16,US
4,2024-05-28,15,US
4,2024-05-29,16,US
4,2024-05-30,16,US
4,2024-05-31,15,US
4,2024-06-01,12,US
4,2024-06-02,15,US
4,2024-06-03,13,US
4,2024-06-04,15,US
4,2024-06-05,15,US
4,2024-06-06,12,US
4,2024-06-07,15,US
4,2024-06-08,13,US
4,2024-06-09,14,US
4,2024-06-10,17,US
4,2024-06-11,12,US
4,2024-06-12,17,US
4,2024-06-13,13,US
4,2024-06-14,12,US
4,2024-06-15,16,US
4,2024-06-16,13,US
4,2024-06-17,16,US
4,2024-06-18,17,US
4,2024-06-19,14,US
4,2024-06-20,16,US
4,2024-06-21,15,US
4,2024-06-22,14,US
4,2024-06-23,12,US
4,2024-06-24,17,US
4,2024-06-25,12,US
4,2024-06-26,14,US
4,2024-06-27,14,US
4,2024-06-28,17,US
4,2024-06-29,13,US
4,2024-06-30,13,US
4,2024-07-01,12,US
4,2024-07-02,12,US
4,2024-07-03,13,US
4,2024-07-04,12,US
4,2024-07-05,13,US
4,2024-07-06,12,US
4,2024-07-07,13,US
4,2024-07-08,14,US
4,2024-07-09,13,US
4,2024-07-10,15,US
4,2024-07-11,13,US
4,2024-07-12,12,US
4,2024-07-13,12,US
4,2024-07-14,14,US
4,2024-07-15,13,US
4,2024-07-16,14,US
4,2024-07-17,13,US
4,2024-07-18,14,US
4,2024-07-19,16,US
4,2024-07-20,12,US
4,2024-07-21,13,US
4,2024-07-22,16,US
4,2024-07-23,15,US
4,2024-07-24,14,US
4,2024-07-25,16,US
4,2024-07-26,14,US
4,2024-07-27,12,US
4,2024-07-28,12,US
4,2024-07-29,14,US
4,2024-07-30,14,US
4,2024-07-31,14,US
4,2024-08-01,14,US
4,2024-08-02,13,US
4,2024-08-03,17,US
4,2024-08-04,13,US
4,2024-08-05,17,US
4,2024-08-06,16,US
4,2024-08-07,13,US
4,2024-08-08,15,US
4,2024-08-09,16,US
4,2024-08-10,13,US
4,2024-08-11,14,US
4,2024-08-12,12,US
4,2024-08-13,15,US
4,2024-08-14,13,US
4,2024-08-15,17,US
4,2024-08-16,14,US
4,2024-08-17,17,US
4,2024-08-18,16,US
4,2024-08-19,15,US
4,2024-08-20,14,US
4,2024-08-21,17,US
4,2024-08-22,14,US
4,2024-08-23,12,US
4,2024-08-24,14,US
4,2024-08-25,16,US
4,2024-08-26,13,US
4,2024-08-27,17,US
4,2024-08-28,12,US
4,2024-08-29,17,US
4,2024-08-30,14,US
4,2024-08-31,15,US
4,2024-09-01,17,US
4,2024-09-02,14,US
4,2024-09-03,14,US
4,2024-09-04,15,US
4,2024-09-05,15,US
4,2024-09-06,15,US
4,2024-09-07,12,US
4,2024-09-08,16,US
4,2024-09-09,15,US
4,2024-09-10,13,US
4,2024-09-11,14,US
4,2024-09-12,12,US
4,2024-09-13,12,US
4,2024-09-14,15,US
4,2024-09-15,13,US
4,2024-09-16,14,US
4,2024-09-17,15,US
4,2024-09-18,17,US
4,2024-09-19,13,US
4,2024-09-20,16,US
4,2024-09-21,14,US
4,2024-09-22,13,US
4,2024-09-23,16,US
4,2024-09-24,14,US
4,2024-09-25,13,US
4,2024-09-26,17,US
4,2024-09-27,14,US
4,2024-09-28,14,US
4,2024-09-29,15,US
4,2024-09-30,12,US
4,2024-10-01,16,US
4,2024-10-02,15,US
4,2024-10-03,12,US
4,2024-10-04,14,US
4,2024-10-05,17,US
4,2024-10-06,16,US
4,2024-10-07,14,US
4,2024-10-08,17,US
4,2024-10-09,16,US
4,2024-10-10,16,US
4,2024-10-11,15,US
4,2024-10-12,16,US
4,2024-10-13,15,US
4,2024-10-14,12,US
4,2024-10-15,12,US
4,2024-10-16,16,US
4,2024-10-17,16,US
4,2024-10-18,16,US
4,2024-10-19,14,US
4,2024-10-20,16,US
4,2024-10-21,16,US
4,2024-10-22,14,US
4,2024-10-23,13,US
4,2024-10-24,16,US
4,2024-10-25,16,US
4,2024-10-26,12,US
4,2024-10-27,14,US
4,2024-10-28,17,US
4,2024-10-29,14,US
4,2024-10-30,13,US
4,2024-10-31,12,US
4,2024-11-01,13,US
4,2024-11-02,17,US
4,2024-11-03,14,US
4,2024-11-04,12,US
4,2024-11-05,15,US
4,2024-11-06,13,US
4,2024-11-07,16,US
4,2024-11-08,13,US
4,2024-11-09,14,US
4,2024-11-10,14,US
4,2024-11-11,13,US
4,2024-11-12,17,US
4,2024-11-13,16,US
4,2024-11-14,13,US
4,2024-11-15,13,US
4,2024-11-16,16,US
4,2024-11-17,14,US
4,2024-11-18,17,US
4,2024-11-19,15,US
4,2024-11-20,14,US
4,2024-11-21,15,US
4,2024-11-22,15,US
4,2024-11-23,15,US
4,2024-11-24,16,US
4,2024-11-25,15,US
4,2024-11-26,12,US
4,2024-11-27,12,US
4,2024-11-28,12,US
4,2024-11-29,13,US
4,2024-11-30,15,US
4,2024-12-01,13,US
4,2024-12-02,15,US
4,2024-12-03,16,US
4,2024-12-04,13,US
4,2024-12-05,16,US
4,2024-12-06,17,US
4,2024-12-07,16,US
4,2024-12-08,15,US
4,2024-12-09,13,US
4,2024-12-10,15,US
4,2024-12-11,14,US
4,2024-12-12,17,US
4,2024-12-13,15,US
4,2024-12-14,17,US
4,2024-12-15,12,US
4,2024-12-16,17,US
4,2024-12-17,14,US
4,2024-12-18,17,US
4,2024-12-19,13,US
4,2024-12-20,16,US
4,2024-12-21,14,US
4,2024-12-22,14,US
4,2024-12-23,16,US
4,2024-12-24,17,US
4,2024-12-25,13,US
4,2024-12-26,13,US
4,2024-12-27,14,US
4,2024-12-28,14,US
4,2024-12-29,12,US
4,2024-12-30,13,US
4,2024-12-31,12,US
