product_id,price_date,open_price,high_price,low_price,close_price,adj_close_price,volume,market_cap
3,2020-01-01,86.27,86.78,85.74,85.87,85.87,496511,8586991406.01
3,2020-01-02,85.07,85.71,84.33,85.66,85.66,480230,8565822016.12
3,2020-01-03,87.54,89.25,86.81,88.39,88.39,408025,8838936880.78
3,2020-01-04,89.26,89.94,89.09,89.77,89.77,585797,8977254704.47
3,2020-01-05,90.11,90.5,89.56,90.23,90.23,446860,9023391019.7
3,2020-01-06,86.18,87.06,85.86,86.81,86.81,586950,8680812521.45
3,2020-01-07,88.84,89.84,88.31,89.38,89.38,585377,8937877208.91
3,2020-01-08,88.19,89.54,88.04,89.0,89.0,421571,8900199355.06
3,2020-01-09,88.28,88.67,87.85,87.96,87.96,485178,8795953333.26
3,2020-01-10,87.46,87.5,86.67,87.47,87.47,453872,8747277627.04
3,2020-01-11,88.6,89.4,88.12,88.94,88.94,515497,8893802384.47
3,2020-01-12,86.25,87.63,85.57,86.79,86.79,518615,8679311681.88
3,2020-01-13,87.38,88.27,87.34,88.1,88.1,432805,8810103107.67
3,2020-01-14,88.12,88.77,87.88,88.43,88.43,433276,8842941583.14
3,2020-01-15,87.26,88.12,87.13,87.64,87.64,460116,8764126430.76
3,2020-01-16,90.06,90.13,88.64,89.52,89.52,519370,8952050725.56
3,2020-01-17,87.46,89.06,86.84,88.34,88.34,539526,8833539539.1
3,2020-01-18,89.85,90.54,89.38,89.44,89.44,504817,8944254934.61
3,2020-01-19,88.61,89.16,87.68,87.97,87.97,590298,8796814701.62
3,2020-01-20,86.69,87.72,86.4,87.45,87.45,513597,8745052066.56
3,2020-01-21,89.59,90.01,88.79,88.9,88.9,427909,8889787194.62
3,2020-01-22,91.73,92.42,90.82,91.34,91.34,532681,9133587835.56
3,2020-01-23,91.34,91.73,91.27,91.3,91.3,557713,9129783506.41
3,2020-01-24,93.44,94.21,92.84,94.18,94.18,410760,9418219598.31
3,2020-01-25,95.15,95.39,94.0,94.38,94.38,418079,9438329527.06
3,2020-01-26,91.12,91.33,90.59,90.66,90.66,558572,9065974418.45
3,2020-01-27,89.99,90.71,88.66,89.22,89.22,428292,8922098564.35
3,2020-01-28,89.01,89.72,88.19,88.35,88.35,469220,8835240677.95
3,2020-01-29,89.09,89.89,88.27,88.55,88.55,479198,8855045320.41
3,2020-01-30,89.59,90.5,89.2,90.29,90.29,492117,9029249739.82
3,2020-01-31,89.96,91.32,89.58,90.85,90.85,531721,9085433393.43
3,2020-02-01,90.85,91.47,90.54,91.36,91.36,440081,9135595029.2
3,2020-02-02,91.12,91.76,90.76,91.09,91.09,434413,9108866888.79
3,2020-02-03,92.72,93.6,91.62,91.85,91.85,461505,9185208458.28
3,2020-02-04,87.97,88.39,87.44,88.35,88.35,436918,8835477748.89
3,2020-02-05,88.34,88.38,88.09,88.33,88.33,571552,8833443137.09
3,2020-02-06,87.4,88.45,86.53,88.02,88.02,487309,8802108977.14
3,2020-02-07,88.12,89.17,87.45,88.58,88.58,544826,8857834661.22
3,2020-02-08,89.77,90.58,89.2,90.01,90.01,430827,9000628615.59
3,2020-02-09,88.46,88.54,87.66,88.4,88.4,511069,8839627629.21
3,2020-02-10,85.88,87.18,85.29,86.67,86.67,555121,8667160072.15
3,2020-02-11,84.89,86.15,84.69,85.72,85.72,400988,8571596358.75
3,2020-02-12,84.24,84.57,83.13,83.92,83.92,431865,8392055064.77
3,2020-02-13,84.13,85.03,84.03,84.74,84.74,419982,8474060956.41
3,2020-02-14,86.69,87.17,85.69,86.14,86.14,509965,8614479064.48
3,2020-02-15,83.62,84.13,82.86,84.05,84.05,478809,8404998310.5
3,2020-02-16,84.24,84.81,83.63,84.51,84.51,442498,8451206098.92
3,2020-02-17,86.54,87.3,85.19,85.86,85.86,494461,8585888385.2
3,2020-02-18,84.14,85.48,83.63,84.72,84.72,475258,8471691824.54
3,2020-02-19,84.3,85.22,83.74,85.14,85.14,492696,8513584967.04
3,2020-02-20,88.61,88.8,87.71,88.34,88.34,448548,8833827639.12
3,2020-02-21,88.73,89.49,88.07,89.2,89.2,583389,8920192954.48
3,2020-02-22,91.23,91.75,90.86,90.95,90.95,477514,9094739031.58
3,2020-02-23,91.48,91.97,91.26,91.73,91.73,463671,9172550149.44
3,2020-02-24,92.33,92.91,90.88,91.61,91.61,587052,9161157528.56
3,2020-02-25,92.27,92.8,91.81,92.26,92.26,479976,9226412815.47
3,2020-02-26,93.04,93.47,92.43,93.45,93.45,465422,9344634044.03
3,2020-02-27,91.28,92.74,90.4,91.87,91.87,456638,9187240960.58
3,2020-02-28,90.6,92.34,90.21,91.49,91.49,534949,9148937003.78
3,2020-02-29,93.69,94.58,92.03,92.82,92.82,574536,9282328595.71
3,2020-03-01,91.92,92.21,91.12,91.28,91.28,519387,9127908943.41
3,2020-03-02,88.64,89.47,87.92,88.54,88.54,506823,8854099565.49
3,2020-03-03,87.2,88.06,86.88,87.0,87.0,469373,8700240560.52
3,2020-03-04,87.33,88.09,86.65,87.3,87.3,533975,8729599540.73
3,2020-03-05,88.96,89.48,88.24,89.21,89.21,594045,8921310493.29
3,2020-03-06,91.69,92.48,90.29,91.12,91.12,405379,9112012792.53
3,2020-03-07,92.64,93.23,91.44,92.09,92.09,577117,9208608818.5
3,2020-03-08,99.8,100.68,98.87,99.21,99.21,435632,9920937344.74
3,2020-03-09,97.86,97.89,97.25,97.71,97.71,447031,9770570615.31
3,2020-03-10,97.36,97.63,96.7,97.27,97.27,472456,9727224728.09
3,2020-03-11,95.66,96.89,94.92,96.38,96.38,500291,9638331149.21
3,2020-03-12,97.95,99.12,97.87,98.51,98.51,400318,9851135977.73
3,2020-03-13,98.71,99.34,97.91,98.63,98.63,519834,9863070006.36
3,2020-03-14,98.3,98.8,97.06,97.37,97.37,479636,9737493330.47
3,2020-03-15,96.0,96.19,95.97,96.12,96.12,415453,9611531752.73
3,2020-03-16,98.69,99.51,97.1,97.78,97.78,446014,9778279013.54
3,2020-03-17,94.81,95.7,94.28,95.46,95.46,499989,9546475833.91
3,2020-03-18,95.26,95.89,94.59,94.85,94.85,408849,9485473617.37
3,2020-03-19,98.75,99.15,98.4,98.91,98.91,460387,9890912391.83
3,2020-03-20,101.5,101.52,100.86,100.98,100.98,418570,10098120134.34
3,2020-03-21,101.86,102.01,101.35,101.91,101.91,476813,10190784408.45
3,2020-03-22,103.46,103.7,103.01,103.52,103.52,435975,10351724216.45
3,2020-03-23,107.22,107.27,106.53,106.93,106.93,430149,10692795166.24
3,2020-03-24,104.16,104.69,103.01,103.9,103.9,462218,10390158828.52
3,2020-03-25,101.02,102.55,100.99,101.89,101.89,535054,10189315260.65
3,2020-03-26,103.04,104.01,102.27,102.87,102.87,496130,10286542414.87
3,2020-03-27,106.07,106.74,105.07,106.16,106.16,452203,10615920962.6
3,2020-03-28,103.33,104.56,102.39,103.56,103.56,591003,10356294708.85
3,2020-03-29,103.28,104.51,102.4,104.18,104.18,435903,10417602289.12
3,2020-03-30,101.93,103.75,101.64,102.91,102.91,479643,10290986850.95
3,2020-03-31,103.94,104.85,102.91,103.68,103.68,503469,10367554980.44
3,2020-04-01,102.89,103.18,102.09,102.27,102.27,421286,10226989680.42
3,2020-04-02,104.85,105.28,103.44,103.83,103.83,561245,10382909057.08
3,2020-04-03,105.71,106.07,104.15,105.13,105.13,469257,10512772308.94
3,2020-04-04,105.23,106.02,104.59,104.7,104.7,546534,10470157482.13
3,2020-04-05,107.9,108.44,106.15,107.03,107.03,531173,10703385862.93
3,2020-04-06,108.29,108.54,107.3,108.53,108.53,480894,10852580994.53
3,2020-04-07,107.0,108.23,105.98,107.88,107.88,561383,10788492866.72
3,2020-04-08,108.41,108.9,107.81,108.13,108.13,432176,10812658220.1
3,2020-04-09,109.07,110.18,108.25,109.45,109.45,425747,10944606607.64
3,2020-04-10,109.94,111.39,109.87,110.85,110.85,501394,11084504907.09
3,2020-04-11,112.38,112.88,111.27,112.27,112.27,537259,11227128236.18
3,2020-04-12,109.66,111.29,108.98,110.45,110.45,402317,11045137116.91
3,2020-04-13,108.9,109.87,108.13,109.77,109.77,530763,10977455644.28
3,2020-04-14,107.87,109.85,107.46,108.77,108.77,534038,10877332838.84
3,2020-04-15,109.03,110.2,107.99,109.31,109.31,484491,10931077726.77
3,2020-04-16,108.37,108.97,107.32,107.77,107.77,410902,10777289657.59
3,2020-04-17,108.22,108.34,106.82,107.35,107.35,484996,10734515208.87
3,2020-04-18,106.39,107.47,106.26,107.34,107.34,548413,10733760972.64
3,2020-04-19,107.07,107.87,106.13,106.75,106.75,423191,10675013244.27
3,2020-04-20,106.09,107.48,105.86,106.55,106.55,561425,10654995427.74
3,2020-04-21,108.43,108.45,106.4,107.44,107.44,581642,10743796657.61
3,2020-04-22,107.03,108.55,105.99,107.95,107.95,500412,10795171877.75
3,2020-04-23,108.06,108.74,107.26,108.01,108.01,556200,10801129171.93
3,2020-04-24,112.89,113.9,112.64,112.7,112.7,542404,11269505547.77
3,2020-04-25,110.51,112.05,109.52,111.0,111.0,568833,11099933847.09
3,2020-04-26,115.38,116.11,114.84,115.89,115.89,594354,11589397181.19
3,2020-04-27,113.72,114.72,113.63,114.06,114.06,422334,11405520202.94
3,2020-04-28,114.43,115.8,113.64,114.87,114.87,435767,11486899952.73
3,2020-04-29,118.41,120.3,117.43,119.21,119.21,484813,11921373757.2
3,2020-04-30,117.11,118.11,116.05,116.1,116.1,551922,11610170299.18
3,2020-05-01,119.25,120.84,118.27,120.39,120.39,574062,12038924313.62
3,2020-05-02,117.39,118.37,115.33,116.3,116.3,416001,11630050052.21
3,2020-05-03,119.41,119.98,119.08,119.48,119.48,401391,11948451136.75
3,2020-05-04,120.18,121.31,118.52,119.53,119.53,589640,11953288753.88
3,2020-05-05,119.08,120.22,118.92,119.68,119.68,541512,11968106192.57
3,2020-05-06,119.35,120.81,118.61,120.0,120.0,451567,12000490842.33
3,2020-05-07,120.93,121.41,120.12,121.28,121.28,502979,12127561359.92
3,2020-05-08,125.12,126.19,124.38,125.07,125.07,522904,12507433443.56
3,2020-05-09,125.55,126.65,124.9,125.4,125.4,574441,12540121529.39
3,2020-05-10,127.58,127.85,126.88,127.06,127.06,486977,12705745422.64
3,2020-05-11,129.31,131.03,128.54,130.57,130.57,492952,13057346829.22
3,2020-05-12,128.55,129.0,126.87,127.52,127.52,407968,12752259697.5
3,2020-05-13,123.05,123.54,121.6,122.36,122.36,573579,12235989009.12
3,2020-05-14,118.13,119.39,117.55,118.23,118.23,492050,11822808429.7
3,2020-05-15,117.73,118.88,117.44,118.13,118.13,410014,11813220676.17
3,2020-05-16,118.28,119.45,117.21,119.03,119.03,519865,11903378761.99
3,2020-05-17,116.77,117.61,116.57,116.83,116.83,473859,11683194873.87
3,2020-05-18,114.88,115.73,114.74,115.63,115.63,485140,11562797770.56
3,2020-05-19,113.74,114.06,113.33,113.83,113.83,534999,11382910045.54
3,2020-05-20,117.25,119.28,116.5,118.34,118.34,553366,11833610707.6
3,2020-05-21,117.46,119.49,116.37,118.46,118.46,404706,11845506693.74
3,2020-05-22,118.95,119.83,118.01,118.22,118.22,453447,11822448692.45
3,2020-05-23,117.05,118.17,116.48,117.74,117.74,458647,11773747392.0
3,2020-05-24,114.12,115.06,114.08,114.2,114.2,483412,11420489979.88
3,2020-05-25,116.78,118.2,115.73,117.36,117.36,489354,11736123604.38
3,2020-05-26,123.64,125.18,122.98,124.62,124.62,459536,12462326956.08
3,2020-05-27,126.79,127.79,126.31,127.45,127.45,407123,12745115826.13
3,2020-05-28,124.88,126.96,124.14,125.84,125.84,422336,12584126434.88
3,2020-05-29,123.6,124.57,122.54,123.16,123.16,546380,12315694936.36
3,2020-05-30,123.6,124.52,122.85,123.38,123.38,506253,12338446534.33
3,2020-05-31,120.39,121.64,119.95,121.3,121.3,479242,12129609886.91
3,2020-06-01,123.22,124.8,122.48,123.58,123.58,435046,12357932216.63
3,2020-06-02,127.66,128.47,127.47,128.34,128.34,506997,12833568424.62
3,2020-06-03,125.91,127.07,125.69,126.7,126.7,425210,12670417176.53
3,2020-06-04,126.5,126.6,124.85,125.51,125.51,428928,12550776665.09
3,2020-06-05,125.24,126.73,124.02,126.22,126.22,498690,12622430762.45
3,2020-06-06,127.06,128.09,125.81,126.14,126.14,578543,12613534950.52
3,2020-06-07,128.53,129.24,126.71,127.44,127.44,469077,12743685740.07
3,2020-06-08,124.43,125.95,124.2,124.98,124.98,491606,12498355709.13
3,2020-06-09,123.13,123.43,122.97,123.11,123.11,523448,12311315527.1
3,2020-06-10,118.97,119.31,118.02,118.71,118.71,583755,11870599461.15
3,2020-06-11,118.66,118.72,118.19,118.58,118.58,580716,11858472504.55
3,2020-06-12,114.9,115.82,113.76,115.75,115.75,586453,11574814000.15
3,2020-06-13,117.53,118.92,116.63,118.11,118.11,564097,11811239486.28
3,2020-06-14,117.01,117.56,116.3,116.79,116.79,513813,11678506697.55
3,2020-06-15,118.95,120.09,118.02,118.17,118.17,408128,11816797063.6
3,2020-06-16,118.27,119.37,117.51,117.72,117.72,465317,11772355180.29
3,2020-06-17,118.14,119.13,117.8,117.96,117.96,407657,11796274201.51
3,2020-06-18,118.33,118.56,117.44,117.63,117.63,521870,11763084856.66
3,2020-06-19,118.99,119.61,118.17,118.59,118.59,544762,11859413262.57
3,2020-06-20,118.52,118.98,116.67,117.63,117.63,562495,11763118507.84
3,2020-06-21,112.79,113.21,111.94,112.87,112.87,420224,11287153434.57
3,2020-06-22,110.64,110.89,109.63,110.63,110.63,502526,11062971083.27
3,2020-06-23,113.41,114.11,112.37,112.5,112.5,545079,11249803773.82
3,2020-06-24,108.5,109.18,107.2,107.56,107.56,467554,10755681948.07
3,2020-06-25,108.58,109.16,107.35,108.32,108.32,527348,10831723846.65
3,2020-06-26,108.07,108.23,107.12,107.45,107.45,460397,10745007683.8
3,2020-06-27,108.25,109.89,107.41,109.27,109.27,480147,10926670480.68
3,2020-06-28,108.24,108.61,106.55,107.43,107.43,436786,10742865564.44
3,2020-06-29,107.52,107.68,106.64,106.88,106.88,549353,10688103821.12
3,2020-06-30,105.29,106.04,104.15,104.82,104.82,544318,10482087688.06
3,2020-07-01,105.19,106.08,105.0,105.72,105.72,548536,10571905532.54
3,2020-07-02,110.62,111.26,109.28,109.72,109.72,415856,10971903264.89
3,2020-07-03,110.42,111.84,109.85,111.19,111.19,582469,11118787569.49
3,2020-07-04,111.35,111.37,110.13,111.1,111.1,593032,11109762522.8
3,2020-07-05,111.81,112.84,110.59,111.37,111.37,558728,11137402455.35
3,2020-07-06,112.24,113.68,111.55,113.02,113.02,514179,11302406775.66
3,2020-07-07,117.67,118.75,116.13,116.66,116.66,598983,11665934364.17
3,2020-07-08,114.61,116.64,113.64,115.5,115.5,523116,11550157973.94
3,2020-07-09,115.88,116.34,115.6,115.66,115.66,507831,11566495652.13
3,2020-07-10,117.84,119.18,117.84,118.23,118.23,558744,11823084829.65
3,2020-07-11,115.96,117.03,115.47,115.87,115.87,538851,11587307837.39
3,2020-07-12,111.73,112.9,111.22,112.07,112.07,409766,11207277356.07
3,2020-07-13,110.72,111.72,110.17,111.52,111.52,514667,11152453293.8
3,2020-07-14,108.03,109.2,107.64,108.21,108.21,443041,10820524398.21
3,2020-07-15,111.15,112.98,110.95,112.24,112.24,587095,11223904046.27
3,2020-07-16,115.86,116.03,114.33,114.8,114.8,454957,11480160373.35
3,2020-07-17,119.7,121.65,119.45,120.74,120.74,537772,12074456086.26
3,2020-07-18,121.89,122.13,120.69,120.92,120.92,437142,12092379030.7
3,2020-07-19,121.04,121.12,119.94,120.88,120.88,500312,12088085445.25
3,2020-07-20,119.49,120.23,118.96,119.6,119.6,409148,11960332569.55
3,2020-07-21,121.77,122.84,120.72,122.62,122.62,479734,12261992535.57
3,2020-07-22,118.62,119.06,117.25,117.57,117.57,436252,11757193222.27
3,2020-07-23,113.9,115.18,113.08,115.0,115.0,456982,11499575284.17
3,2020-07-24,119.44,119.47,118.8,119.06,119.06,401010,11906032474.41
3,2020-07-25,119.65,120.94,118.69,120.81,120.81,441427,12081449304.76
3,2020-07-26,117.36,118.89,117.08,118.12,118.12,556410,11812262104.82
3,2020-07-27,118.11,119.12,116.61,117.59,117.59,531442,11759030051.58
3,2020-07-28,116.5,117.52,116.26,116.74,116.74,454953,11674407177.8
3,2020-07-29,117.01,118.26,116.77,118.16,118.16,492488,11816391611.61
3,2020-07-30,116.36,117.68,115.67,117.47,117.47,558051,11746782090.12
3,2020-07-31,120.43,120.84,119.36,119.67,119.67,526971,11967393005.55
3,2020-08-01,118.98,119.97,118.66,119.27,119.27,419429,11926727292.76
3,2020-08-02,116.37,116.88,115.91,116.25,116.25,444964,11624878676.85
3,2020-08-03,121.44,122.36,120.19,120.36,120.36,541801,12036351529.82
3,2020-08-04,121.26,122.22,119.8,120.31,120.31,444211,12030902745.12
3,2020-08-05,121.83,123.33,121.16,123.0,123.0,522277,12299986368.76
3,2020-08-06,118.86,120.72,117.68,119.72,119.72,545632,11972023118.39
3,2020-08-07,121.6,121.81,121.2,121.54,121.54,521863,12153582223.65
3,2020-08-08,121.5,122.72,120.7,122.05,122.05,492128,12204832726.54
3,2020-08-09,120.49,120.73,119.68,119.7,119.7,484152,11969676654.46
3,2020-08-10,120.59,121.39,120.13,120.35,120.35,519046,12034559420.13
3,2020-08-11,123.76,124.28,122.28,122.75,122.75,508291,12274694848.71
3,2020-08-12,120.44,122.14,120.34,121.25,121.25,495120,12124988109.63
3,2020-08-13,121.6,121.9,120.88,121.35,121.35,511531,12134952679.53
3,2020-08-14,119.67,120.02,118.47,119.15,119.15,468590,11914525330.26
3,2020-08-15,115.9,116.73,114.82,115.96,115.96,463928,11596006078.42
3,2020-08-16,112.94,114.3,112.26,114.0,114.0,564525,11400414439.51
3,2020-08-17,114.6,116.21,113.91,115.64,115.64,430355,11563511021.07
3,2020-08-18,117.4,118.42,116.54,118.33,118.33,570871,11832772769.87
3,2020-08-19,116.69,117.5,116.18,116.7,116.7,499794,11669912064.59
3,2020-08-20,119.09,119.92,118.06,118.39,118.39,506448,11838601095.22
3,2020-08-21,117.3,117.72,116.98,117.09,117.09,434002,11708976279.76
3,2020-08-22,116.21,117.58,115.19,116.95,116.95,478012,11695058187.53
3,2020-08-23,118.99,119.94,117.66,118.44,118.44,480587,11843742630.91
3,2020-08-24,119.85,121.04,119.58,120.45,120.45,532139,12044830941.15
3,2020-08-25,122.78,123.92,121.54,121.59,121.59,514262,12159059318.95
3,2020-08-26,121.89,123.37,120.77,122.67,122.67,415721,12267182104.97
3,2020-08-27,122.07,124.08,121.7,123.22,123.22,497307,12321817113.19
3,2020-08-28,124.05,125.09,122.76,123.16,123.16,596989,12315765830.89
3,2020-08-29,125.69,125.74,124.13,124.87,124.87,416618,12487324620.68
3,2020-08-30,122.78,124.69,122.36,123.83,123.83,549602,12382556909.3
3,2020-08-31,123.65,123.73,122.71,123.1,123.1,505918,12309704848.1
3,2020-09-01,126.24,127.49,125.11,126.7,126.7,460806,12669635173.12
3,2020-09-02,127.53,127.82,127.2,127.23,127.23,550171,12723241609.87
3,2020-09-03,128.6,129.62,126.21,127.48,127.48,490299,12747996963.88
3,2020-09-04,129.85,131.23,129.32,130.23,130.23,493476,13023476174.69
3,2020-09-05,137.28,138.62,135.21,136.26,136.26,431180,13626176116.37
3,2020-09-06,135.09,135.88,134.09,135.31,135.31,516987,13531381926.67
3,2020-09-07,133.83,134.6,133.43,134.22,134.22,524853,13421727175.2
3,2020-09-08,132.79,133.56,132.77,133.5,133.5,512978,13350112970.51
3,2020-09-09,133.14,134.36,132.85,133.45,133.45,483078,13344857061.1
3,2020-09-10,135.32,136.38,133.99,134.11,134.11,552988,13411371760.76
3,2020-09-11,138.01,138.65,135.96,136.79,136.79,550277,13679417444.66
3,2020-09-12,135.34,137.6,135.03,136.25,136.25,456777,13624976415.32
3,2020-09-13,137.04,137.74,136.43,136.74,136.74,548810,13674422056.47
3,2020-09-14,137.24,138.44,136.98,138.13,138.13,597936,13813204111.61
3,2020-09-15,135.21,137.73,134.0,136.41,136.41,475056,13641260903.09
3,2020-09-16,140.89,142.28,139.45,139.7,139.7,507518,13969746975.74
3,2020-09-17,144.27,144.49,142.54,143.71,143.71,475685,14370819598.28
3,2020-09-18,141.33,142.43,140.56,142.11,142.11,589763,14211089003.68
3,2020-09-19,145.35,147.84,144.97,146.55,146.55,424698,14655187013.38
3,2020-09-20,150.73,153.21,149.28,151.86,151.86,479149,15185962032.53
3,2020-09-21,153.25,154.09,152.64,152.77,152.77,442261,15277340640.54
3,2020-09-22,153.56,154.41,153.16,153.84,153.84,422126,15384116048.94
3,2020-09-23,152.5,154.12,151.45,153.79,153.79,457869,15378538699.85
3,2020-09-24,158.0,160.71,157.21,159.35,159.35,572978,15935105812.52
3,2020-09-25,168.54,169.12,166.32,167.45,167.45,553374,16745225056.02
3,2020-09-26,165.94,166.38,164.27,165.72,165.72,596876,16572458281.98
3,2020-09-27,168.91,170.36,166.54,167.73,167.73,595779,16773202070.28
3,2020-09-28,172.66,173.85,170.34,171.5,171.5,510014,17150164214.76
3,2020-09-29,175.09,177.85,173.55,176.29,176.29,470404,17629394337.37
3,2020-09-30,176.95,180.11,176.72,178.63,178.63,443550,17863410404.05
3,2020-10-01,181.76,184.5,180.23,183.0,183.0,580091,18299816723.67
3,2020-10-02,180.09,180.1,179.55,180.06,180.06,455775,18006311207.6
3,2020-10-03,181.28,181.75,179.66,180.81,180.81,554099,18080532886.77
3,2020-10-04,181.17,182.58,180.83,181.03,181.03,526055,18102748997.36
3,2020-10-05,183.67,184.29,180.83,181.98,181.98,532846,18198470426.66
3,2020-10-06,189.4,189.6,186.02,187.78,187.78,537368,18778074705.01
3,2020-10-07,185.42,187.48,185.29,186.16,186.16,526624,18616044852.13
3,2020-10-08,187.25,187.89,185.78,186.94,186.94,527242,18693893425.85
3,2020-10-09,185.86,185.91,184.86,184.91,184.91,500460,18490533084.95
3,2020-10-10,185.7,187.27,184.26,186.36,186.36,506501,18635577217.99
3,2020-10-11,183.51,186.18,182.72,184.34,184.34,445019,18434238618.14
3,2020-10-12,191.15,191.65,189.63,191.33,191.33,480793,19133322855.65
3,2020-10-13,185.92,188.76,184.69,187.48,187.48,551365,18748271308.48
3,2020-10-14,189.33,192.0,189.05,190.2,190.2,457256,19019504967.02
3,2020-10-15,192.42,193.96,191.65,192.73,192.73,584910,19272540909.18
3,2020-10-16,191.53,194.29,190.74,192.4,192.4,431393,19240095253.62
3,2020-10-17,190.43,191.59,189.18,191.53,191.53,574668,19153039187.56
3,2020-10-18,192.43,194.6,191.52,192.94,192.94,480010,19293643715.43
3,2020-10-19,195.37,197.01,192.84,194.32,194.32,400667,19431680223.05
3,2020-10-20,196.65,196.9,196.09,196.15,196.15,565973,19615019377.02
3,2020-10-21,198.15,199.1,196.75,196.98,196.98,552586,19697999213.87
3,2020-10-22,198.33,201.2,197.47,199.83,199.83,531238,19983227722.83
3,2020-10-23,197.99,200.89,197.45,199.73,199.73,536670,19973172981.69
3,2020-10-24,195.23,195.83,193.19,194.08,194.08,419664,19407622561.34
3,2020-10-25,192.76,193.32,191.04,192.38,192.38,516031,19237881041.58
3,2020-10-26,184.43,185.86,183.04,183.11,183.11,483619,18311046363.0
3,2020-10-27,178.7,181.4,178.44,179.62,179.62,483653,17962412777.13
3,2020-10-28,179.5,180.62,178.24,179.51,179.51,437774,17950661279.5
3,2020-10-29,178.15,179.69,177.99,178.77,178.77,405808,17876717417.1
3,2020-10-30,178.38,178.98,178.24,178.92,178.92,444838,17891693043.25
3,2020-10-31,175.62,176.83,173.98,175.39,175.39,521941,17538646995.9
3,2020-11-01,173.41,174.75,173.22,174.45,174.45,500672,17445306213.85
3,2020-11-02,177.71,181.07,177.61,179.39,179.39,416101,17938783487.58
3,2020-11-03,182.91,184.21,181.17,182.76,182.76,514116,18275901191.49
3,2020-11-04,185.49,187.6,185.34,186.09,186.09,481755,18608593218.58
3,2020-11-05,189.99,191.03,186.97,188.51,188.51,404566,18850568870.17
3,2020-11-06,196.49,197.93,196.23,196.39,196.39,521962,19638621000.89
3,2020-11-07,192.03,194.22,191.73,193.74,193.74,433291,19373818620.04
3,2020-11-08,194.39,195.04,192.2,192.56,192.56,525099,19255503752.73
3,2020-11-09,195.37,196.65,193.28,194.25,194.25,536872,19424630983.31
3,2020-11-10,199.92,203.02,197.96,201.02,201.02,590369,20101596144.35
3,2020-11-11,203.44,203.84,201.45,202.83,202.83,404543,20283042667.11
3,2020-11-12,203.33,204.8,200.35,201.85,201.85,520268,20184719994.11
3,2020-11-13,194.88,195.85,194.16,195.17,195.17,557975,19517177363.75
3,2020-11-14,195.87,197.53,194.91,196.11,196.11,477867,19610645836.01
3,2020-11-15,201.77,203.57,199.43,200.27,200.27,502267,20027214509.12
3,2020-11-16,204.62,205.05,201.68,202.95,202.95,438606,20294506877.78
3,2020-11-17,197.12,198.57,196.35,196.61,196.61,582641,19660753200.4
3,2020-11-18,197.34,199.08,195.41,198.61,198.61,491553,19860911537.68
3,2020-11-19,198.43,201.41,197.45,199.7,199.7,544612,19970414183.21
3,2020-11-20,201.71,202.97,200.99,201.94,201.94,447863,20193523712.21
3,2020-11-21,200.87,201.2,199.71,200.5,200.5,494433,20049901583.26
3,2020-11-22,196.44,196.69,193.47,195.37,195.37,542558,19536751830.34
3,2020-11-23,199.78,200.43,199.63,199.96,199.96,439957,19996188553.15
3,2020-11-24,199.68,201.99,198.81,200.33,200.33,426530,20032910310.09
3,2020-11-25,194.27,196.45,192.89,195.25,195.25,412962,19524878820.07
3,2020-11-26,192.15,195.37,190.86,193.95,193.95,406177,19394588470.22
3,2020-11-27,192.55,194.28,191.0,192.65,192.65,515520,19264932657.85
3,2020-11-28,195.52,196.9,194.99,196.68,196.68,491838,19667678964.86
3,2020-11-29,195.92,198.73,194.07,197.68,197.68,536734,19767507838.95
3,2020-11-30,199.89,201.65,199.81,200.63,200.63,488730,20063087460.69
3,2020-12-01,198.96,202.34,197.02,200.37,200.37,448376,20036717910.8
3,2020-12-02,203.91,205.15,202.92,204.1,204.1,435375,20409932908.81
3,2020-12-03,206.26,206.55,205.51,205.57,205.57,492281,20557492019.62
3,2020-12-04,208.94,211.61,206.9,210.19,210.19,528275,21019288455.46
3,2020-12-05,204.21,207.27,203.3,205.88,205.88,560737,20588432589.02
3,2020-12-06,205.95,207.67,203.22,205.16,205.16,567575,20516092083.71
3,2020-12-07,206.87,207.89,204.84,206.11,206.11,574417,20611464368.3
3,2020-12-08,205.06,208.93,203.63,207.01,207.01,581775,20700546724.33
3,2020-12-09,212.16,212.62,210.02,211.42,211.42,448972,21141739296.66
3,2020-12-10,216.67,219.82,214.49,218.39,218.39,544409,21838753490.75
3,2020-12-11,211.52,215.53,210.65,213.45,213.45,413968,21344610027.73
3,2020-12-12,215.17,216.76,212.99,214.88,214.88,549721,21488198299.6
3,2020-12-13,216.34,217.47,214.9,216.76,216.76,536404,21675971095.77
3,2020-12-14,220.72,221.68,217.62,219.41,219.41,481269,21941458420.03
3,2020-12-15,220.87,223.77,220.85,222.56,222.56,503953,22255735908.97
3,2020-12-16,217.29,219.26,216.45,217.74,217.74,494041,21774444453.39
3,2020-12-17,211.32,212.04,210.53,211.54,211.54,477063,21153850627.66
3,2020-12-18,219.07,220.08,217.72,218.55,218.55,556608,21854895651.37
3,2020-12-19,224.65,225.81,221.96,223.03,223.03,591514,22302841062.36
3,2020-12-20,217.24,218.4,215.58,216.9,216.9,576671,21689703637.26
3,2020-12-21,210.94,212.64,208.32,209.82,209.82,507468,20982446324.62
3,2020-12-22,211.98,215.05,211.85,213.07,213.07,543158,21307224626.5
3,2020-12-23,216.2,216.95,214.12,214.33,214.33,521395,21433444970.56
3,2020-12-24,206.25,207.78,204.59,207.14,207.14,597841,20714157069.76
3,2020-12-25,206.96,207.6,205.53,206.8,206.8,542952,20679630867.37
3,2020-12-26,202.41,203.01,202.05,202.77,202.77,487704,20276531865.43
3,2020-12-27,207.39,207.76,205.56,206.64,206.64,565550,20664126364.41
3,2020-12-28,204.49,205.02,202.25,204.22,204.22,411957,20421790862.6
3,2020-12-29,205.52,207.24,204.39,205.59,205.59,562332,20558527795.47
3,2020-12-30,208.02,209.26,204.47,206.16,206.16,565661,20616183982.18
3,2020-12-31,206.02,206.49,204.02,204.45,204.45,545030,20445314764.6
3,2021-01-01,200.13,201.92,198.08,198.78,198.78,407981,19877914233.58
3,2021-01-02,204.71,207.4,204.15,205.79,205.79,479885,20579436336.77
3,2021-01-03,205.33,205.52,203.37,204.64,204.64,585477,20464212205.13
3,2021-01-04,209.61,211.04,209.26,209.81,209.81,525853,20981032639.84
3,2021-01-05,211.33,212.74,211.28,212.53,212.53,488009,21253272818.14
3,2021-01-06,214.96,216.27,213.18,214.36,214.36,557484,21435540502.18
3,2021-01-07,212.43,213.48,209.94,212.03,212.03,420724,21202968409.59
3,2021-01-08,204.78,207.72,203.95,206.28,206.28,569414,20628451514.05
3,2021-01-09,214.09,216.2,212.99,213.27,213.27,551588,21326807447.47
3,2021-01-10,209.3,212.5,208.08,210.97,210.97,515962,21097080092.98
3,2021-01-11,207.7,211.31,207.3,209.43,209.43,558323,20943439450.67
3,2021-01-12,207.91,209.12,207.17,208.64,208.64,544398,20864449023.6
3,2021-01-13,207.04,210.52,206.56,208.85,208.85,473292,20884931014.03
3,2021-01-14,205.86,207.67,204.36,205.7,205.7,531307,20569579737.06
3,2021-01-15,196.9,198.88,194.93,197.56,197.56,428390,19755544525.49
3,2021-01-16,199.74,200.85,197.64,199.09,199.09,448613,19909265013.27
3,2021-01-17,196.59,198.47,196.0,196.35,196.35,496518,19634512435.29
3,2021-01-18,196.93,197.32,195.13,196.19,196.19,452901,19618502816.05
3,2021-01-19,196.81,197.49,194.51,195.81,195.81,466005,19580746590.94
3,2021-01-20,193.46,195.25,191.88,192.33,192.33,538743,19232637085.53
3,2021-01-21,190.04,191.78,187.17,188.18,188.18,491648,18818245776.92
3,2021-01-22,188.33,189.3,185.88,187.05,187.05,541816,18704806211.21
3,2021-01-23,186.42,189.37,184.96,187.82,187.82,550500,18782262483.21
3,2021-01-24,187.5,187.56,186.15,186.72,186.72,551396,18671779030.59
3,2021-01-25,182.32,185.56,181.3,183.84,183.84,468488,18383864133.76
3,2021-01-26,178.3,179.71,177.5,179.0,179.0,537838,17899915178.02
3,2021-01-27,181.96,182.85,178.65,180.44,180.44,466132,18044395633.8
3,2021-01-28,190.83,191.22,187.73,189.5,189.5,490075,18949502344.64
3,2021-01-29,189.41,191.53,187.76,189.86,189.86,451584,18986199707.78
3,2021-01-30,190.7,192.2,188.97,189.54,189.54,455059,18954344793.6
3,2021-01-31,187.7,190.25,187.05,188.94,188.94,407148,18893706145.97
3,2021-02-01,187.91,189.1,184.61,186.14,186.14,428004,18613797718.52
3,2021-02-02,186.5,187.92,185.78,186.1,186.1,504355,18610064922.88
3,2021-02-03,189.21,189.96,188.92,189.2,189.2,405188,18920021620.76
3,2021-02-04,185.18,187.2,183.38,186.95,186.95,576034,18695057946.38
3,2021-02-05,186.49,188.29,185.5,186.31,186.31,512707,18630757676.89
3,2021-02-06,186.38,186.8,185.18,186.6,186.6,542760,18660371048.17
3,2021-02-07,178.27,180.4,177.1,179.29,179.29,461332,17928710377.06
3,2021-02-08,177.0,180.35,176.89,178.58,178.58,543167,17857553881.87
3,2021-02-09,184.67,186.48,183.51,183.95,183.95,513527,18395325594.27
3,2021-02-10,182.45,182.56,180.83,181.75,181.75,460948,18175169357.63
3,2021-02-11,182.5,183.97,179.59,180.71,180.71,542615,18070673152.88
3,2021-02-12,184.29,185.08,183.95,184.19,184.19,534655,18419276003.28
3,2021-02-13,180.16,180.96,178.43,178.78,178.78,430888,17877786875.73
3,2021-02-14,175.79,177.07,173.3,174.65,174.65,561039,17464769585.78
3,2021-02-15,166.76,169.11,165.95,168.41,168.41,425710,16840585553.85
3,2021-02-16,166.73,167.09,166.6,166.62,166.62,521489,16661656202.24
3,2021-02-17,167.1,169.61,165.76,167.97,167.97,571829,16797216771.83
3,2021-02-18,166.66,168.89,165.9,167.97,167.97,451461,16797112679.76
3,2021-02-19,171.14,171.3,169.14,169.97,169.97,445583,16996760305.42
3,2021-02-20,169.31,170.11,167.88,168.51,168.51,570183,16851172090.09
3,2021-02-21,165.23,166.34,163.93,165.58,165.58,516646,16558028185.72
3,2021-02-22,164.03,164.74,163.0,163.41,163.41,429672,16341425088.88
3,2021-02-23,168.0,168.06,165.36,166.86,166.86,402413,16686198007.38
3,2021-02-24,174.67,176.22,173.0,174.11,174.11,472832,17411149306.97
3,2021-02-25,172.45,172.56,171.16,172.05,172.05,501718,17205448792.52
3,2021-02-26,173.73,174.91,173.62,173.69,173.69,574046,17368890970.19
3,2021-02-27,169.96,172.61,169.84,171.39,171.39,503363,17138678350.16
3,2021-02-28,166.32,168.11,165.22,166.82,166.82,495394,16682060670.2
3,2021-03-01,162.6,163.91,162.44,163.63,163.63,580000,16362894801.63
3,2021-03-02,166.77,167.59,166.63,167.56,167.56,594480,16755834717.04
3,2021-03-03,171.61,172.11,168.71,170.02,170.02,528770,17001794724.31
3,2021-03-04,164.26,165.43,163.25,165.23,165.23,517427,16523428600.87
3,2021-03-05,171.18,172.28,169.34,170.25,170.25,500219,17024529217.54
3,2021-03-06,169.72,170.73,167.13,168.11,168.11,504667,16810524678.0
3,2021-03-07,172.12,173.52,170.15,171.28,171.28,475595,17127517422.81
3,2021-03-08,171.53,171.91,169.44,170.08,170.08,585216,17007640993.36
3,2021-03-09,167.05,168.01,166.02,167.27,167.27,529675,16727283750.86
3,2021-03-10,167.87,168.95,166.11,166.58,166.58,574156,16658282493.13
3,2021-03-11,166.76,168.19,164.31,165.71,165.71,496410,16571055294.93
3,2021-03-12,166.05,166.81,163.82,165.21,165.21,496799,16520638948.31
3,2021-03-13,166.95,168.24,165.1,166.19,166.19,475974,16618963166.72
3,2021-03-14,168.46,170.02,166.77,166.84,166.84,533748,16684116668.0
3,2021-03-15,161.47,162.78,160.29,162.56,162.56,412950,16256391992.63
3,2021-03-16,160.91,162.27,159.71,160.89,160.89,444965,16089400910.38
3,2021-03-17,162.97,163.93,162.0,162.83,162.83,441285,16282912646.2
3,2021-03-18,165.34,166.78,163.67,164.72,164.72,430017,16471960403.2
3,2021-03-19,159.8,160.05,158.23,158.97,158.97,521728,15896837702.36
3,2021-03-20,159.3,159.62,157.47,158.35,158.35,545752,15835150577.72
3,2021-03-21,156.43,157.39,155.41,155.71,155.71,423918,15570538733.66
3,2021-03-22,159.65,159.66,158.26,159.48,159.48,439388,15947853833.54
3,2021-03-23,156.12,158.76,155.8,157.58,157.58,499758,15758143617.12
3,2021-03-24,156.7,157.48,156.22,157.25,157.25,513881,15724752694.29
3,2021-03-25,159.81,161.39,158.03,158.61,158.61,527727,15861410998.65
3,2021-03-26,165.41,166.38,163.5,164.14,164.14,402440,16414011090.43
3,2021-03-27,162.59,164.01,162.59,162.88,162.88,549251,16287742638.1
3,2021-03-28,158.89,159.03,157.03,157.96,157.96,563779,15795639012.78
3,2021-03-29,161.93,163.03,161.83,161.99,161.99,557537,16199244158.9
3,2021-03-30,167.24,168.25,165.91,167.04,167.04,579626,16703724244.98
3,2021-03-31,174.85,175.32,172.36,173.79,173.79,548275,17378919810.52
3,2021-04-01,169.49,171.57,168.15,171.0,171.0,472712,17099745230.79
3,2021-04-02,171.75,173.1,170.15,171.04,171.04,406568,17103721107.11
3,2021-04-03,166.61,167.91,166.46,167.18,167.18,525280,16718309579.46
3,2021-04-04,165.65,167.58,164.43,166.59,166.59,590405,16658571896.47
3,2021-04-05,163.67,164.95,163.03,163.22,163.22,501483,16322339671.07
3,2021-04-06,169.02,170.75,168.37,169.32,169.32,454294,16932498945.96
3,2021-04-07,174.65,176.39,174.06,175.76,175.76,592331,17575793808.42
3,2021-04-08,179.52,181.28,178.01,181.24,181.24,569321,18123541147.54
3,2021-04-09,181.07,183.51,180.6,181.8,181.8,507545,18180045363.75
3,2021-04-10,175.18,176.96,173.7,175.42,175.42,415889,17542493219.58
3,2021-04-11,177.13,178.14,176.89,177.28,177.28,559583,17727952495.28
3,2021-04-12,173.97,176.72,173.1,175.44,175.44,489326,17544396977.44
3,2021-04-13,182.29,182.58,180.22,181.33,181.33,504589,18132576119.38
3,2021-04-14,178.41,181.07,177.23,179.72,179.72,448938,17972249238.89
3,2021-04-15,178.56,179.86,176.94,179.42,179.42,559453,17941641033.16
3,2021-04-16,177.84,179.23,176.49,178.74,178.74,436536,17873938699.2
3,2021-04-17,182.53,185.03,182.47,184.13,184.13,587266,18412905360.38
3,2021-04-18,181.58,184.85,181.33,183.19,183.19,571504,18318585767.85
3,2021-04-19,173.83,175.93,173.79,174.36,174.36,445667,17435908280.99
3,2021-04-20,178.08,179.79,176.5,177.49,177.49,543476,17749421742.42
3,2021-04-21,172.79,174.48,171.56,172.0,172.0,435486,17200060860.83
3,2021-04-22,170.76,171.09,169.27,170.23,170.23,595875,17023226114.1
3,2021-04-23,172.24,172.85,171.68,171.87,171.87,453152,17187135943.09
3,2021-04-24,170.6,172.19,170.17,171.8,171.8,455495,17180040583.84
3,2021-04-25,172.62,172.82,171.06,172.54,172.54,548622,17254110334.98
3,2021-04-26,177.34,177.46,175.31,176.56,176.56,546667,17655660879.32
3,2021-04-27,173.54,174.53,173.25,173.69,173.69,583493,17368724531.93
3,2021-04-28,175.59,177.07,172.87,174.04,174.04,581228,17403859336.78
3,2021-04-29,166.37,167.27,165.76,165.87,165.87,426509,16586597619.97
3,2021-04-30,162.61,163.92,161.82,162.57,162.57,460552,16256613661.19
3,2021-05-01,159.44,161.04,158.22,160.51,160.51,441546,16051466843.31
3,2021-05-02,158.06,158.38,156.61,158.0,158.0,448788,15799718203.44
3,2021-05-03,158.65,159.86,157.08,157.12,157.12,552336,15712247402.55
3,2021-05-04,150.93,152.96,149.55,152.26,152.26,495456,15225736262.3
3,2021-05-05,150.56,152.75,149.31,151.75,151.75,419654,15175345191.88
3,2021-05-06,161.1,162.74,159.55,161.49,161.49,576328,16149027986.97
3,2021-05-07,161.22,163.19,160.28,161.9,161.9,410216,16190456835.96
3,2021-05-08,157.72,158.97,156.67,157.3,157.3,558003,15729586422.49
3,2021-05-09,156.48,158.65,155.23,157.56,157.56,414610,15755652080.76
3,2021-05-10,159.7,161.66,158.25,160.29,160.29,495659,16029098882.96
3,2021-05-11,158.26,160.69,157.22,159.27,159.27,488379,15926584674.59
3,2021-05-12,156.93,158.72,155.96,158.03,158.03,495207,15802787821.42
3,2021-05-13,159.63,160.29,156.6,158.15,158.15,419975,15815183356.46
3,2021-05-14,163.21,164.24,162.4,162.67,162.67,517875,16266618451.95
3,2021-05-15,161.01,162.13,160.1,162.11,162.11,519658,16210614350.39
3,2021-05-16,165.44,166.63,163.88,165.35,165.35,459992,16535063310.97
3,2021-05-17,165.01,167.47,163.65,166.04,166.04,401920,16604306964.63
3,2021-05-18,165.05,166.23,164.4,164.92,164.92,485951,16492006626.01
3,2021-05-19,169.18,169.92,168.34,169.31,169.31,580997,16931391636.35
3,2021-05-20,170.07,170.64,168.67,168.96,168.96,543996,16896489764.44
3,2021-05-21,170.48,172.27,170.24,171.86,171.86,488528,17185629264.84
3,2021-05-22,173.26,174.57,171.96,173.79,173.79,528525,17378704161.81
3,2021-05-23,177.54,179.57,176.7,178.07,178.07,517787,17806970530.09
3,2021-05-24,185.3,186.46,183.31,183.54,183.54,526986,18354113223.32
3,2021-05-25,179.94,180.06,178.95,179.27,179.27,551108,17926814860.85
3,2021-05-26,184.89,185.3,182.04,183.58,183.58,598447,18358019075.53
3,2021-05-27,187.56,188.52,186.26,186.83,186.83,450349,18683432329.4
3,2021-05-28,180.82,181.92,180.26,181.86,181.86,481433,18186086953.64
3,2021-05-29,185.15,186.56,182.34,183.78,183.78,454148,18378462236.53
3,2021-05-30,185.11,185.59,182.83,184.5,184.5,526225,18449984515.16
3,2021-05-31,185.58,187.87,184.72,187.04,187.04,465727,18703698997.96
3,2021-06-01,195.62,196.68,193.46,194.2,194.2,496655,19420006504.5
3,2021-06-02,193.1,194.87,191.64,192.18,192.18,456751,19217910969.39
3,2021-06-03,193.26,193.82,190.14,191.89,191.89,529055,19188879131.49
3,2021-06-04,192.9,196.66,191.49,194.78,194.78,452839,19478174695.61
3,2021-06-05,196.47,198.87,195.91,197.24,197.24,506438,19723742855.13
3,2021-06-06,197.14,199.23,197.12,198.75,198.75,468228,19874545588.46
3,2021-06-07,205.98,206.73,204.75,206.11,206.11,535568,20611169257.82
3,2021-06-08,202.81,202.91,200.01,201.83,201.83,500612,20183000074.9
3,2021-06-09,198.97,200.29,196.41,197.58,197.58,525184,19758025646.0
3,2021-06-10,198.39,198.46,196.08,197.23,197.23,422294,19722678846.92
3,2021-06-11,198.57,200.25,195.59,196.62,196.62,551322,19662003318.0
3,2021-06-12,191.46,194.79,190.17,193.03,193.03,436436,19303229510.96
3,2021-06-13,195.29,196.99,192.9,194.01,194.01,401303,19401046303.46
3,2021-06-14,182.91,184.38,181.49,183.58,183.58,578673,18357955919.64
3,2021-06-15,186.5,188.16,185.3,186.12,186.12,501909,18612351411.11
3,2021-06-16,192.53,193.88,191.72,192.18,192.18,499157,19218100906.74
3,2021-06-17,197.34,197.55,196.53,197.29,197.29,435759,19729269510.07
3,2021-06-18,207.77,209.01,204.39,205.92,205.92,552087,20591810570.21
3,2021-06-19,205.28,206.58,205.11,205.26,205.26,534595,20525551966.75
3,2021-06-20,202.16,202.36,201.87,202.27,202.27,418913,20226917260.53
3,2021-06-21,196.11,198.9,195.46,196.99,196.99,572405,19698985613.38
3,2021-06-22,191.93,192.47,191.11,191.51,191.51,468486,19150834759.37
3,2021-06-23,191.31,191.32,191.23,191.25,191.25,537391,19124749188.01
3,2021-06-24,191.27,192.36,189.15,190.12,190.12,564511,19012215691.87
3,2021-06-25,186.55,189.06,185.8,187.32,187.32,438719,18731916160.23
3,2021-06-26,186.72,188.82,185.77,188.17,188.17,421742,18817407362.4
3,2021-06-27,186.79,187.7,184.1,185.4,185.4,446360,18540050319.82
3,2021-06-28,182.54,183.58,180.88,182.83,182.83,461440,18282934392.8
3,2021-06-29,178.11,179.19,176.8,177.35,177.35,461076,17734916454.53
3,2021-06-30,174.84,175.79,173.78,175.69,175.69,553284,17568895981.59
3,2021-07-01,176.92,177.12,175.58,176.26,176.26,494375,17625746473.55
3,2021-07-02,167.45,169.43,166.18,168.72,168.72,536949,16872487143.06
3,2021-07-03,164.92,166.48,164.33,166.35,166.35,585510,16634870786.54
3,2021-07-04,167.56,168.16,165.97,166.96,166.96,442058,16695972221.29
3,2021-07-05,166.83,169.56,165.3,168.49,168.49,534377,16848553589.13
3,2021-07-06,172.52,172.72,170.2,171.75,171.75,464753,17174787628.29
3,2021-07-07,171.29,173.71,171.04,172.79,172.79,438380,17278565995.79
3,2021-07-08,172.01,173.56,171.02,172.72,172.72,479247,17272266233.86
3,2021-07-09,170.49,172.27,169.52,172.06,172.06,434355,17205554918.4
3,2021-07-10,177.0,178.49,175.24,176.46,176.46,431588,17646260700.21
3,2021-07-11,173.22,174.63,172.74,173.46,173.46,532518,17345859634.75
3,2021-07-12,176.79,178.39,175.34,176.98,176.98,465136,17698182601.47
3,2021-07-13,175.91,177.51,173.91,174.66,174.66,503293,17466116877.92
3,2021-07-14,177.03,178.55,175.78,177.49,177.49,494755,17748540047.68
3,2021-07-15,171.98,172.62,171.05,171.33,171.33,519045,17133186814.66
3,2021-07-16,168.9,169.48,167.34,167.59,167.59,483381,16759441877.76
3,2021-07-17,165.34,168.0,164.28,166.92,166.92,545293,16692430580.02
3,2021-07-18,164.8,165.61,163.68,165.1,165.1,445744,16509759294.03
3,2021-07-19,164.8,165.4,164.1,164.46,164.46,452571,16445628166.33
3,2021-07-20,165.04,165.27,163.62,164.42,164.42,586865,16441876669.57
3,2021-07-21,163.83,166.23,162.23,165.39,165.39,566887,16538936736.99
3,2021-07-22,162.46,164.63,162.19,164.0,164.0,474158,16399551245.28
3,2021-07-23,162.12,164.92,161.37,163.69,163.69,461246,16368520078.73
3,2021-07-24,164.3,167.15,163.78,165.57,165.57,545341,16557059059.67
3,2021-07-25,165.92,166.91,163.28,164.64,164.64,565846,16464180475.86
3,2021-07-26,163.96,164.9,163.07,164.34,164.34,463069,16433786892.72
3,2021-07-27,164.71,166.78,163.81,165.86,165.86,461603,16585870719.73
3,2021-07-28,167.82,168.53,167.39,168.02,168.02,512657,16802499142.56
3,2021-07-29,168.72,169.86,168.14,169.76,169.76,552539,16975848669.52
3,2021-07-30,163.35,163.58,162.37,163.09,163.09,401134,16308935543.07
3,2021-07-31,166.0,166.81,164.91,165.58,165.58,587997,16557780626.92
3,2021-08-01,169.68,170.02,168.6,169.27,169.27,411061,16927336923.41
3,2021-08-02,174.33,176.79,173.38,175.95,175.95,481757,17595407267.9
3,2021-08-03,177.02,178.56,176.67,176.9,176.9,529158,17689978943.76
3,2021-08-04,179.65,179.87,177.19,178.61,178.61,427986,17860755584.66
3,2021-08-05,182.49,182.76,180.04,180.88,180.88,491377,18088148683.4
3,2021-08-06,181.33,182.19,178.05,179.6,179.6,454841,17959863793.73
3,2021-08-07,172.54,173.64,171.22,173.28,173.28,563706,17328383320.26
3,2021-08-08,177.31,178.62,176.43,177.71,177.71,440442,17770923024.94
3,2021-08-09,183.26,184.0,180.01,181.52,181.52,532410,18151596387.13
3,2021-08-10,183.35,184.39,180.64,182.38,182.38,451185,18238084719.39
3,2021-08-11,183.0,183.8,180.18,181.72,181.72,566510,18171574648.24
3,2021-08-12,182.65,182.76,179.62,181.22,181.22,404735,18122048645.31
3,2021-08-13,183.89,185.59,183.39,183.43,183.43,485499,18342614535.8
3,2021-08-14,172.61,173.88,171.37,172.69,172.69,476481,17269429013.94
3,2021-08-15,169.39,170.69,168.03,170.08,170.08,511613,17007666722.23
3,2021-08-16,170.75,171.87,169.11,171.51,171.51,547803,17151229215.0
3,2021-08-17,174.12,174.86,172.83,174.83,174.83,559494,17483319906.24
3,2021-08-18,177.86,179.17,176.43,176.68,176.68,523511,17667973632.99
3,2021-08-19,180.13,181.51,178.04,179.56,179.56,488020,17956106312.83
3,2021-08-20,182.74,182.9,181.43,182.32,182.32,454792,18232375850.9
3,2021-08-21,181.45,181.9,180.81,181.78,181.78,414885,18178383600.15
3,2021-08-22,177.74,180.58,176.04,179.13,179.13,432083,17913014594.79
3,2021-08-23,170.94,173.26,169.57,172.4,172.4,544569,17239981555.84
3,2021-08-24,173.9,173.99,173.06,173.19,173.19,588298,17318697141.93
3,2021-08-25,166.77,168.14,165.43,167.67,167.67,518588,16767075902.5
3,2021-08-26,166.58,167.25,163.67,165.16,165.16,590409,16516332740.18
3,2021-08-27,163.44,165.39,161.83,164.34,164.34,589341,16433911337.32
3,2021-08-28,158.13,158.69,156.78,157.8,157.8,556245,15780215582.15
3,2021-08-29,148.57,149.5,148.21,148.32,148.32,478012,14831978591.39
3,2021-08-30,149.45,149.81,147.85,148.91,148.91,591946,14890965235.2
3,2021-08-31,150.53,151.31,150.16,150.37,150.37,541297,15037301064.43
3,2021-09-01,152.78,153.19,151.18,151.94,151.94,449969,15193830394.0
3,2021-09-02,150.26,150.34,148.75,149.87,149.87,597385,14987281473.39
3,2021-09-03,148.15,148.69,147.39,148.69,148.69,517222,14869097035.79
3,2021-09-04,148.76,148.77,147.4,147.76,147.76,411863,14776047797.76
3,2021-09-05,148.98,149.45,148.11,148.26,148.26,411222,14826342711.34
3,2021-09-06,145.31,145.76,143.18,144.32,144.32,468538,14431703743.02
3,2021-09-07,143.11,143.72,140.7,142.0,142.0,507579,14199567519.73
3,2021-09-08,141.97,144.13,141.26,143.15,143.15,487624,14314716030.0
3,2021-09-09,142.57,143.8,141.57,142.89,142.89,456847,14289458643.19
3,2021-09-10,147.05,148.16,144.31,145.7,145.7,494368,14569645629.38
3,2021-09-11,149.95,150.39,149.18,149.34,149.34,576169,14934216254.44
3,2021-09-12,149.86,151.77,148.41,151.23,151.23,414797,15122617709.59
3,2021-09-13,154.91,155.58,154.2,154.91,154.91,595435,15491272177.1
3,2021-09-14,152.85,153.33,151.68,153.25,153.25,546489,15325349235.18
3,2021-09-15,149.31,150.79,148.04,149.56,149.56,564862,14955789955.09
3,2021-09-16,151.38,152.8,151.05,151.46,151.46,574790,15146388679.17
3,2021-09-17,148.59,149.49,147.62,148.06,148.06,517961,14805948414.93
3,2021-09-18,149.93,150.4,148.26,149.22,149.22,514817,14921852199.98
3,2021-09-19,146.26,147.62,145.97,146.57,146.57,512367,14657123156.22
3,2021-09-20,145.27,145.74,145.1,145.65,145.65,487652,14565188263.76
3,2021-09-21,147.5,147.89,146.22,147.45,147.45,465568,14745268590.08
3,2021-09-22,146.8,147.42,146.02,146.82,146.82,509317,14682276827.63
3,2021-09-23,144.22,144.24,143.28,143.95,143.95,532138,14394695255.05
3,2021-09-24,144.57,145.02,142.94,144.05,144.05,511334,14405481457.24
3,2021-09-25,146.47,147.23,144.25,145.67,145.67,563461,14567433387.04
3,2021-09-26,146.56,148.07,146.53,147.68,147.68,537914,14767840841.73
3,2021-09-27,148.85,150.63,148.08,149.47,149.47,428093,14947067532.69
3,2021-09-28,144.36,146.25,143.41,145.81,145.81,553981,14581131310.15
3,2021-09-29,142.92,144.12,141.54,141.58,141.58,574145,14157542077.52
3,2021-09-30,142.91,143.56,141.54,142.11,142.11,539850,14210871178.29
3,2021-10-01,142.28,142.94,141.96,142.84,142.84,547811,14284470189.02
3,2021-10-02,143.3,143.97,142.51,142.59,142.59,591440,14259256739.21
3,2021-10-03,139.21,140.51,136.87,137.95,137.95,472245,13794921493.65
3,2021-10-04,139.33,139.43,137.54,138.05,138.05,554540,13804822519.42
3,2021-10-05,137.96,139.0,137.77,138.73,138.73,549454,13872659667.35
3,2021-10-06,142.55,142.76,141.17,142.32,142.32,442962,14232417628.91
3,2021-10-07,144.35,144.9,142.98,143.95,143.95,464253,14395433195.88
3,2021-10-08,142.85,143.26,141.0,141.66,141.66,445536,14166298923.16
3,2021-10-09,139.22,140.2,138.06,138.14,138.14,472440,13814244335.46
3,2021-10-10,134.88,137.18,134.16,135.88,135.88,439797,13587651246.8
3,2021-10-11,140.86,142.3,139.9,141.6,141.6,594287,14159566010.52
3,2021-10-12,141.97,142.61,140.33,141.1,141.1,451805,14109996475.11
3,2021-10-13,139.95,140.2,139.71,140.13,140.13,520723,14013358400.93
3,2021-10-14,134.96,137.33,133.62,136.18,136.18,586536,13618473969.95
3,2021-10-15,136.29,137.45,135.17,135.5,135.5,428053,13549931556.05
3,2021-10-16,131.04,131.99,130.95,131.21,131.21,528448,13120907023.8
3,2021-10-17,132.79,134.09,132.21,132.46,132.46,485466,13246125787.52
3,2021-10-18,134.32,134.53,132.99,133.63,133.63,561212,13362926735.34
3,2021-10-19,134.3,134.64,132.86,133.72,133.72,559619,13372053020.3
3,2021-10-20,131.37,132.39,130.55,131.2,131.2,566334,13120274277.38
3,2021-10-21,131.19,132.49,130.72,132.48,132.48,412057,13248172358.38
3,2021-10-22,128.75,130.3,127.81,129.21,129.21,597928,12920834466.53
3,2021-10-23,129.75,131.37,129.71,130.81,130.81,474694,13080927566.16
3,2021-10-24,135.3,136.74,134.76,136.34,136.34,513142,13634178017.09
3,2021-10-25,136.85,138.2,135.65,135.71,135.71,599130,13570908422.92
3,2021-10-26,133.7,135.0,132.47,133.99,133.99,591957,13398728054.74
3,2021-10-27,138.81,139.6,137.08,137.57,137.57,574616,13756823541.28
3,2021-10-28,135.9,136.39,134.83,135.73,135.73,465414,13572583954.26
3,2021-10-29,137.2,138.18,135.93,137.91,137.91,507761,13791272375.87
3,2021-10-30,137.22,138.05,137.17,137.99,137.99,456529,13799346632.9
3,2021-10-31,134.52,136.58,134.14,135.4,135.4,466750,13540211622.59
3,2021-11-01,135.56,136.52,134.86,135.73,135.73,413421,13572950352.18
3,2021-11-02,138.07,138.46,136.87,137.36,137.36,415110,13735666404.66
3,2021-11-03,137.65,138.3,136.2,136.88,136.88,418428,13687833212.62
3,2021-11-04,138.62,140.27,138.36,139.44,139.44,511658,13944247422.84
3,2021-11-05,141.13,142.06,141.03,141.96,141.96,422466,14195770241.14
3,2021-11-06,142.05,142.76,140.23,140.81,140.81,431644,14080568217.22
3,2021-11-07,141.6,143.06,140.51,142.08,142.08,502700,14207782927.1
3,2021-11-08,143.71,143.93,142.01,143.27,143.27,570297,14326927904.32
3,2021-11-09,138.01,138.27,137.83,138.22,138.22,514785,13821592060.94
3,2021-11-10,139.88,139.88,138.56,139.14,139.14,493689,13914100481.35
3,2021-11-11,138.6,138.91,136.88,137.3,137.3,530034,13730237309.3
3,2021-11-12,136.9,137.75,136.9,137.44,137.44,438177,13743734796.43
3,2021-11-13,140.02,141.2,138.76,139.35,139.35,414616,13934600441.45
3,2021-11-14,135.65,136.63,134.68,136.19,136.19,536790,13618621104.19
3,2021-11-15,134.61,136.18,133.53,134.96,134.96,563551,13496215776.77
3,2021-11-16,137.57,138.6,135.71,136.25,136.25,493143,13624986111.85
3,2021-11-17,139.84,141.8,138.84,141.03,141.03,577871,14102923283.06
3,2021-11-18,142.88,144.96,142.04,143.83,143.83,598869,14383249359.95
3,2021-11-19,145.15,146.79,144.05,145.75,145.75,430441,14574676052.3
3,2021-11-20,140.28,142.14,139.57,141.41,141.41,466085,14140910285.54
3,2021-11-21,144.11,145.1,142.14,143.17,143.17,436334,14316744885.58
3,2021-11-22,142.58,144.0,141.59,142.69,142.69,515044,14268584323.96
3,2021-11-23,143.98,145.8,143.69,144.63,144.63,490809,14462900826.14
3,2021-11-24,145.44,146.38,144.01,145.89,145.89,556222,14589187003.16
3,2021-11-25,147.89,148.71,145.82,147.22,147.22,547891,14721803072.1
3,2021-11-26,149.54,150.12,149.3,149.56,149.56,589700,14955566609.23
3,2021-11-27,151.33,151.72,150.06,151.68,151.68,577879,15168096504.46
3,2021-11-28,152.79,155.39,151.3,154.3,154.3,480293,15430232188.57
3,2021-11-29,150.28,151.5,148.85,149.66,149.66,458762,14966438371.34
3,2021-11-30,150.03,150.11,147.89,148.64,148.64,524737,14864059192.24
3,2021-12-01,149.8,151.97,148.96,150.76,150.76,477989,15076266950.06
3,2021-12-02,151.76,152.28,150.45,152.08,152.08,401707,15207723839.91
3,2021-12-03,150.03,151.98,149.02,150.67,150.67,464476,15066645601.16
3,2021-12-04,148.99,149.36,147.19,148.11,148.11,430098,14811182861.44
3,2021-12-05,152.98,153.0,150.72,151.75,151.75,571114,15174632696.0
3,2021-12-06,151.22,153.42,150.78,152.58,152.58,516875,15258472702.87
3,2021-12-07,149.85,150.35,148.39,149.49,149.49,553555,14948917503.51
3,2021-12-08,145.21,145.59,144.07,145.49,145.49,506472,14548983048.51
3,2021-12-09,144.51,144.99,143.89,143.97,143.97,530722,14397440415.36
3,2021-12-10,138.75,140.42,137.86,139.1,139.1,440066,13910127958.24
3,2021-12-11,141.4,142.85,140.33,142.25,142.25,564304,14225164206.82
3,2021-12-12,145.25,146.82,144.84,146.42,146.42,585071,14641534544.06
3,2021-12-13,146.19,148.23,145.93,147.47,147.47,578648,14746598647.29
3,2021-12-14,148.75,148.92,146.77,147.37,147.37,542980,14736673492.85
3,2021-12-15,149.8,150.55,149.21,150.03,150.03,515371,15003465761.47
3,2021-12-16,152.46,153.5,151.72,153.19,153.19,437769,15318613360.16
3,2021-12-17,150.88,152.34,149.5,150.41,150.41,429656,15040776663.17
3,2021-12-18,146.19,147.54,144.78,147.43,147.43,461696,14743282923.92
3,2021-12-19,146.15,147.06,144.92,145.87,145.87,420179,14586508725.68
3,2021-12-20,144.44,145.14,143.04,145.12,145.12,506684,14511634685.55
3,2021-12-21,148.12,149.02,147.05,147.51,147.51,588898,14751481983.63
3,2021-12-22,143.51,145.03,142.26,144.17,144.17,407890,14417135723.9
3,2021-12-23,144.94,146.66,143.92,145.8,145.8,425464,14580475030.79
3,2021-12-24,147.37,147.97,146.82,146.84,146.84,469703,14684168224.61
3,2021-12-25,142.25,143.75,141.68,142.39,142.39,413853,14238912672.33
3,2021-12-26,144.87,145.15,142.93,143.9,143.9,574111,14389632917.37
3,2021-12-27,142.7,144.95,141.38,143.87,143.87,585693,14387171671.14
3,2021-12-28,143.22,143.78,142.6,143.41,143.41,531633,14341318529.84
3,2021-12-29,148.88,149.24,147.41,148.47,148.47,440340,14847447726.7
3,2021-12-30,151.37,152.93,150.03,152.62,152.62,432657,15262123305.42
3,2021-12-31,149.59,150.65,149.49,150.27,150.27,598200,15027463377.79
3,2022-01-01,148.12,149.33,147.22,148.24,148.24,446595,14824430009.32
3,2022-01-02,147.89,149.12,145.39,146.57,146.57,583975,14656898164.75
3,2022-01-03,148.27,149.64,146.51,147.31,147.31,554469,14731473781.89
3,2022-01-04,149.5,150.6,148.0,148.78,148.78,405459,14877977980.08
3,2022-01-05,143.89,145.68,142.55,145.14,145.14,575527,14514163088.15
3,2022-01-06,147.61,148.85,146.29,148.3,148.3,588877,14829984904.58
3,2022-01-07,155.87,157.1,154.65,155.36,155.36,424622,15535557768.29
3,2022-01-08,151.86,152.51,150.57,151.24,151.24,589602,15124298681.01
3,2022-01-09,153.84,155.28,153.29,153.38,153.38,405084,15338434134.94
3,2022-01-10,151.57,151.78,151.12,151.74,151.74,573506,15174448746.53
3,2022-01-11,154.41,154.49,153.64,154.4,154.4,570837,15439876527.83
3,2022-01-12,153.4,153.79,152.68,152.92,152.92,441716,15292233380.97
3,2022-01-13,156.31,157.49,156.02,157.38,157.38,409842,15738348201.25
3,2022-01-14,160.92,162.02,159.74,159.92,159.92,487709,15991852667.89
3,2022-01-15,160.38,161.55,159.97,161.05,161.05,439727,16105411227.73
3,2022-01-16,170.11,171.21,168.7,170.6,170.6,554196,17060170420.48
3,2022-01-17,175.91,176.45,173.3,174.9,174.9,518043,17489977386.93
3,2022-01-18,174.01,175.4,172.36,174.51,174.51,424929,17451340536.74
3,2022-01-19,177.03,177.21,175.02,175.71,175.71,593848,17571014683.52
3,2022-01-20,175.3,177.89,174.1,176.38,176.38,501340,17637858836.21
3,2022-01-21,188.23,189.83,185.56,186.96,186.96,515660,18696221731.41
3,2022-01-22,193.39,196.02,193.04,194.71,194.71,503299,19470822487.7
3,2022-01-23,191.1,191.54,190.14,190.36,190.36,432576,19036277174.89
3,2022-01-24,194.19,194.51,193.97,194.14,194.14,441927,19413506408.87
3,2022-01-25,195.86,198.09,194.1,197.76,197.76,588139,19775938885.47
3,2022-01-26,193.47,195.45,192.46,195.01,195.01,548128,19501219510.3
3,2022-01-27,190.57,191.04,190.05,190.16,190.16,471678,19016222265.79
3,2022-01-28,183.94,186.76,182.8,184.98,184.98,599071,18497985520.64
3,2022-01-29,183.15,183.91,182.16,182.95,182.95,483025,18294591289.27
3,2022-01-30,190.61,190.94,188.9,189.85,189.85,442065,18984650530.65
3,2022-01-31,191.05,193.05,189.84,191.38,191.38,418158,19138279705.79
3,2022-02-01,187.96,188.18,186.93,187.56,187.56,501382,18755936703.15
3,2022-02-02,186.59,189.24,186.21,187.94,187.94,495595,18793706343.68
3,2022-02-03,190.09,192.19,189.29,191.22,191.22,501747,19122014019.52
3,2022-02-04,188.55,191.89,188.41,190.38,190.38,588979,19038022267.16
3,2022-02-05,200.93,202.31,199.91,200.42,200.42,403229,20041628018.33
3,2022-02-06,194.1,197.44,193.05,196.02,196.02,476005,19601927916.76
3,2022-02-07,198.89,199.85,196.88,197.54,197.54,484002,19753688188.16
3,2022-02-08,200.29,201.19,198.77,199.13,199.13,592313,19913360882.75
3,2022-02-09,195.57,197.58,193.8,196.01,196.01,420013,19600705757.96
3,2022-02-10,194.66,195.95,192.94,195.82,195.82,472078,19581683439.78
3,2022-02-11,201.06,201.2,197.91,199.2,199.2,461996,19919832043.93
3,2022-02-12,188.69,191.02,187.16,190.31,190.31,413061,19030654830.45
3,2022-02-13,182.2,183.86,181.51,183.22,183.22,589188,18322123490.51
3,2022-02-14,183.95,186.23,183.09,185.55,185.55,530400,18554708720.38
3,2022-02-15,189.72,189.74,188.52,188.93,188.93,445871,18893171172.72
3,2022-02-16,194.43,195.37,193.8,193.81,193.81,540242,19380567771.65
3,2022-02-17,196.37,196.51,194.68,196.18,196.18,530086,19618481446.94
3,2022-02-18,199.2,200.75,197.37,198.87,198.87,562033,19886603500.94
3,2022-02-19,197.83,200.6,196.59,199.26,199.26,575188,19925910020.24
3,2022-02-20,205.93,206.28,204.54,204.94,204.94,403170,20493981433.54
3,2022-02-21,207.9,209.47,204.99,206.22,206.22,592846,20621689902.28
3,2022-02-22,208.83,210.68,206.98,208.19,208.19,545925,20818909473.56
3,2022-02-23,203.85,205.41,203.29,203.95,203.95,579466,20395234712.87
3,2022-02-24,204.41,206.28,203.92,205.64,205.64,409073,20563669594.93
3,2022-02-25,205.84,206.88,203.79,204.17,204.17,569482,20417458573.37
3,2022-02-26,196.82,199.88,196.06,198.5,198.5,435471,19849621683.22
3,2022-02-27,201.77,202.32,199.19,200.58,200.58,401854,20058357164.05
3,2022-02-28,203.81,206.7,202.51,204.78,204.78,503724,20477809740.65
3,2022-03-01,198.79,201.41,198.35,200.02,200.02,428044,20002481030.25
3,2022-03-02,196.88,197.4,195.2,196.5,196.5,493962,19650409423.74
3,2022-03-03,199.77,200.14,198.56,198.73,198.73,407798,19873362944.57
3,2022-03-04,202.08,202.82,200.41,201.28,201.28,519240,20127992765.73
3,2022-03-05,200.88,204.1,200.22,202.75,202.75,441965,20274786236.01
3,2022-03-06,198.03,199.77,195.82,196.46,196.46,547969,19646347838.06
3,2022-03-07,196.85,198.98,196.71,197.84,197.84,458616,19783895074.12
3,2022-03-08,197.54,201.14,196.89,199.15,199.15,523511,19914926168.32
3,2022-03-09,203.67,205.69,201.73,202.22,202.22,564650,20222328459.91
3,2022-03-10,202.88,205.6,202.61,204.76,204.76,483847,20476106060.93
3,2022-03-11,205.82,206.98,204.02,204.66,204.66,434927,20466151688.94
3,2022-03-12,204.8,205.28,204.14,204.17,204.17,503719,20417238902.62
3,2022-03-13,207.86,207.94,205.04,206.77,206.77,430276,20677383106.42
3,2022-03-14,212.84,214.04,211.01,212.33,212.33,561883,21233163588.77
3,2022-03-15,213.8,215.91,211.84,213.45,213.45,533733,21345405741.75
3,2022-03-16,217.73,219.52,216.88,217.98,217.98,473013,21797966113.78
3,2022-03-17,222.11,224.16,219.47,220.22,220.22,584990,22022425928.23
3,2022-03-18,214.25,214.7,212.0,214.13,214.13,557311,21412710324.3
3,2022-03-19,217.27,217.39,215.88,216.87,216.87,405996,21687010576.8
3,2022-03-20,221.55,223.04,219.95,220.77,220.77,440815,22077477170.66
3,2022-03-21,230.41,231.9,228.87,229.51,229.51,480730,22950679891.7
3,2022-03-22,228.01,231.05,226.64,229.59,229.59,474636,22959261459.3
3,2022-03-23,232.04,233.8,230.09,232.25,232.25,568284,23224615814.52
3,2022-03-24,226.72,228.27,224.94,228.23,228.23,524382,22822916192.3
3,2022-03-25,236.98,238.87,233.13,235.39,235.39,405695,23539172527.78
3,2022-03-26,239.65,240.82,238.52,239.48,239.48,405166,23948272036.47
3,2022-03-27,239.64,242.93,238.23,240.71,240.71,405699,24071041385.0
3,2022-03-28,235.68,236.51,235.12,235.24,235.24,494100,23524140544.58
3,2022-03-29,233.01,236.39,230.94,234.96,234.96,546990,23496406728.22
3,2022-03-30,234.7,236.23,232.42,232.91,232.91,428868,23291208155.15
3,2022-03-31,234.91,237.81,232.55,235.91,235.91,481530,23591445609.32
3,2022-04-01,230.01,234.27,228.56,232.19,232.19,507894,23219023613.06
3,2022-04-02,233.72,233.86,231.33,232.1,232.1,552500,23210380301.48
3,2022-04-03,232.26,236.57,230.34,234.28,234.28,544504,23428437605.76
3,2022-04-04,231.39,233.88,230.85,233.39,233.39,433948,23339006840.4
3,2022-04-05,229.83,230.59,229.6,229.98,229.98,420023,22997520599.72
3,2022-04-06,231.03,232.77,226.65,228.87,228.87,469733,22886589873.19
3,2022-04-07,227.55,228.46,225.74,227.83,227.83,444539,22782914790.17
3,2022-04-08,221.23,222.7,220.65,222.42,222.42,483976,22241501213.33
3,2022-04-09,217.22,219.31,217.08,217.85,217.85,413265,21784641022.51
3,2022-04-10,218.95,221.26,217.04,220.5,220.5,593746,22050426481.04
3,2022-04-11,216.61,218.29,215.55,218.11,218.11,492886,21811213287.95
3,2022-04-12,222.02,222.32,219.4,220.68,220.68,483015,22067768911.46
3,2022-04-13,212.89,213.19,211.53,212.86,212.86,579628,21286187461.12
3,2022-04-14,210.74,213.5,210.09,212.52,212.52,488083,21251931920.17
3,2022-04-15,206.36,206.47,204.18,205.03,205.03,571383,20503334176.7
3,2022-04-16,212.54,213.96,210.58,212.23,212.23,561885,21222530183.96
3,2022-04-17,212.45,213.12,209.79,210.93,210.93,400144,21092545257.01
3,2022-04-18,208.53,210.84,206.98,209.81,209.81,495248,20981225808.34
3,2022-04-19,213.39,214.45,211.6,213.42,213.42,579909,21342169180.83
3,2022-04-20,217.14,218.26,216.15,217.55,217.55,451372,21754691660.34
3,2022-04-21,217.15,217.42,215.59,216.02,216.02,464575,21601753123.45
3,2022-04-22,224.26,225.76,223.75,224.31,224.31,507997,22430887419.81
3,2022-04-23,231.91,232.78,230.14,231.67,231.67,591381,23167050713.63
3,2022-04-24,231.28,233.39,230.77,232.74,232.74,533686,23274441838.43
3,2022-04-25,226.26,229.59,225.61,227.71,227.71,419279,22770642093.81
3,2022-04-26,222.18,224.52,221.37,222.74,222.74,498560,22274304581.96
3,2022-04-27,221.94,225.04,220.05,223.79,223.79,566217,22379235011.7
3,2022-04-28,222.25,222.74,221.0,221.48,221.48,514247,22148185391.4
3,2022-04-29,225.37,225.92,223.1,223.69,223.69,425166,22369169642.55
3,2022-04-30,227.28,227.63,225.11,226.15,226.15,502946,22615148787.94
3,2022-05-01,231.09,232.0,229.96,231.78,231.78,561089,23177804871.0
3,2022-05-02,226.31,229.57,225.25,227.51,227.51,428519,22750634972.15
3,2022-05-03,224.38,226.24,224.04,224.54,224.54,531841,22453611984.02
3,2022-05-04,212.68,214.8,210.63,212.27,212.27,548637,21226519914.36
3,2022-05-05,209.78,211.95,209.42,210.21,210.21,543453,21020737219.62
3,2022-05-06,211.35,213.27,209.79,210.86,210.86,456459,21086430025.23
3,2022-05-07,201.95,202.05,201.87,201.94,201.94,523002,20194235134.43
3,2022-05-08,194.9,195.21,193.54,193.59,193.59,449955,19358552070.03
3,2022-05-09,200.12,200.8,200.02,200.32,200.32,450134,20032112233.64
3,2022-05-10,198.53,199.08,197.75,198.1,198.1,546006,19809822723.85
3,2022-05-11,198.98,201.06,198.2,199.46,199.46,460221,19946315863.42
3,2022-05-12,198.46,198.93,196.05,197.39,197.39,542092,19738740503.41
3,2022-05-13,199.12,200.97,198.09,198.86,198.86,492429,19886170584.61
3,2022-05-14,200.41,200.88,198.62,199.31,199.31,518156,19931140192.19
3,2022-05-15,202.61,206.5,201.25,204.54,204.54,503380,20453683577.35
3,2022-05-16,204.58,205.96,203.47,204.12,204.12,597528,20412273441.01
3,2022-05-17,206.49,208.43,203.25,205.06,205.06,453345,20506052807.17
3,2022-05-18,200.6,203.42,200.57,201.48,201.48,579906,20147508235.37
3,2022-05-19,206.27,207.72,204.11,205.38,205.38,465588,20538491005.13
3,2022-05-20,202.73,203.5,202.04,202.97,202.97,474954,20296555539.36
3,2022-05-21,203.45,205.34,201.72,202.09,202.09,429044,20209463565.37
3,2022-05-22,202.95,204.93,202.62,204.74,204.74,547282,20474401466.15
3,2022-05-23,204.41,204.72,202.05,204.03,204.03,570149,20402535045.13
3,2022-05-24,203.4,205.4,202.05,204.43,204.43,549587,20443425581.29
3,2022-05-25,193.23,194.68,191.15,192.27,192.27,559954,19226577296.48
3,2022-05-26,188.31,190.34,186.62,188.67,188.67,526376,18867456932.95
3,2022-05-27,196.92,197.54,193.98,195.32,195.32,558838,19532483167.69
3,2022-05-28,190.95,192.82,190.12,192.16,192.16,595906,19216246733.01
3,2022-05-29,191.14,191.37,188.49,189.88,189.88,402864,18988115401.41
3,2022-05-30,183.0,183.57,181.91,183.02,183.02,526926,18302415324.61
3,2022-05-31,183.82,184.37,183.61,184.07,184.07,567075,18406760087.9
3,2022-06-01,186.89,188.85,185.66,187.48,187.48,447565,18747786815.53
3,2022-06-02,189.55,191.1,186.87,187.93,187.93,479352,18793064142.25
3,2022-06-03,190.36,191.36,190.34,190.74,190.74,402342,19074017482.92
3,2022-06-04,193.15,194.69,191.7,191.9,191.9,496155,19189882092.01
3,2022-06-05,186.19,189.46,185.79,187.62,187.62,571536,18761869532.31
3,2022-06-06,195.02,197.89,193.57,196.72,196.72,437549,19672449356.0
3,2022-06-07,197.19,197.4,196.73,197.07,197.07,573905,19706693920.91
3,2022-06-08,196.56,197.14,194.45,196.29,196.29,594155,19628967184.75
3,2022-06-09,187.16,188.96,185.85,188.86,188.86,481131,18885890035.93
3,2022-06-10,185.51,186.09,184.37,185.67,185.67,598539,18566573068.9
3,2022-06-11,187.0,189.07,185.46,187.53,187.53,490638,18752623606.46
3,2022-06-12,181.7,182.42,181.04,181.78,181.78,452560,18177929207.35
3,2022-06-13,178.67,179.86,177.83,179.71,179.71,487972,17971210041.32
3,2022-06-14,183.43,185.04,183.03,183.5,183.5,548992,18349819893.01
3,2022-06-15,189.17,189.9,187.1,187.96,187.96,531092,18795816577.62
3,2022-06-16,185.54,188.01,185.32,186.27,186.27,502898,18627345402.44
3,2022-06-17,187.16,187.22,186.15,187.04,187.04,467470,18703875437.48
3,2022-06-18,188.43,189.08,187.19,188.78,188.78,599337,18877529220.25
3,2022-06-19,189.87,190.0,188.27,189.05,189.05,437263,18905462006.35
3,2022-06-20,189.34,191.97,187.55,190.8,190.8,468196,19080100266.66
3,2022-06-21,188.07,189.66,187.31,188.62,188.62,574394,18862002788.08
3,2022-06-22,190.79,192.33,188.36,189.52,189.52,554401,18952244797.78
3,2022-06-23,182.93,185.03,182.16,184.38,184.38,491263,18438004557.37
3,2022-06-24,182.46,183.66,181.69,181.82,181.82,419300,18181922430.01
3,2022-06-25,176.28,178.97,176.21,177.5,177.5,571242,17750229218.1
3,2022-06-26,175.87,176.45,174.32,176.15,176.15,552653,17615085820.24
3,2022-06-27,170.88,172.13,169.23,170.87,170.87,452572,17086819856.62
3,2022-06-28,171.06,173.54,169.45,172.02,172.02,556390,17201846007.96
3,2022-06-29,173.29,173.99,171.54,172.85,172.85,485302,17284505734.89
3,2022-06-30,175.4,176.59,174.54,175.29,175.29,405082,17529158495.28
3,2022-07-01,176.8,179.54,175.84,178.06,178.06,508663,17806173713.09
3,2022-07-02,181.33,182.1,179.4,180.08,180.08,418916,18008466121.99
3,2022-07-03,180.7,181.57,178.55,179.47,179.47,595017,17946932723.18
3,2022-07-04,179.94,181.67,179.36,180.64,180.64,566015,18063587420.9
3,2022-07-05,181.17,181.8,179.14,180.35,180.35,424055,18034881232.2
3,2022-07-06,183.03,184.75,181.19,181.92,181.92,542539,18191644016.76
3,2022-07-07,181.16,181.2,178.32,179.4,179.4,425259,17939910750.87
3,2022-07-08,183.1,184.36,182.3,182.52,182.52,469524,18252264567.4
3,2022-07-09,177.17,178.83,176.43,177.86,177.86,490512,17785685015.17
3,2022-07-10,178.72,180.25,177.97,179.95,179.95,510659,17994627796.28
3,2022-07-11,179.89,182.11,179.71,181.4,181.4,587909,18140016733.73
3,2022-07-12,180.6,183.57,179.51,182.37,182.37,593258,18236693448.23
3,2022-07-13,178.94,182.17,177.18,180.66,180.66,594335,18065793205.38
3,2022-07-14,177.2,178.91,175.65,178.5,178.5,436522,17850027324.69
3,2022-07-15,176.46,178.13,175.43,178.06,178.06,564005,17805617456.08
3,2022-07-16,180.36,180.8,179.3,180.74,180.74,577124,18074358762.71
3,2022-07-17,180.79,181.51,178.72,180.48,180.48,502180,18047524067.99
3,2022-07-18,180.55,181.05,179.11,180.39,180.39,428341,18039377182.82
3,2022-07-19,181.7,183.16,181.61,182.16,182.16,536114,18215611759.42
3,2022-07-20,180.97,182.74,179.51,181.24,181.24,555182,18123571518.89
3,2022-07-21,179.86,181.52,178.55,178.73,178.73,439735,17872514420.08
3,2022-07-22,176.06,176.83,174.52,176.23,176.23,548919,17623309421.26
3,2022-07-23,165.49,166.69,164.61,166.04,166.04,505114,16603981356.63
3,2022-07-24,163.73,165.79,162.4,164.84,164.84,555987,16484491782.23
3,2022-07-25,161.75,163.33,161.16,162.89,162.89,512576,16289479127.39
3,2022-07-26,164.13,165.55,164.03,164.43,164.43,506112,16442894808.55
3,2022-07-27,164.81,165.13,163.11,164.16,164.16,409399,16416052220.15
3,2022-07-28,162.06,164.29,160.6,162.84,162.84,506631,16284406339.6
3,2022-07-29,159.35,160.01,158.27,159.63,159.63,507891,15962881477.97
3,2022-07-30,158.3,159.36,155.98,157.27,157.27,538738,15727449652.14
3,2022-07-31,154.58,155.14,152.82,153.85,153.85,599434,15385009653.82
3,2022-08-01,152.18,153.0,150.66,152.88,152.88,433350,15287841248.52
3,2022-08-02,156.79,157.24,154.93,155.65,155.65,431749,15565454341.06
3,2022-08-03,161.78,162.45,160.71,161.4,161.4,536079,16139701371.59
3,2022-08-04,164.89,165.22,162.22,163.75,163.75,526981,16374602468.2
3,2022-08-05,158.22,159.52,156.75,157.63,157.63,571788,15762798128.04
3,2022-08-06,155.49,155.89,153.33,154.67,154.67,445251,15467303550.21
3,2022-08-07,151.41,152.82,149.92,152.63,152.63,586129,15262517955.1
3,2022-08-08,154.87,156.47,153.95,155.42,155.42,543217,15541943702.93
3,2022-08-09,157.19,158.26,155.97,156.87,156.87,508164,15686864656.25
3,2022-08-10,152.53,152.88,150.67,151.72,151.72,591026,15171826234.74
3,2022-08-11,149.37,151.11,148.25,150.17,150.17,484803,15017241062.76
3,2022-08-12,152.13,152.19,149.96,151.07,151.07,440439,15106969385.56
3,2022-08-13,147.66,148.84,146.28,148.13,148.13,409782,14813026030.02
3,2022-08-14,145.51,147.06,145.13,146.94,146.94,593829,14693659838.24
3,2022-08-15,139.7,141.92,139.09,141.03,141.03,480174,14102737300.49
3,2022-08-16,136.9,138.37,135.57,137.46,137.46,477954,13745809550.82
3,2022-08-17,136.78,139.25,135.98,138.02,138.02,504349,13802024364.41
3,2022-08-18,136.91,138.22,136.08,138.1,138.1,484252,13809615290.63
3,2022-08-19,145.6,147.4,145.0,146.06,146.06,495309,14605989029.16
3,2022-08-20,146.78,148.17,145.76,147.39,147.39,464384,14739285374.19
3,2022-08-21,146.44,147.59,144.29,145.28,145.28,544309,14527583191.54
3,2022-08-22,145.79,146.39,145.39,146.39,146.39,459998,14638754022.73
3,2022-08-23,146.04,147.84,145.11,146.87,146.87,414974,14686502540.73
3,2022-08-24,146.88,147.35,145.24,146.21,146.21,541668,14620968300.94
3,2022-08-25,146.55,147.06,146.19,146.39,146.39,533624,14638806685.62
3,2022-08-26,145.94,147.7,144.87,147.11,147.11,441750,14710960169.98
3,2022-08-27,149.89,150.07,149.06,149.06,149.06,546692,14905583094.83
3,2022-08-28,145.65,146.39,144.86,146.37,146.37,518796,14636902774.89
3,2022-08-29,151.44,152.88,149.53,150.38,150.38,413362,15038083535.65
3,2022-08-30,147.98,148.54,146.94,147.83,147.83,551033,14783427705.64
3,2022-08-31,147.64,148.32,147.5,147.97,147.97,428060,14796742097.98
3,2022-09-01,145.21,147.6,144.56,146.15,146.15,496186,14615412786.32
3,2022-09-02,145.45,146.72,143.91,145.36,145.36,432050,14535601269.34
3,2022-09-03,148.6,149.57,148.0,149.11,149.11,594419,14911191143.46
3,2022-09-04,150.68,151.71,149.69,150.16,150.16,595291,15016471155.55
3,2022-09-05,150.1,152.1,149.05,151.23,151.23,595669,15122653486.93
3,2022-09-06,149.03,150.15,147.14,148.44,148.44,478247,14843511813.16
3,2022-09-07,154.07,154.36,153.67,153.71,153.71,431888,15370809201.44
3,2022-09-08,153.09,154.43,152.14,153.75,153.75,483801,15375324016.16
3,2022-09-09,151.54,154.16,151.38,152.69,152.69,518283,15268784470.21
3,2022-09-10,153.94,154.91,153.11,154.01,154.01,449714,15400537601.54
3,2022-09-11,154.79,155.15,153.67,154.66,154.66,470081,15465568361.01
3,2022-09-12,152.88,152.94,151.15,151.91,151.91,445261,15190569432.76
3,2022-09-13,148.06,149.55,146.73,148.63,148.63,589810,14863314853.7
3,2022-09-14,152.1,152.98,150.06,151.16,151.16,428088,15115917283.91
3,2022-09-15,155.33,155.73,154.24,155.44,155.44,480288,15543575196.83
3,2022-09-16,151.48,152.02,149.93,151.31,151.31,545195,15131008997.74
3,2022-09-17,148.77,149.36,147.13,148.25,148.25,517185,14824948266.12
3,2022-09-18,151.8,152.57,150.38,151.94,151.94,534463,15194089647.76
3,2022-09-19,150.66,152.12,149.84,150.41,150.41,441166,15040812773.93
3,2022-09-20,148.12,149.93,147.36,149.43,149.43,428481,14942774386.63
3,2022-09-21,152.34,153.02,150.31,150.84,150.84,455094,15084183274.36
3,2022-09-22,147.64,148.1,146.33,147.93,147.93,465493,14793142639.11
3,2022-09-23,143.12,143.75,141.74,142.67,142.67,527351,14266834429.9
3,2022-09-24,137.63,139.97,136.32,138.84,138.84,504124,13884355578.12
3,2022-09-25,139.02,140.67,138.18,140.0,140.0,504848,13999729404.25
3,2022-09-26,140.64,141.2,139.93,140.41,140.41,554331,14040626865.9
3,2022-09-27,138.72,140.69,138.43,139.66,139.66,519689,13966264801.75
3,2022-09-28,135.8,137.77,134.99,137.01,137.01,446436,13701034876.09
3,2022-09-29,137.21,138.74,136.46,137.63,137.63,487654,13763394870.7
3,2022-09-30,139.32,141.3,138.04,140.5,140.5,564448,14050220238.54
3,2022-10-01,135.14,136.32,134.55,136.11,136.11,508251,13611292346.8
3,2022-10-02,134.22,134.33,132.71,133.97,133.97,522007,13396826170.31
3,2022-10-03,136.25,136.36,134.72,135.36,135.36,430735,13536311041.89
3,2022-10-04,139.8,140.95,138.34,139.44,139.44,576045,13943513899.42
3,2022-10-05,138.97,141.25,137.61,140.02,140.02,550850,14002210998.41
3,2022-10-06,138.88,140.8,138.83,139.79,139.79,544001,13978730634.43
3,2022-10-07,141.28,142.6,140.1,141.05,141.05,575047,14104811904.29
3,2022-10-08,133.9,135.03,132.62,133.95,133.95,589897,13394706253.31
3,2022-10-09,132.02,133.03,131.52,132.18,132.18,408194,13217913806.74
3,2022-10-10,129.98,131.94,128.8,131.15,131.15,567595,13115322707.26
3,2022-10-11,127.66,127.86,126.61,127.8,127.8,451090,12780193332.73
3,2022-10-12,127.31,128.05,126.03,126.48,126.48,525379,12648003048.28
3,2022-10-13,127.99,128.79,126.16,127.16,127.16,485182,12715687279.88
3,2022-10-14,130.97,131.52,129.46,130.72,130.72,433691,13071607516.98
3,2022-10-15,135.93,137.55,135.15,136.7,136.7,541952,13669616494.71
3,2022-10-16,138.29,139.25,137.45,139.17,139.17,573101,13916773309.88
3,2022-10-17,138.84,140.53,138.73,139.6,139.6,497460,13960188827.3
3,2022-10-18,143.91,144.31,143.65,144.08,144.08,458221,14407927521.78
3,2022-10-19,141.46,143.31,140.73,142.75,142.75,504567,14274612241.33
3,2022-10-20,139.16,139.74,137.99,139.21,139.21,417714,13920563210.1
3,2022-10-21,138.08,139.4,137.28,139.3,139.3,546351,13929978814.49
3,2022-10-22,136.26,137.45,135.32,136.08,136.08,591946,13607735403.41
3,2022-10-23,136.99,137.06,135.3,136.6,136.6,573017,13659522846.18
3,2022-10-24,133.89,134.29,132.88,132.98,132.98,448258,13298440069.61
3,2022-10-25,131.78,133.47,131.45,132.78,132.78,569993,13278120170.87
3,2022-10-26,132.23,133.92,131.32,132.61,132.61,498906,13260625318.64
3,2022-10-27,134.09,135.24,133.19,135.24,135.24,540319,13523932418.94
3,2022-10-28,129.95,130.48,128.95,129.58,129.58,486495,12958457059.88
3,2022-10-29,128.26,128.91,128.14,128.69,128.69,411330,12868704048.94
3,2022-10-30,129.73,130.51,127.62,128.56,128.56,421038,12856045320.63
3,2022-10-31,125.56,126.34,125.33,126.22,126.22,553989,12622177371.1
3,2022-11-01,122.95,123.78,121.56,122.23,122.23,568464,12222660422.58
3,2022-11-02,123.19,124.61,122.76,124.26,124.26,546488,12425679062.14
3,2022-11-03,124.88,126.11,123.88,124.17,124.17,580946,12417456118.69
3,2022-11-04,123.64,124.82,123.13,124.32,124.32,528053,12432412375.61
3,2022-11-05,125.68,125.9,123.49,124.49,124.49,465765,12448872367.91
3,2022-11-06,127.36,128.3,126.3,127.57,127.57,533395,12756564000.28
3,2022-11-07,126.13,127.22,125.29,125.37,125.37,450249,12536698552.4
3,2022-11-08,123.2,124.09,122.71,123.41,123.41,471332,12340986379.12
3,2022-11-09,124.54,125.78,124.33,124.49,124.49,402585,12449437471.17
3,2022-11-10,121.23,122.32,120.07,122.13,122.13,542619,12212732630.62
3,2022-11-11,127.1,128.25,124.89,126.14,126.14,497109,12614327914.92
3,2022-11-12,125.14,125.74,124.19,124.71,124.71,517156,12471336426.41
3,2022-11-13,121.48,122.55,120.78,121.82,121.82,444277,12182280788.13
3,2022-11-14,121.74,122.43,121.35,121.61,121.61,486753,12160734908.03
3,2022-11-15,119.21,119.23,118.21,118.63,118.63,453150,11863027299.45
3,2022-11-16,118.88,120.28,118.2,119.45,119.45,599460,11945084168.82
3,2022-11-17,123.68,124.59,122.2,122.95,122.95,565252,12295314380.22
3,2022-11-18,119.68,120.76,118.96,120.26,120.26,497572,12025658402.0
3,2022-11-19,120.24,120.59,120.2,120.21,120.21,521328,12020649576.09
3,2022-11-20,116.36,116.39,115.14,115.82,115.82,513124,11581877175.77
3,2022-11-21,116.8,117.0,115.23,115.78,115.78,521325,11577874337.48
3,2022-11-22,116.47,116.94,115.75,116.35,116.35,574078,11635251212.92
3,2022-11-23,115.54,115.76,114.6,114.63,114.63,533511,11462639008.66
3,2022-11-24,116.09,116.77,114.25,115.19,115.19,408420,11518593809.5
3,2022-11-25,117.53,118.58,116.46,117.7,117.7,421559,11769542043.86
3,2022-11-26,114.21,114.97,113.93,114.74,114.74,567641,11474112158.83
3,2022-11-27,114.99,116.07,114.31,115.43,115.43,528535,11543405665.62
3,2022-11-28,118.9,120.01,118.69,119.9,119.9,419715,11990220309.4
3,2022-11-29,117.05,117.3,116.67,117.01,117.01,418982,11700561761.5
3,2022-11-30,118.78,120.72,117.97,119.94,119.94,593345,11994148514.55
3,2022-12-01,119.74,120.85,119.0,119.03,119.03,447722,11902698007.0
3,2022-12-02,124.95,125.8,123.39,124.55,124.55,516024,12454659144.08
3,2022-12-03,122.1,122.97,120.55,120.9,120.9,541861,12089876071.38
3,2022-12-04,121.15,122.02,120.99,121.75,121.75,520761,12174782053.1
3,2022-12-05,122.1,122.71,120.41,121.23,121.23,563056,12123045009.98
3,2022-12-06,123.8,124.19,122.66,123.16,123.16,543657,12316317867.72
3,2022-12-07,120.55,122.44,119.77,121.25,121.25,407972,12125193399.36
3,2022-12-08,121.54,122.46,120.02,120.85,120.85,529417,12085400143.04
3,2022-12-09,122.98,123.46,121.69,121.85,121.85,488049,12184698571.86
3,2022-12-10,124.98,125.24,124.17,124.8,124.8,492148,12479510488.17
3,2022-12-11,126.59,127.61,125.77,127.07,127.07,572682,12706549520.53
3,2022-12-12,124.75,125.32,124.5,124.98,124.98,407455,12498334143.51
3,2022-12-13,127.65,128.8,126.46,126.93,126.93,479738,12693065633.87
3,2022-12-14,128.93,129.16,126.81,128.04,128.04,561044,12803887795.68
3,2022-12-15,128.44,129.2,128.36,128.76,128.76,548877,12876055218.18
3,2022-12-16,125.61,126.65,124.59,126.25,126.25,486359,12624983010.73
3,2022-12-17,127.15,127.53,125.12,126.2,126.2,581616,12619931096.0
3,2022-12-18,126.37,128.15,125.17,127.27,127.27,443207,12726709051.54
3,2022-12-19,129.18,129.6,128.06,128.71,128.71,436147,12870723873.23
3,2022-12-20,128.18,129.56,127.14,129.16,129.16,526104,12915897443.09
3,2022-12-21,135.89,136.07,133.63,134.91,134.91,465792,13491308692.21
3,2022-12-22,138.87,139.99,136.87,138.17,138.17,458455,13817187250.91
3,2022-12-23,134.23,135.89,134.06,134.74,134.74,482428,13473728410.14
3,2022-12-24,138.04,138.39,136.35,137.55,137.55,405674,13755183139.0
3,2022-12-25,139.07,140.07,138.06,139.99,139.99,491324,13999286850.09
3,2022-12-26,143.04,143.61,141.84,143.37,143.37,578188,14337147738.01
3,2022-12-27,143.31,143.59,142.14,143.17,143.17,471717,14317443347.16
3,2022-12-28,150.22,151.58,148.97,150.33,150.33,536602,15033369896.94
3,2022-12-29,151.81,151.97,149.91,151.17,151.17,470475,15117489211.7
3,2022-12-30,154.48,156.27,153.36,154.9,154.9,593117,15490345366.72
3,2022-12-31,157.0,158.87,155.6,158.23,158.23,455326,15822572474.93
3,2023-01-01,160.9,162.05,159.38,161.64,161.64,556741,16164394459.19
3,2023-01-02,165.72,167.68,165.06,166.39,166.39,464902,16638857178.97
3,2023-01-03,167.41,168.45,166.83,167.85,167.85,539820,16784968594.99
3,2023-01-04,168.1,168.84,166.55,168.03,168.03,526961,16803246434.88
3,2023-01-05,177.69,180.74,177.24,178.98,178.98,553722,17898177216.4
3,2023-01-06,185.7,188.54,184.58,187.3,187.3,432118,18729696550.65
3,2023-01-07,182.25,182.61,179.73,181.22,181.22,511695,18121719715.87
3,2023-01-08,175.32,176.05,174.0,174.8,174.8,572696,17479712321.98
3,2023-01-09,177.89,178.47,176.79,177.85,177.85,529657,17784913061.72
3,2023-01-10,176.69,177.45,173.35,174.96,174.96,548140,17495660561.38
3,2023-01-11,172.38,174.13,172.0,173.41,173.41,550663,17340702060.49
3,2023-01-12,171.18,174.49,169.72,172.91,172.91,556193,17290635211.36
3,2023-01-13,169.19,170.6,167.96,170.49,170.49,434411,17048676744.35
3,2023-01-14,173.79,174.54,172.11,172.32,172.32,499967,17231533999.25
3,2023-01-15,164.45,165.89,163.27,164.86,164.86,417773,16486420052.13
3,2023-01-16,164.21,165.56,162.57,165.5,165.5,470360,16550214803.15
3,2023-01-17,169.16,170.45,168.01,169.7,169.7,507646,16969876161.87
3,2023-01-18,168.26,169.71,166.77,168.23,168.23,561031,16822840800.1
3,2023-01-19,169.16,170.88,167.88,169.21,169.21,593180,16921206797.34
3,2023-01-20,168.34,170.1,166.66,169.19,169.19,463306,16918743415.1
3,2023-01-21,164.3,166.61,163.91,165.94,165.94,461167,16593779687.1
3,2023-01-22,171.4,171.97,168.9,170.31,170.31,582834,17031360289.86
3,2023-01-23,166.25,168.01,165.32,167.7,167.7,418086,16770098033.37
3,2023-01-24,164.51,165.89,163.89,165.2,165.2,481213,16520323147.65
3,2023-01-25,157.15,159.91,157.05,158.39,158.39,524359,15839491551.97
3,2023-01-26,157.53,158.64,157.02,158.17,158.17,527895,15816977396.0
3,2023-01-27,158.48,160.7,158.28,159.69,159.69,551312,15968621041.92
3,2023-01-28,156.62,159.41,156.32,157.98,157.98,440429,15797580525.01
3,2023-01-29,157.26,160.11,156.86,158.6,158.6,571195,15859526864.34
3,2023-01-30,163.95,164.22,161.39,162.78,162.78,497088,16277672183.29
3,2023-01-31,163.73,165.25,161.37,162.85,162.85,467400,16285120906.21
3,2023-02-01,162.87,164.31,161.52,161.84,161.84,487553,16183954135.43
3,2023-02-02,158.28,159.3,157.42,158.67,158.67,472292,15867279888.99
3,2023-02-03,154.44,156.57,154.18,155.5,155.5,431843,15549655399.33
3,2023-02-04,156.57,157.72,154.65,155.65,155.65,433708,15565116032.57
3,2023-02-05,148.54,150.39,148.41,149.57,149.57,403185,14956985637.52
3,2023-02-06,144.49,146.23,143.1,145.83,145.83,437957,14583211042.98
3,2023-02-07,141.92,142.42,140.59,140.65,140.65,462105,14064601009.9
3,2023-02-08,140.82,141.02,138.5,139.57,139.57,501223,13956956265.79
3,2023-02-09,135.24,137.64,134.72,136.31,136.31,528461,13630634098.3
3,2023-02-10,134.86,135.12,134.32,134.52,134.52,459240,13452041386.51
3,2023-02-11,138.92,140.18,136.49,137.71,137.71,511984,13771316956.57
3,2023-02-12,139.79,141.48,139.35,141.01,141.01,435581,14100972288.64
3,2023-02-13,142.79,143.3,142.2,142.41,142.41,523694,14240828014.11
3,2023-02-14,145.63,146.17,145.34,145.98,145.98,415187,14597604548.55
3,2023-02-15,146.36,147.57,145.41,147.13,147.13,418672,14712857785.34
3,2023-02-16,151.49,153.16,151.18,151.91,151.91,542333,15190666921.44
3,2023-02-17,154.37,155.71,154.09,154.47,154.47,582939,15446851348.68
3,2023-02-18,157.01,159.61,156.51,158.52,158.52,532638,15851887273.16
3,2023-02-19,153.68,156.0,153.31,155.06,155.06,570441,15505632338.27
3,2023-02-20,151.78,153.31,151.64,152.86,152.86,429153,15285765469.96
3,2023-02-21,153.56,153.57,151.57,152.31,152.31,468032,15230617377.94
3,2023-02-22,152.51,152.75,149.76,151.22,151.22,470759,15121914060.67
3,2023-02-23,148.18,150.17,147.37,149.06,149.06,426606,14906135954.1
3,2023-02-24,149.63,149.92,149.27,149.52,149.52,477048,14952311357.11
3,2023-02-25,153.82,154.32,151.98,152.55,152.55,569001,15254682444.47
3,2023-02-26,151.7,152.81,149.44,150.34,150.34,547256,15033681328.62
3,2023-02-27,155.14,155.21,153.57,153.97,153.97,575292,15396564128.4
3,2023-02-28,150.02,151.39,148.66,149.29,149.29,559697,14929216648.44
3,2023-03-01,148.28,150.18,147.62,148.75,148.75,522684,14875089086.07
3,2023-03-02,143.43,144.24,141.18,142.26,142.26,594149,14226199673.13
3,2023-03-03,142.73,143.21,141.23,141.84,141.84,464767,14184339372.09
3,2023-03-04,141.6,142.92,139.89,140.77,140.77,444964,14077090799.96
3,2023-03-05,144.33,145.48,142.42,143.63,143.63,565226,14363315170.23
3,2023-03-06,141.8,143.04,141.16,142.08,142.08,449180,14207869988.14
3,2023-03-07,142.46,142.96,140.85,141.75,141.75,431002,14175174754.31
3,2023-03-08,143.59,143.88,143.04,143.46,143.46,598535,14345533195.55
3,2023-03-09,142.09,142.77,141.08,141.38,141.38,405271,14138449646.66
3,2023-03-10,141.11,142.45,140.37,141.18,141.18,444893,14117967181.69
3,2023-03-11,143.36,143.72,142.13,142.77,142.77,539015,14277025741.98
3,2023-03-12,140.65,142.12,139.26,142.06,142.06,443795,14206308915.04
3,2023-03-13,140.42,142.09,139.24,141.15,141.15,575027,14114994470.49
3,2023-03-14,138.49,139.32,136.85,137.86,137.86,488071,13786293196.22
3,2023-03-15,139.13,140.48,137.59,138.38,138.38,562305,13837924073.68
3,2023-03-16,140.65,143.15,140.48,141.88,141.88,429075,14187886529.82
3,2023-03-17,137.66,139.27,136.84,138.14,138.14,459358,13813957006.08
3,2023-03-18,137.5,137.96,135.34,136.53,136.53,592918,13653169650.57
3,2023-03-19,128.97,131.06,127.87,130.05,130.05,571506,13004560980.56
3,2023-03-20,128.49,130.27,127.8,129.36,129.36,496654,12935638549.48
3,2023-03-21,126.43,126.68,125.82,126.09,126.09,487789,12608617655.1
3,2023-03-22,126.04,127.12,125.05,125.89,125.89,511264,12588962281.11
3,2023-03-23,125.16,126.52,124.26,125.32,125.32,599674,12532437356.54
3,2023-03-24,124.88,125.55,123.97,125.49,125.49,438447,12548556159.26
3,2023-03-25,126.49,127.84,125.81,127.45,127.45,437211,12745277283.14
3,2023-03-26,131.74,133.13,130.92,132.63,132.63,503714,13262805668.02
3,2023-03-27,137.37,138.36,134.84,136.09,136.09,479923,13609135843.15
3,2023-03-28,136.66,138.43,135.81,137.51,137.51,515091,13751008631.76
3,2023-03-29,141.82,142.51,140.78,141.53,141.53,580468,14153172197.65
3,2023-03-30,141.4,143.41,141.14,142.26,142.26,477420,14226169168.43
3,2023-03-31,135.25,136.98,134.35,136.38,136.38,452298,13638031251.64
3,2023-04-01,131.97,132.42,130.58,131.81,131.81,559359,13181380039.79
3,2023-04-02,131.72,132.37,130.18,130.61,130.61,472793,13061096324.49
3,2023-04-03,126.28,126.29,124.53,125.22,125.22,560345,12522244646.93
3,2023-04-04,125.06,125.66,124.35,124.46,124.46,486262,12445784370.95
3,2023-04-05,124.82,125.12,123.94,124.54,124.54,472902,12454002788.36
3,2023-04-06,125.58,125.85,125.44,125.75,125.75,585101,12575461782.09
3,2023-04-07,123.8,125.19,122.85,124.56,124.56,446941,12456429039.73
3,2023-04-08,125.07,126.91,124.92,126.18,126.18,508073,12617945781.8
3,2023-04-09,126.88,127.22,125.49,126.02,126.02,415408,12601777816.88
3,2023-04-10,123.45,125.16,122.73,124.6,124.6,538639,12459598483.06
3,2023-04-11,119.58,120.15,119.14,120.02,120.02,464332,12001872024.82
3,2023-04-12,120.96,122.87,119.78,121.94,121.94,565489,12193563443.97
3,2023-04-13,125.33,126.66,124.76,125.87,125.87,540486,12587059030.75
3,2023-04-14,127.88,128.9,127.52,127.93,127.93,559111,12792763913.64
3,2023-04-15,128.14,129.92,126.96,129.29,129.29,515791,12928865237.45
3,2023-04-16,129.04,129.74,128.43,128.75,128.75,419324,12875465594.52
3,2023-04-17,131.35,132.03,131.06,131.19,131.19,583495,13119438896.2
3,2023-04-18,128.88,131.4,128.39,130.14,130.14,597100,13014457070.33
3,2023-04-19,128.73,129.93,127.52,128.26,128.26,541670,12826253162.84
3,2023-04-20,127.8,129.52,126.82,128.77,128.77,507071,12876596504.74
3,2023-04-21,131.67,132.85,130.46,131.28,131.28,420961,13128201901.22
3,2023-04-22,129.74,131.1,129.47,130.7,130.7,565258,13069909541.88
3,2023-04-23,131.7,132.09,130.99,131.23,131.23,445564,13123320591.75
3,2023-04-24,132.73,133.36,131.75,132.05,132.05,469668,13205274225.8
3,2023-04-25,130.46,131.53,130.27,130.91,130.91,540428,13091459627.45
3,2023-04-26,132.52,132.8,131.08,131.25,131.25,595298,13125010539.85
3,2023-04-27,132.75,133.7,132.73,132.95,132.95,564215,13295284195.59
3,2023-04-28,129.92,131.72,128.84,131.14,131.14,444792,13113617518.86
3,2023-04-29,133.13,134.54,132.95,133.43,133.43,453826,13342996948.94
3,2023-04-30,134.85,135.85,132.42,133.68,133.68,567322,13368295667.19
3,2023-05-01,131.93,132.29,130.35,130.79,130.79,492047,13078572502.49
3,2023-05-02,135.08,136.11,133.29,134.54,134.54,487574,13454059440.47
3,2023-05-03,136.83,136.92,135.66,136.18,136.18,518212,13618331056.96
3,2023-05-04,134.03,135.03,132.71,134.62,134.62,412931,13461748914.63
3,2023-05-05,139.61,140.14,137.19,138.3,138.3,599157,13829543520.17
3,2023-05-06,140.6,142.01,140.35,140.79,140.79,404423,14078804775.42
3,2023-05-07,143.75,144.93,143.11,144.06,144.06,489693,14405723110.17
3,2023-05-08,142.55,142.87,141.78,141.86,141.86,530055,14186072859.82
3,2023-05-09,140.28,141.72,139.71,141.21,141.21,579168,14121469839.28
3,2023-05-10,134.72,136.71,133.51,135.92,135.92,495325,13591911847.67
3,2023-05-11,137.25,137.82,135.84,136.8,136.8,541261,13679627700.24
3,2023-05-12,133.6,134.52,133.59,133.84,133.84,412755,13384005640.99
3,2023-05-13,135.48,137.25,134.14,136.75,136.75,470882,13674536309.53
3,2023-05-14,140.04,140.97,138.77,140.26,140.26,590946,14026489452.54
3,2023-05-15,142.89,144.12,141.39,142.04,142.04,455218,14204313442.0
3,2023-05-16,146.67,147.31,145.25,146.74,146.74,450402,14674010239.39
3,2023-05-17,146.33,147.03,145.17,145.27,145.27,579305,14527333917.61
3,2023-05-18,146.17,146.78,144.74,146.02,146.02,405515,14602449009.69
3,2023-05-19,147.78,147.86,146.17,147.61,147.61,519547,14760604245.89
3,2023-05-20,146.28,146.7,145.55,146.24,146.24,486166,14624095017.23
3,2023-05-21,144.13,145.21,143.7,145.02,145.02,552873,14501903717.84
3,2023-05-22,148.19,148.89,147.03,147.36,147.36,426671,14736491868.56
3,2023-05-23,147.27,147.77,144.54,145.98,145.98,479249,14598212306.21
3,2023-05-24,143.16,143.46,141.89,143.2,143.2,532360,14320482391.58
3,2023-05-25,149.88,149.95,148.3,148.44,148.44,461965,14844155996.61
3,2023-05-26,148.12,148.53,147.2,147.47,147.47,539441,14746814297.23
3,2023-05-27,146.01,146.99,145.38,146.1,146.1,460932,14610035066.57
3,2023-05-28,145.8,148.35,145.79,147.19,147.19,446512,14719457157.24
3,2023-05-29,148.2,149.2,147.5,148.4,148.4,559683,14840391878.32
3,2023-05-30,148.9,150.55,147.57,149.23,149.23,501590,14923067942.47
3,2023-05-31,153.85,155.32,151.77,152.55,152.55,481428,15255046567.89
3,2023-06-01,147.68,148.23,146.26,147.82,147.82,553260,14781942409.24
3,2023-06-02,147.94,149.0,147.34,148.58,148.58,596035,14858411532.93
3,2023-06-03,146.84,146.92,144.55,145.39,145.39,517374,14538893753.09
3,2023-06-04,146.16,147.33,146.03,146.87,146.87,572546,14686918277.72
3,2023-06-05,137.98,139.87,136.67,138.53,138.53,594177,13852810982.98
3,2023-06-06,141.93,141.94,139.64,140.78,140.78,410594,14078014407.81
3,2023-06-07,136.8,136.93,135.37,135.59,135.59,550893,13558722414.92
3,2023-06-08,134.43,136.1,133.82,135.75,135.75,517489,13575126157.64
3,2023-06-09,137.84,138.84,135.94,137.31,137.31,554924,13730788443.16
3,2023-06-10,138.33,138.89,138.01,138.24,138.24,414202,13824009128.79
3,2023-06-11,134.57,135.7,132.63,133.29,133.29,412725,13329424017.3
3,2023-06-12,129.79,130.69,129.0,129.67,129.67,482742,12967289455.43
3,2023-06-13,132.35,133.15,130.57,131.06,131.06,432241,13106014072.91
3,2023-06-14,129.2,129.95,128.64,129.5,129.5,438923,12949827700.65
3,2023-06-15,131.58,132.21,129.8,130.84,130.84,595956,13084372073.92
3,2023-06-16,126.84,127.14,125.78,126.06,126.06,554746,12606295869.87
3,2023-06-17,128.36,128.7,128.34,128.35,128.35,597918,12834991120.6
3,2023-06-18,128.67,130.06,127.93,128.81,128.81,567147,12881016055.03
3,2023-06-19,135.48,135.67,133.74,134.51,134.51,405897,13450672070.93
3,2023-06-20,135.77,136.27,135.05,135.18,135.18,585765,13517615534.74
3,2023-06-21,137.9,138.56,136.7,138.02,138.02,545733,13801605339.63
3,2023-06-22,141.46,142.08,139.7,140.15,140.15,466358,14015396315.76
3,2023-06-23,139.45,140.41,139.0,139.38,139.38,418832,13937818677.46
3,2023-06-24,138.64,139.49,137.96,139.05,139.05,480711,13905166106.73
3,2023-06-25,137.14,137.9,136.72,137.64,137.64,540185,13763686241.36
3,2023-06-26,137.34,138.28,135.99,137.49,137.49,537070,13749062758.23
3,2023-06-27,137.82,139.48,136.82,138.53,138.53,560982,13853272577.98
3,2023-06-28,136.9,136.99,135.6,136.42,136.42,476258,13641568878.11
3,2023-06-29,137.67,137.96,135.86,137.01,137.01,494881,13701110494.23
3,2023-06-30,132.01,134.25,131.91,132.99,132.99,569453,13298556340.46
3,2023-07-01,131.67,132.93,130.85,132.47,132.47,436597,13247099382.5
3,2023-07-02,129.17,130.03,128.89,129.72,129.72,462239,12971536037.96
3,2023-07-03,129.85,131.0,129.57,130.08,130.08,435482,13008185228.6
3,2023-07-04,127.93,129.14,125.71,126.72,126.72,486072,12671957518.37
3,2023-07-05,122.07,122.79,121.69,122.71,122.71,450402,12270795749.47
3,2023-07-06,123.54,124.59,121.82,122.85,122.85,418146,12285363343.07
3,2023-07-07,118.27,119.42,117.9,118.6,118.6,452101,11860115950.01
3,2023-07-08,117.84,119.49,117.44,119.0,119.0,440121,11900320240.54
3,2023-07-09,118.7,119.6,117.88,118.24,118.24,470240,11823788664.67
3,2023-07-10,116.74,117.71,115.93,116.87,116.87,529445,11686506216.95
3,2023-07-11,120.16,120.43,118.22,119.0,119.0,416313,11900493876.95
3,2023-07-12,120.01,121.75,119.32,120.84,120.84,490345,12083698004.96
3,2023-07-13,120.81,121.93,120.4,121.36,121.36,418805,12135518698.79
3,2023-07-14,123.85,124.63,123.03,123.68,123.68,451553,12367593957.18
3,2023-07-15,123.07,124.48,122.46,124.19,124.19,575860,12418770500.94
3,2023-07-16,121.9,122.29,121.57,121.89,121.89,412180,12188924165.63
3,2023-07-17,120.47,120.72,119.35,120.56,120.56,511425,12055879399.47
3,2023-07-18,120.61,122.51,119.63,121.57,121.57,536542,12156958994.4
3,2023-07-19,124.01,124.15,122.55,123.35,123.35,419098,12334662794.15
3,2023-07-20,124.43,125.0,123.41,124.07,124.07,400345,12406598736.41
3,2023-07-21,125.89,127.88,125.78,127.07,127.07,597025,12706957690.67
3,2023-07-22,122.79,122.96,121.83,122.68,122.68,402515,12268003031.25
3,2023-07-23,122.09,122.29,121.25,121.38,121.38,465371,12137706583.3
3,2023-07-24,114.75,116.41,113.74,115.66,115.66,461252,11565617786.52
3,2023-07-25,121.2,121.96,120.32,120.41,120.41,560007,12041443413.85
3,2023-07-26,118.42,119.45,117.29,118.99,118.99,513615,11898758983.33
3,2023-07-27,118.32,119.31,117.22,118.06,118.06,474967,11806100493.17
3,2023-07-28,118.33,119.62,117.92,118.86,118.86,413877,11886226185.58
3,2023-07-29,118.8,119.11,117.3,117.63,117.63,434478,11763150138.11
3,2023-07-30,121.02,122.19,119.04,120.21,120.21,527296,12020776314.77
3,2023-07-31,121.45,123.52,120.65,122.51,122.51,499640,12251043544.48
3,2023-08-01,120.75,121.94,119.29,120.39,120.39,507042,12039276224.44
3,2023-08-02,121.12,121.32,120.68,121.27,121.27,595154,12126824666.07
3,2023-08-03,122.52,122.68,121.99,122.62,122.62,419393,12261652768.77
3,2023-08-04,124.72,125.96,123.92,124.8,124.8,536636,12480196906.5
3,2023-08-05,124.4,126.71,123.95,125.49,125.49,430934,12549353873.17
3,2023-08-06,120.58,121.07,119.76,120.64,120.64,474833,12063803881.46
3,2023-08-07,123.13,124.09,122.97,123.7,123.7,435385,12370321881.36
3,2023-08-08,126.47,126.52,125.33,126.08,126.08,488139,12608047216.93
3,2023-08-09,120.6,122.44,119.6,121.63,121.63,569194,12162691043.28
3,2023-08-10,115.64,116.73,114.67,116.24,116.24,554396,11623769982.62
3,2023-08-11,115.6,115.82,115.36,115.48,115.48,501465,11548076293.11
3,2023-08-12,117.63,118.59,115.78,116.67,116.67,562872,11667054514.07
3,2023-08-13,112.29,112.39,111.34,112.19,112.19,489021,11218630643.22
3,2023-08-14,110.69,110.9,110.3,110.51,110.51,524416,11051168961.21
3,2023-08-15,111.99,113.14,111.35,113.09,113.09,587058,11308588706.51
3,2023-08-16,114.52,114.89,113.39,113.79,113.79,577646,11379058615.48
3,2023-08-17,109.25,111.1,108.56,110.29,110.29,558729,11029377356.57
3,2023-08-18,111.97,112.8,111.03,111.79,111.79,424056,11178726560.08
3,2023-08-19,109.7,110.67,108.95,110.52,110.52,586849,11052403298.38
3,2023-08-20,108.78,109.82,107.32,108.0,108.0,587006,10800095539.63
3,2023-08-21,108.99,109.84,107.97,108.73,108.73,421554,10873144250.04
3,2023-08-22,112.3,112.36,110.72,111.56,111.56,536606,11155588711.47
3,2023-08-23,110.87,111.22,109.5,110.56,110.56,518021,11056042990.95
3,2023-08-24,111.22,112.92,111.03,112.27,112.27,433477,11226652035.27
3,2023-08-25,109.82,110.95,108.81,110.4,110.4,419944,11040255042.73
3,2023-08-26,111.01,111.82,110.17,111.66,111.66,438631,11165758229.47
3,2023-08-27,112.86,114.39,112.59,113.66,113.66,431050,11365881381.92
3,2023-08-28,112.92,114.47,112.24,113.7,113.7,522638,11369592498.75
3,2023-08-29,111.78,112.35,110.68,111.9,111.9,467479,11189913882.33
3,2023-08-30,113.87,114.68,113.46,114.34,114.34,490933,11434267616.55
3,2023-08-31,111.68,111.97,109.76,110.76,110.76,531697,11075554427.97
3,2023-09-01,110.82,112.44,109.8,111.7,111.7,566354,11170360932.9
3,2023-09-02,113.61,113.95,112.99,113.21,113.21,556812,11320661082.9
3,2023-09-03,112.64,113.19,112.48,113.08,113.08,588802,11308314252.29
3,2023-09-04,113.38,113.54,112.57,112.71,112.71,533741,11271467721.55
3,2023-09-05,111.01,111.23,110.58,110.69,110.69,413092,11069074785.61
3,2023-09-06,109.99,110.58,108.9,109.64,109.64,449244,10964426563.12
3,2023-09-07,112.44,113.15,111.73,112.03,112.03,428276,11203304797.79
3,2023-09-08,112.82,113.46,111.02,111.95,111.95,592077,11194766355.5
3,2023-09-09,111.84,112.02,109.98,110.75,110.75,498153,11074762534.27
3,2023-09-10,111.54,113.3,110.52,112.43,112.43,558810,11242536086.22
3,2023-09-11,110.77,111.73,110.29,111.03,111.03,408318,11102546828.05
3,2023-09-12,107.58,108.58,106.01,107.02,107.02,411724,10701503724.86
3,2023-09-13,105.08,106.69,104.3,105.77,105.77,596469,10576795317.2
3,2023-09-14,105.1,106.55,104.43,105.59,105.59,496084,10558714133.18
3,2023-09-15,105.96,106.24,104.74,105.5,105.5,568720,10549762306.88
3,2023-09-16,105.63,105.78,104.49,105.36,105.36,531932,10536176655.43
3,2023-09-17,104.21,105.44,103.78,104.76,104.76,550922,10476022262.13
3,2023-09-18,101.92,103.85,101.64,102.91,102.91,518226,10291365051.09
3,2023-09-19,104.06,105.09,103.18,103.4,103.4,569554,10339590868.78
3,2023-09-20,106.17,107.13,104.66,105.19,105.19,418190,10518976286.08
3,2023-09-21,103.24,103.38,101.63,102.64,102.64,530960,10263536916.63
3,2023-09-22,100.98,102.27,100.59,101.44,101.44,582373,10144190167.64
3,2023-09-23,100.04,101.21,99.05,100.87,100.87,512599,10086534288.81
3,2023-09-24,97.86,99.49,97.06,98.52,98.52,540441,9852130874.95
3,2023-09-25,101.69,102.21,101.63,102.14,102.14,504334,10213811251.11
3,2023-09-26,103.48,103.99,101.73,102.6,102.6,551384,10259665152.43
3,2023-09-27,100.5,101.32,99.76,100.61,100.61,528639,10060723258.19
3,2023-09-28,99.99,100.06,99.35,99.71,99.71,456512,9971251883.58
3,2023-09-29,97.66,98.63,97.13,97.59,97.59,427095,9758895638.31
3,2023-09-30,97.65,98.23,96.22,97.08,97.08,552704,9707652798.36
3,2023-10-01,99.44,100.21,98.81,99.61,99.61,458591,9961269856.13
3,2023-10-02,96.67,97.48,95.82,97.47,97.47,525267,9746675894.42
3,2023-10-03,96.49,97.21,95.78,97.0,97.0,480847,9700149926.99
3,2023-10-04,96.51,98.09,95.68,97.16,97.16,475413,9716220847.09
3,2023-10-05,93.94,94.32,92.56,93.27,93.27,498093,9326614512.26
3,2023-10-06,93.32,93.88,93.31,93.4,93.4,498247,9339832925.25
3,2023-10-07,92.7,93.51,92.29,92.85,92.85,464302,9284793343.25
3,2023-10-08,91.8,92.34,91.04,91.23,91.23,496820,9122805368.19
3,2023-10-09,92.18,93.25,91.41,92.66,92.66,477761,9266361135.98
3,2023-10-10,90.49,91.09,89.43,89.83,89.83,499522,8982822096.59
3,2023-10-11,88.86,89.07,88.31,88.89,88.89,557271,8888627323.2
3,2023-10-12,85.44,86.22,84.64,85.33,85.33,457438,8532666456.17
3,2023-10-13,80.44,81.1,79.97,80.52,80.52,536810,8051880407.85
3,2023-10-14,78.24,78.49,77.53,78.3,78.3,411023,7830013182.74
3,2023-10-15,78.01,79.01,77.59,78.27,78.27,566251,7826951549.87
3,2023-10-16,78.81,79.69,78.73,79.39,79.39,437615,7939415472.14
3,2023-10-17,83.04,83.41,82.2,82.84,82.84,417837,8283974778.44
3,2023-10-18,81.77,82.69,81.19,81.93,81.93,578418,8192755563.54
3,2023-10-19,81.05,81.6,80.98,81.18,81.18,549570,8117985900.27
3,2023-10-20,81.62,83.06,81.48,82.26,82.26,514254,8226329538.87
3,2023-10-21,79.84,80.04,79.03,79.6,79.6,434671,7960399433.6
3,2023-10-22,80.92,81.64,80.67,80.73,80.73,462730,8073081917.61
3,2023-10-23,82.26,82.75,81.45,82.54,82.54,409591,8254053460.81
3,2023-10-24,85.31,85.49,84.79,84.99,84.99,405592,8499369656.46
3,2023-10-25,83.46,84.17,83.27,83.83,83.83,593353,8383014098.38
3,2023-10-26,83.45,83.72,82.88,83.72,83.72,476980,8371660978.38
3,2023-10-27,84.7,84.82,84.01,84.15,84.15,470353,8414874107.28
3,2023-10-28,84.26,85.56,84.0,85.03,85.03,507552,8503256787.03
3,2023-10-29,86.99,87.89,86.29,87.22,87.22,564749,8722227581.56
3,2023-10-30,88.09,88.94,87.66,88.26,88.26,536833,8825562171.1
3,2023-10-31,88.76,89.55,87.98,88.06,88.06,486760,8805500000.9
3,2023-11-01,87.54,88.28,86.76,87.01,87.01,501674,8701004997.72
3,2023-11-02,88.86,88.91,87.94,88.07,88.07,569844,8806727482.53
3,2023-11-03,92.57,92.58,91.41,92.3,92.3,501749,9230044326.14
3,2023-11-04,93.65,94.65,93.64,94.51,94.51,536226,9451428166.01
3,2023-11-05,96.23,97.02,95.9,95.91,95.91,408944,9590898523.94
3,2023-11-06,96.23,96.67,95.67,96.15,96.15,442898,9615220881.13
3,2023-11-07,96.59,97.33,96.12,96.59,96.59,491446,9658604919.15
3,2023-11-08,95.0,96.29,94.84,95.67,95.67,437141,9567142551.22
3,2023-11-09,95.6,97.18,95.1,96.26,96.26,444313,9625683392.17
3,2023-11-10,97.29,98.74,97.04,98.13,98.13,464062,9812968317.78
3,2023-11-11,100.13,100.63,98.73,99.18,99.18,542806,9917745537.37
3,2023-11-12,100.7,100.83,99.64,100.19,100.19,499055,10019066221.73
3,2023-11-13,98.32,99.32,97.48,98.48,98.48,514229,9848088660.15
3,2023-11-14,97.91,98.79,97.65,98.7,98.7,522603,9870308566.4
3,2023-11-15,97.92,98.27,96.91,97.68,97.68,409046,9767705391.99
3,2023-11-16,97.76,98.91,97.53,98.28,98.28,476297,9828259589.17
3,2023-11-17,98.89,100.5,98.3,99.63,99.63,580064,9963288987.75
3,2023-11-18,99.68,100.86,99.52,100.43,100.43,423266,10042836299.91
3,2023-11-19,101.72,103.05,100.88,102.53,102.53,458088,10252613695.96
3,2023-11-20,105.1,105.63,103.2,104.19,104.19,580879,10419055021.85
3,2023-11-21,100.08,100.57,98.92,99.39,99.39,531918,9938670820.63
3,2023-11-22,100.95,101.83,100.11,100.97,100.97,583048,10097218426.24
3,2023-11-23,97.57,98.15,97.34,97.59,97.59,466150,9758825977.55
3,2023-11-24,96.27,96.74,95.39,95.71,95.71,435411,9570773489.6
3,2023-11-25,96.08,96.37,95.07,95.23,95.23,477983,9522803899.96
3,2023-11-26,94.42,94.79,94.39,94.5,94.5,445674,9449501500.12
3,2023-11-27,95.54,95.88,95.02,95.44,95.44,583516,9544220428.91
3,2023-11-28,92.6,92.95,91.51,91.75,91.75,480391,9174979020.43
3,2023-11-29,91.77,91.96,90.65,91.3,91.3,431185,9129517596.18
3,2023-11-30,87.56,88.78,86.88,88.41,88.41,519750,8840861610.1
3,2023-12-01,89.24,90.44,89.2,89.77,89.77,524352,8977274045.59
3,2023-12-02,86.97,87.14,85.61,86.36,86.36,451637,8636306391.94
3,2023-12-03,88.35,89.47,88.24,88.67,88.67,584435,8866967282.91
3,2023-12-04,86.59,87.58,86.51,87.15,87.15,536079,8714555527.39
3,2023-12-05,87.8,88.27,86.83,87.06,87.06,542034,8706250865.85
3,2023-12-06,87.86,88.44,86.64,87.51,87.51,580417,8750868703.54
3,2023-12-07,88.26,89.16,88.25,89.06,89.06,461947,8905544245.87
3,2023-12-08,87.84,88.54,86.28,86.97,86.97,588054,8696916478.3
3,2023-12-09,83.09,83.91,82.77,83.67,83.67,530667,8367074285.83
3,2023-12-10,84.28,84.73,83.79,83.85,83.85,582747,8385143693.37
3,2023-12-11,85.26,85.94,84.63,85.03,85.03,481840,8502634607.23
3,2023-12-12,84.58,84.9,83.83,84.81,84.81,402045,8481097674.22
3,2023-12-13,83.9,84.31,83.36,83.88,83.88,564710,8388341249.08
3,2023-12-14,85.47,85.96,84.26,84.71,84.71,475426,8471278616.64
3,2023-12-15,85.59,86.93,85.45,86.21,86.21,568526,8621346748.84
3,2023-12-16,87.53,88.09,87.2,87.88,87.88,437899,8787534086.95
3,2023-12-17,87.61,88.63,87.56,87.77,87.77,555845,8776835888.0
3,2023-12-18,84.23,84.88,83.7,84.84,84.84,450685,8483747921.74
3,2023-12-19,90.19,90.35,89.91,90.08,90.08,402085,9008359201.54
3,2023-12-20,92.23,93.11,92.03,92.56,92.56,538504,9256109960.99
3,2023-12-21,90.66,91.46,90.02,91.33,91.33,408359,9132748186.35
3,2023-12-22,93.39,94.12,92.25,93.12,93.12,553425,9312266238.12
3,2023-12-23,91.09,92.33,90.9,91.56,91.56,425777,9156306867.92
3,2023-12-24,91.67,93.11,91.3,92.46,92.46,537899,9246105628.1
3,2023-12-25,92.15,93.79,91.91,92.91,92.91,414104,9290948477.73
3,2023-12-26,93.81,94.5,93.76,94.12,94.12,422876,9411910634.38
3,2023-12-27,91.96,92.47,91.25,92.14,92.14,431784,9214407335.58
3,2023-12-28,92.71,92.85,91.82,92.15,92.15,558238,9215357376.24
3,2023-12-29,90.83,91.47,90.12,90.29,90.29,413300,9028764165.52
3,2023-12-30,89.4,89.74,88.84,89.64,89.64,507387,8964069775.5
3,2023-12-31,88.88,89.69,88.25,88.74,88.74,433473,8873845940.12
3,2024-01-01,90.52,91.46,89.76,91.12,91.12,548018,9111714010.99
3,2024-01-02,94.29,95.13,92.75,93.61,93.61,591063,9360666828.88
3,2024-01-03,95.28,96.58,94.57,96.05,96.05,543004,9605494187.92
3,2024-01-04,96.56,97.99,95.86,97.21,97.21,539003,9721219587.35
3,2024-01-05,99.16,100.45,98.99,99.99,99.99,456961,9999088456.57
3,2024-01-06,102.46,103.14,101.36,102.21,102.21,457287,10221377615.75
3,2024-01-07,97.21,97.88,96.38,97.76,97.76,571101,9776491367.74
3,2024-01-08,98.74,98.84,97.5,97.8,97.8,452299,9780039789.65
3,2024-01-09,100.51,100.86,99.31,100.24,100.24,552197,10023560896.47
3,2024-01-10,100.61,101.27,100.17,100.43,100.43,478981,10043173511.04
3,2024-01-11,98.73,99.83,98.54,99.0,99.0,577119,9899923328.14
3,2024-01-12,100.03,100.74,99.3,99.5,99.5,440425,9950453693.9
3,2024-01-13,102.17,103.05,101.59,102.03,102.03,417300,10202823632.91
3,2024-01-14,101.23,102.35,100.26,101.95,101.95,569290,10195370892.95
3,2024-01-15,102.64,103.9,101.73,103.01,103.01,440157,10301013362.23
3,2024-01-16,102.15,102.46,100.89,101.69,101.69,503645,10169018707.05
3,2024-01-17,101.13,101.73,100.34,101.24,101.24,407139,10124130371.49
3,2024-01-18,98.98,99.59,98.46,99.23,99.23,495763,9922974281.78
3,2024-01-19,95.71,96.05,94.62,95.12,95.12,422281,9511984954.16
3,2024-01-20,92.46,93.74,91.78,92.87,92.87,407606,9286937776.64
3,2024-01-21,94.69,95.3,94.52,94.54,94.54,477612,9454488951.71
3,2024-01-22,95.02,95.37,94.86,94.94,94.94,416721,9493743407.2
3,2024-01-23,98.9,100.45,98.49,99.51,99.51,538723,9950793031.81
3,2024-01-24,97.32,98.93,96.79,98.23,98.23,413480,9822950705.12
3,2024-01-25,98.18,98.42,97.43,98.16,98.16,487189,9816277968.65
3,2024-01-26,97.28,97.64,97.04,97.36,97.36,474180,9736027995.42
3,2024-01-27,96.79,97.42,95.71,96.51,96.51,547669,9650659754.77
3,2024-01-28,94.69,96.05,94.12,95.12,95.12,488404,9511838233.28
3,2024-01-29,95.28,95.28,94.39,94.88,94.88,553825,9487767644.43
3,2024-01-30,95.85,96.77,94.54,95.05,95.05,532575,9505150955.93
3,2024-01-31,94.03,95.0,93.39,94.11,94.11,500723,9410714703.77
3,2024-02-01,93.54,94.47,93.11,94.03,94.03,594901,9402638851.92
3,2024-02-02,92.82,93.16,92.52,92.67,92.67,553709,9267218887.75
3,2024-02-03,95.4,95.72,94.2,95.09,95.09,544982,9508736647.14
3,2024-02-04,95.93,96.13,95.11,95.14,95.14,408751,9514348513.2
3,2024-02-05,97.47,98.33,95.98,96.56,96.56,402842,9656302712.28
3,2024-02-06,97.69,97.72,97.39,97.63,97.63,430542,9763185421.85
3,2024-02-07,102.04,102.8,101.64,101.93,101.93,571897,10192784109.97
3,2024-02-08,100.69,100.78,100.14,100.56,100.56,450160,10055851120.48
3,2024-02-09,103.26,103.54,101.74,102.25,102.25,435105,10225404599.04
3,2024-02-10,104.12,104.94,103.22,104.48,104.48,492407,10447516849.92
3,2024-02-11,105.4,106.96,105.34,106.03,106.03,580312,10602989199.29
3,2024-02-12,107.64,107.99,106.47,106.81,106.81,411285,10680638169.26
3,2024-02-13,107.37,108.74,106.45,108.35,108.35,476006,10835369111.54
3,2024-02-14,108.2,108.64,107.74,108.43,108.43,589364,10842836469.89
3,2024-02-15,110.65,111.21,108.99,110.07,110.07,501118,11007355212.68
3,2024-02-16,109.58,109.72,109.29,109.66,109.66,445047,10965554414.97
3,2024-02-17,108.06,108.88,106.82,107.1,107.1,525442,10710293087.39
3,2024-02-18,106.86,107.63,105.66,106.66,106.66,467177,10666451690.98
3,2024-02-19,107.37,107.97,106.19,106.78,106.78,544236,10678459439.49
3,2024-02-20,108.19,109.17,107.61,109.03,109.03,405061,10903168161.96
3,2024-02-21,112.19,112.73,111.08,111.15,111.15,488106,11114972016.81
3,2024-02-22,116.47,117.45,115.19,116.35,116.35,568684,11635080083.27
3,2024-02-23,113.06,113.28,111.46,112.15,112.15,520332,11214876774.4
3,2024-02-24,110.39,110.64,110.01,110.6,110.6,457561,11059937984.57
3,2024-02-25,113.61,113.91,111.69,112.6,112.6,432219,11259935689.18
3,2024-02-26,109.13,110.7,109.05,110.11,110.11,509424,11010696764.34
3,2024-02-27,112.74,113.83,111.6,112.41,112.41,463510,11240549241.47
3,2024-02-28,114.53,115.12,113.43,113.57,113.57,422273,11356705715.32
3,2024-02-29,111.37,111.9,110.47,111.16,111.16,413026,11116241404.45
3,2024-03-01,110.28,111.59,109.74,111.38,111.38,503609,11137602939.28
3,2024-03-02,110.94,111.9,110.27,111.11,111.11,403492,11111055301.99
3,2024-03-03,111.85,112.76,111.6,112.3,112.3,544096,11229801093.47
3,2024-03-04,111.13,112.63,110.91,111.75,111.75,544815,11175309497.6
3,2024-03-05,110.69,112.16,110.68,111.63,111.63,464331,11163098582.61
3,2024-03-06,112.79,113.56,111.94,112.0,112.0,407686,11199847047.13
3,2024-03-07,112.89,113.84,111.35,112.25,112.25,580303,11225119989.12
3,2024-03-08,109.48,110.27,107.67,108.73,108.73,536863,10873274627.19
3,2024-03-09,108.12,109.12,107.89,108.87,108.87,401180,10887459400.92
3,2024-03-10,106.72,108.73,106.7,107.66,107.66,400684,10765715682.85
3,2024-03-11,109.57,109.97,107.93,108.84,108.84,411683,10884442988.25
3,2024-03-12,111.8,111.81,110.77,110.85,110.85,477505,11085361601.91
3,2024-03-13,110.61,111.9,109.62,111.16,111.16,513390,11116063577.09
3,2024-03-14,115.53,117.19,114.4,116.25,116.25,571400,11625362799.05
3,2024-03-15,113.78,114.87,113.68,114.31,114.31,552435,11430701994.67
3,2024-03-16,113.84,115.16,113.46,114.66,114.66,407039,11465531910.47
3,2024-03-17,121.43,122.15,121.37,121.38,121.38,509116,12138139810.36
3,2024-03-18,123.02,123.41,122.09,123.35,123.35,403958,12334680663.13
3,2024-03-19,126.93,127.23,125.38,125.79,125.79,564799,12578567458.0
3,2024-03-20,125.73,127.05,124.85,126.6,126.6,495285,12660301675.98
3,2024-03-21,123.56,124.04,122.9,123.42,123.42,514298,12341620221.38
3,2024-03-22,122.11,124.23,122.01,123.14,123.14,477210,12314496577.25
3,2024-03-23,123.73,124.86,122.89,123.22,123.22,537121,12322057135.32
3,2024-03-24,126.78,127.97,124.89,125.82,125.82,477353,12582158730.55
3,2024-03-25,119.94,121.75,119.44,120.94,120.94,582048,12093958699.08
3,2024-03-26,118.7,120.38,118.16,119.44,119.44,447533,11943894469.72
3,2024-03-27,118.9,119.83,117.88,119.38,119.38,498112,11937613728.14
3,2024-03-28,116.49,117.69,115.41,117.39,117.39,450008,11739106897.52
3,2024-03-29,119.79,120.43,118.89,119.6,119.6,596026,11959959929.98
3,2024-03-30,122.47,122.61,122.25,122.41,122.41,527339,12240980708.42
3,2024-03-31,121.3,122.43,120.83,121.21,121.21,495825,12120782553.02
3,2024-04-01,121.5,122.16,121.38,122.12,122.12,579715,12211783787.27
3,2024-04-02,123.95,124.2,122.93,123.39,123.39,490844,12338612407.05
3,2024-04-03,126.84,128.35,126.22,127.83,127.83,575888,12782746939.62
3,2024-04-04,128.0,129.05,127.68,127.9,127.9,444767,12790020415.84
3,2024-04-05,129.62,130.52,128.94,129.47,129.47,457372,12947392143.68
3,2024-04-06,131.04,132.87,130.35,131.99,131.99,546195,13199330800.64
3,2024-04-07,129.39,130.14,128.23,128.34,128.34,592607,12834288661.79
3,2024-04-08,131.34,132.46,130.29,131.47,131.47,477690,13146823228.51
3,2024-04-09,133.44,134.61,132.24,134.06,134.06,451442,13406356497.41
3,2024-04-10,135.13,136.05,132.92,134.07,134.07,432063,13406811070.66
3,2024-04-11,130.83,132.07,130.5,131.52,131.52,548001,13151871808.1
3,2024-04-12,129.67,130.32,129.29,130.14,130.14,486347,13014152331.43
3,2024-04-13,125.56,126.89,124.43,125.95,125.95,459971,12594574779.45
3,2024-04-14,131.75,132.19,130.1,131.08,131.08,408510,13107826430.02
3,2024-04-15,133.3,134.07,133.12,133.98,133.98,482074,13398061701.3
3,2024-04-16,133.5,134.34,132.22,132.55,132.55,575961,13255263738.37
3,2024-04-17,136.44,136.75,134.84,136.01,136.01,570336,13601427184.18
3,2024-04-18,142.55,144.09,142.53,143.09,143.09,597497,14309492721.59
3,2024-04-19,139.05,139.15,137.83,138.93,138.93,425004,13892946378.79
3,2024-04-20,134.7,136.38,133.61,135.46,135.46,525299,13546242407.06
3,2024-04-21,140.34,140.84,138.76,139.89,139.89,441620,13988876075.23
3,2024-04-22,140.51,141.9,139.46,141.09,141.09,481158,14109411681.81
3,2024-04-23,136.8,138.03,135.53,136.91,136.91,576724,13691446092.59
3,2024-04-24,134.56,135.45,133.23,134.44,134.44,492116,13444120478.83
3,2024-04-25,134.48,135.58,132.77,133.92,133.92,490462,13392046460.52
3,2024-04-26,132.9,133.24,132.31,133.12,133.12,590474,13312318667.42
3,2024-04-27,131.86,131.96,130.06,131.14,131.14,492703,13114239166.96
3,2024-04-28,128.43,129.38,128.31,128.61,128.61,467560,12861464610.51
3,2024-04-29,128.14,129.16,126.38,126.96,126.96,533074,12696403314.32
3,2024-04-30,125.64,127.52,125.21,126.34,126.34,426622,12634112463.82
3,2024-05-01,128.07,128.07,126.64,126.94,126.94,505987,12694321820.94
3,2024-05-02,125.03,125.24,123.8,123.94,123.94,449201,12393874611.45
3,2024-05-03,126.61,127.92,125.75,126.66,126.66,542517,12666341115.65
3,2024-05-04,126.15,128.5,125.63,127.23,127.23,513677,12723416418.89
3,2024-05-05,127.98,128.59,127.98,128.48,128.48,589601,12848255638.1
3,2024-05-06,123.91,125.07,123.2,124.03,124.03,545861,12403218866.48
3,2024-05-07,121.33,122.5,120.37,122.15,122.15,556825,12215498427.51
3,2024-05-08,121.96,123.14,120.69,120.98,120.98,472682,12097506033.9
3,2024-05-09,119.24,121.22,118.48,120.17,120.17,492675,12017133471.32
3,2024-05-10,121.24,122.58,120.89,122.06,122.06,572487,12205995274.51
3,2024-05-11,122.48,122.55,120.86,121.29,121.29,558415,12129222176.27
3,2024-05-12,125.35,126.02,124.95,125.39,125.39,474963,12539155844.66
3,2024-05-13,128.08,129.1,125.89,126.97,126.97,461379,12696840959.68
3,2024-05-14,128.09,129.15,127.57,127.96,127.96,478565,12795992078.2
3,2024-05-15,123.74,124.18,122.55,123.82,123.82,494046,12382165885.02
3,2024-05-16,121.16,121.74,120.52,121.62,121.62,508565,12161776251.09
3,2024-05-17,121.03,122.16,120.13,121.19,121.19,490463,12119151452.3
3,2024-05-18,117.43,117.99,117.05,117.6,117.6,580935,11759831538.36
3,2024-05-19,114.45,116.13,113.46,115.06,115.06,591146,11505532160.84
3,2024-05-20,115.42,115.97,114.34,114.93,114.93,574022,11493365893.18
3,2024-05-21,115.66,116.62,114.88,116.37,116.37,482423,11636742320.11
3,2024-05-22,114.89,116.18,114.78,115.11,115.11,439881,11510569644.58
3,2024-05-23,118.03,118.21,116.65,117.08,117.08,467536,11707929256.35
3,2024-05-24,117.45,117.63,116.03,117.17,117.17,577984,11716873172.65
3,2024-05-25,114.31,114.39,113.83,114.09,114.09,531930,11408554169.52
3,2024-05-26,110.09,111.08,108.3,109.15,109.15,587424,10915027478.72
3,2024-05-27,106.97,107.64,106.03,106.1,106.1,486356,10610267505.27
3,2024-05-28,108.72,109.75,107.76,107.84,107.84,588639,10783884318.86
3,2024-05-29,103.57,103.98,102.97,103.79,103.79,404767,10378892916.83
3,2024-05-30,105.42,105.95,104.38,104.47,104.47,441290,10446665190.07
3,2024-05-31,102.02,102.46,101.1,101.3,101.3,513478,10129810456.32
3,2024-06-01,103.02,104.46,102.74,103.66,103.66,434468,10365889213.35
3,2024-06-02,101.85,102.7,100.89,102.22,102.22,596726,10221921284.49
3,2024-06-03,104.46,104.68,103.2,103.57,103.57,536126,10356767936.28
3,2024-06-04,103.59,104.6,102.62,103.67,103.67,553848,10366897419.5
3,2024-06-05,101.0,101.73,100.09,101.23,101.23,528247,10123190791.06
3,2024-06-06,99.16,99.9,99.12,99.7,99.7,515013,9970087592.89
3,2024-06-07,96.47,96.72,96.14,96.19,96.19,560167,9619345969.97
3,2024-06-08,98.23,98.7,97.14,97.55,97.55,430136,9754581079.01
3,2024-06-09,97.3,97.49,96.17,96.38,96.38,463298,9637919552.94
3,2024-06-10,94.54,95.63,93.96,94.77,94.77,449139,9476848086.75
3,2024-06-11,93.61,94.65,93.56,93.77,93.77,547693,9377150343.56
3,2024-06-12,94.62,94.66,94.02,94.4,94.4,552524,9439970722.7
3,2024-06-13,92.05,92.69,91.19,91.77,91.77,497336,9177172623.73
3,2024-06-14,90.51,90.76,89.65,90.65,90.65,522071,9064540393.95
3,2024-06-15,90.12,90.46,89.43,90.17,90.17,552678,9016949087.91
3,2024-06-16,87.19,87.94,86.07,86.65,86.65,506117,8664868773.77
3,2024-06-17,85.85,87.13,85.19,86.64,86.64,525617,8663786569.91
3,2024-06-18,86.67,86.69,85.37,86.02,86.02,407060,8601690018.96
3,2024-06-19,85.14,85.56,85.13,85.18,85.18,419412,8518219594.55
3,2024-06-20,84.45,85.03,83.79,84.39,84.39,413071,8438606002.21
3,2024-06-21,87.05,87.51,85.92,86.27,86.27,404293,8626615335.14
3,2024-06-22,86.17,86.63,85.45,86.52,86.52,584034,8652351360.97
3,2024-06-23,87.05,87.87,86.64,87.29,87.29,573892,8729070384.88
3,2024-06-24,87.3,88.43,86.81,88.07,88.07,466301,8806909673.63
3,2024-06-25,85.74,86.49,85.03,85.85,85.85,417989,8584855307.36
3,2024-06-26,86.91,87.63,85.43,86.16,86.16,586312,8615830093.77
3,2024-06-27,83.47,84.16,83.08,83.8,83.8,471339,8380270271.63
3,2024-06-28,84.16,84.65,82.89,83.45,83.45,548716,8344720158.2
3,2024-06-29,83.92,84.21,82.72,83.24,83.24,591591,8323565031.88
3,2024-06-30,83.85,84.42,83.4,84.1,84.1,461512,8410060492.32
3,2024-07-01,84.33,85.39,84.15,85.18,85.18,413204,8517968021.2
3,2024-07-02,86.11,86.65,85.67,86.49,86.49,524646,8648875469.53
3,2024-07-03,86.08,86.28,85.38,85.45,85.45,463100,8545168743.95
3,2024-07-04,87.77,88.49,86.84,87.69,87.69,580903,8768549766.26
3,2024-07-05,86.9,87.43,85.97,86.4,86.4,489323,8639797339.82
3,2024-07-06,84.88,85.12,84.1,84.6,84.6,467724,8459979053.91
3,2024-07-07,84.17,84.55,83.32,84.03,84.03,435043,8402673565.27
3,2024-07-08,83.5,84.05,82.78,83.44,83.44,460648,8343814353.21
3,2024-07-09,80.5,81.2,80.38,80.67,80.67,560467,8067438890.83
3,2024-07-10,80.79,80.81,80.26,80.42,80.42,431962,8042005622.66
3,2024-07-11,81.45,82.19,81.02,81.47,81.47,576112,8147143127.35
3,2024-07-12,81.43,81.55,80.78,81.45,81.45,432651,8144826665.49
3,2024-07-13,82.32,83.48,81.56,82.74,82.74,423688,8273533679.71
3,2024-07-14,83.11,83.75,82.7,82.81,82.81,582046,8281226669.83
3,2024-07-15,84.15,84.18,83.56,83.98,83.98,481935,8398004168.49
3,2024-07-16,83.2,83.79,82.68,83.43,83.43,512332,8342734558.88
3,2024-07-17,82.12,83.24,81.97,82.83,82.83,525736,8282744599.19
3,2024-07-18,86.1,86.73,85.71,86.0,86.0,539972,8600018183.14
3,2024-07-19,88.25,88.63,87.36,87.79,87.79,456246,8778564288.15
3,2024-07-20,89.55,89.97,89.47,89.89,89.89,569598,8989450943.41
3,2024-07-21,93.48,94.11,92.57,92.69,92.69,449877,9269081115.77
3,2024-07-22,95.44,95.48,94.58,94.8,94.8,422672,9480403660.35
3,2024-07-23,92.24,92.25,91.34,91.53,91.53,589080,9152804145.44
3,2024-07-24,91.33,91.82,91.3,91.76,91.76,581836,9176307519.9
3,2024-07-25,92.16,93.45,91.77,92.63,92.63,419413,9263297814.34
3,2024-07-26,93.26,93.62,92.78,93.44,93.44,407875,9343658768.15
3,2024-07-27,94.64,95.4,93.82,93.88,93.88,576046,9387683011.91
3,2024-07-28,95.92,96.04,94.64,95.14,95.14,494562,9514328764.27
3,2024-07-29,99.28,99.69,98.06,98.53,98.53,495376,9853326543.59
3,2024-07-30,97.89,99.16,97.61,98.23,98.23,553427,9823099509.03
3,2024-07-31,97.54,98.28,97.39,97.62,97.62,517235,9761997375.13
3,2024-08-01,101.74,102.37,100.32,101.0,101.0,597554,10099939690.16
3,2024-08-02,100.08,101.79,99.95,100.83,100.83,472476,10083269662.19
3,2024-08-03,100.23,100.95,98.62,99.37,99.37,488187,9936963414.6
3,2024-08-04,100.55,101.57,99.93,101.12,101.12,514382,10111819079.73
3,2024-08-05,101.39,102.28,100.19,100.46,100.46,489466,10046140993.13
3,2024-08-06,101.61,102.13,100.49,100.96,100.96,403971,10095690062.24
3,2024-08-07,102.99,103.42,101.88,102.52,102.52,498353,10252275450.73
3,2024-08-08,99.37,100.08,98.93,98.98,98.98,534352,9897967569.8
3,2024-08-09,98.28,98.99,97.8,98.75,98.75,468765,9875018972.6
3,2024-08-10,101.79,102.17,100.25,101.01,101.01,467955,10100809263.6
3,2024-08-11,101.92,102.7,100.72,100.93,100.93,417002,10092773390.99
3,2024-08-12,99.1,99.33,98.69,99.1,99.1,473993,9909607118.43
3,2024-08-13,99.95,101.43,99.36,100.5,100.5,435447,10050110132.79
3,2024-08-14,101.73,102.48,101.11,101.97,101.97,524806,10197161201.52
3,2024-08-15,100.7,100.88,99.88,100.69,100.69,535474,10069469440.68
3,2024-08-16,106.5,106.64,105.6,106.41,106.41,583352,10641280493.04
3,2024-08-17,104.46,104.58,103.45,104.42,104.42,422194,10442036483.47
3,2024-08-18,103.08,104.0,102.66,103.74,103.74,587005,10373782776.06
3,2024-08-19,106.28,106.55,106.0,106.37,106.37,592082,10637307106.11
3,2024-08-20,105.37,105.52,104.7,105.35,105.35,439426,10534620388.84
3,2024-08-21,109.94,110.93,107.95,108.98,108.98,526844,10898281554.54
3,2024-08-22,109.6,110.3,109.26,110.16,110.16,458469,11015756422.69
3,2024-08-23,108.88,110.45,108.83,109.96,109.96,558556,10995935175.64
3,2024-08-24,111.44,111.81,110.81,111.34,111.34,557315,11133998101.61
3,2024-08-25,113.91,114.4,112.61,113.54,113.54,470942,11354167621.16
3,2024-08-26,115.18,115.32,113.65,114.25,114.25,596714,11425425873.09
3,2024-08-27,115.46,117.19,114.47,116.25,116.25,498949,11624625298.89
3,2024-08-28,118.18,118.49,116.15,117.21,117.21,524372,11720655913.84
3,2024-08-29,117.48,118.6,116.63,118.54,118.54,518064,11854492079.87
3,2024-08-30,113.94,114.36,113.72,114.06,114.06,598340,11406405448.64
3,2024-08-31,113.04,113.48,112.68,113.08,113.08,473043,11307634797.24
3,2024-09-01,111.39,112.1,110.34,110.36,110.36,450543,11036295405.0
3,2024-09-02,112.21,112.76,111.35,112.65,112.65,502684,11265373906.27
3,2024-09-03,112.5,113.14,112.2,112.26,112.26,596407,11225844568.57
3,2024-09-04,112.39,113.62,111.78,113.05,113.05,580855,11305179282.98
3,2024-09-05,110.36,111.89,109.43,110.84,110.84,404688,11084145390.4
3,2024-09-06,109.16,110.57,108.98,110.02,110.02,463713,11002372165.12
3,2024-09-07,111.56,111.73,109.96,110.5,110.5,433376,11050184163.3
3,2024-09-08,112.77,114.1,112.45,113.61,113.61,529881,11360909232.99
3,2024-09-09,111.42,111.46,109.55,110.56,110.56,540102,11056216385.54
3,2024-09-10,110.08,110.12,108.39,109.45,109.45,452622,10944843420.78
3,2024-09-11,111.41,111.75,110.95,111.35,111.35,599230,11134890020.14
3,2024-09-12,111.49,112.68,111.22,111.62,111.62,467503,11162105464.48
3,2024-09-13,111.01,111.55,110.16,110.94,110.94,454567,11094274163.18
3,2024-09-14,111.82,113.17,111.58,112.52,112.52,599019,11252386867.46
3,2024-09-15,111.48,112.52,110.1,110.68,110.68,531338,11067602044.92
3,2024-09-16,107.01,108.27,106.3,107.98,107.98,531882,10798097012.16
3,2024-09-17,106.61,107.61,106.11,106.54,106.54,466583,10653512279.04
3,2024-09-18,106.37,106.65,105.86,106.34,106.34,406274,10633915895.37
3,2024-09-19,110.44,111.28,109.4,110.5,110.5,574408,11050179596.19
3,2024-09-20,109.9,110.5,109.71,109.91,109.91,585309,10990544663.72
3,2024-09-21,110.28,111.36,108.67,109.7,109.7,402135,10970499209.32
3,2024-09-22,110.84,111.34,109.79,110.39,110.39,514730,11038567333.71
3,2024-09-23,110.66,111.19,109.48,109.89,109.89,460542,10989283734.64
3,2024-09-24,115.15,116.91,114.37,115.87,115.87,439928,11586667256.72
3,2024-09-25,115.67,115.79,114.67,115.37,115.37,494024,11536691257.29
3,2024-09-26,109.98,110.08,109.31,109.78,109.78,477679,10978243334.93
3,2024-09-27,110.59,112.42,109.97,111.32,111.32,539057,11131755011.63
3,2024-09-28,107.99,109.93,107.67,108.87,108.87,454056,10886895988.71
3,2024-09-29,111.34,112.23,111.31,111.51,111.51,475028,11150774957.65
3,2024-09-30,111.4,111.97,111.22,111.9,111.9,473358,11189934122.73
3,2024-10-01,115.89,116.68,114.69,114.98,114.98,502516,11498134540.24
3,2024-10-02,115.61,116.07,115.02,115.44,115.44,598730,11543968188.92
3,2024-10-03,113.86,115.27,112.74,114.5,114.5,484902,11450455644.93
3,2024-10-04,115.18,115.87,114.89,115.36,115.36,541456,11535954940.22
3,2024-10-05,113.37,113.91,112.02,112.63,112.63,426468,11263346959.74
3,2024-10-06,109.68,111.38,109.46,110.59,110.59,469247,11059153512.16
3,2024-10-07,109.79,110.22,108.92,109.37,109.37,452317,10937415905.15
3,2024-10-08,103.71,104.87,103.01,104.54,104.54,438580,10454294020.51
3,2024-10-09,103.83,104.13,103.01,103.49,103.49,456328,10349109391.67
3,2024-10-10,101.37,103.27,101.16,102.35,102.35,416661,10234916261.36
3,2024-10-11,100.6,101.43,100.47,101.15,101.15,489974,10115204301.47
3,2024-10-12,99.17,100.54,98.83,99.9,99.9,534361,9989666301.63
3,2024-10-13,100.76,101.32,100.09,100.34,100.34,561095,10034284648.41
3,2024-10-14,98.8,99.24,98.47,98.73,98.73,582668,9873252815.91
3,2024-10-15,99.6,100.47,98.4,99.4,99.4,572295,9939658630.12
3,2024-10-16,95.96,96.73,95.49,96.49,96.49,579163,9648669731.69
3,2024-10-17,99.48,100.65,99.11,99.74,99.74,404601,9974267160.85
3,2024-10-18,97.63,98.27,96.39,96.98,96.98,425705,9698163800.57
3,2024-10-19,93.75,94.83,93.71,94.06,94.06,552412,9406193443.01
3,2024-10-20,93.97,94.63,93.34,94.16,94.16,448592,9416077817.51
3,2024-10-21,95.31,97.08,94.88,96.25,96.25,435421,9624513121.54
3,2024-10-22,94.44,95.02,94.06,94.55,94.55,412991,9455363069.71
3,2024-10-23,94.18,94.58,92.95,93.85,93.85,514381,9384832685.85
3,2024-10-24,95.49,96.62,95.16,96.24,96.24,447389,9623699024.18
3,2024-10-25,97.18,98.02,96.97,97.05,97.05,417477,9704741372.07
3,2024-10-26,98.41,99.23,98.21,98.33,98.33,415082,9833016784.16
3,2024-10-27,95.49,96.73,94.58,96.2,96.2,544621,9619828179.42
3,2024-10-28,93.05,93.92,92.08,92.86,92.86,547300,9285562796.66
3,2024-10-29,92.19,92.21,91.18,91.29,91.29,468226,9128501371.54
3,2024-10-30,93.07,93.69,92.33,93.47,93.47,581782,9346853281.36
3,2024-10-31,93.41,94.6,92.94,94.25,94.25,414076,9425044300.8
3,2024-11-01,97.15,98.03,96.58,97.43,97.43,516550,9743317092.23
3,2024-11-02,98.42,99.05,98.07,98.32,98.32,593128,9832321657.9
3,2024-11-03,99.02,99.71,97.58,98.35,98.35,593821,9835489621.06
3,2024-11-04,95.06,95.73,94.69,95.35,95.35,526200,9534635006.25
3,2024-11-05,95.0,95.68,94.25,95.64,95.64,466180,9563543522.94
3,2024-11-06,95.24,96.51,94.57,95.71,95.71,532987,9571268050.22
3,2024-11-07,95.82,96.26,94.9,95.51,95.51,522513,9550567994.04
3,2024-11-08,96.59,96.87,96.1,96.69,96.69,411233,9668532840.86
3,2024-11-09,99.83,100.49,99.25,99.36,99.36,427742,9935979803.3
3,2024-11-10,100.08,100.58,98.75,99.64,99.64,583600,9963979670.28
3,2024-11-11,100.33,101.79,100.32,101.04,101.04,585312,10103646331.41
3,2024-11-12,96.07,97.28,95.38,96.71,96.71,437114,9671466785.1
3,2024-11-13,97.54,97.92,97.21,97.21,97.21,543650,9720763749.57
3,2024-11-14,97.44,98.71,96.77,98.18,98.18,418317,9818226069.79
3,2024-11-15,101.38,101.45,101.14,101.33,101.33,486593,10133470373.18
3,2024-11-16,100.89,101.62,99.31,100.21,100.21,537120,10021161486.11
3,2024-11-17,98.4,99.29,97.93,98.24,98.24,442043,9824083966.39
3,2024-11-18,99.63,99.81,98.67,99.29,99.29,543395,9928964514.88
3,2024-11-19,96.74,97.28,95.87,97.11,97.11,477380,9710709718.78
3,2024-11-20,95.71,96.15,95.28,95.91,95.91,525090,9591087208.11
3,2024-11-21,99.05,99.48,97.28,98.13,98.13,438527,9812654337.05
3,2024-11-22,96.64,96.79,95.85,96.51,96.51,563510,9651316610.75
3,2024-11-23,101.53,101.98,99.84,100.75,100.75,541647,10074731871.68
3,2024-11-24,101.68,102.17,100.56,101.17,101.17,499060,10116911441.98
3,2024-11-25,100.21,101.18,100.15,100.56,100.56,541254,10055651338.92
3,2024-11-26,99.86,101.27,99.53,100.82,100.82,493842,10082113491.73
3,2024-11-27,96.9,98.23,96.4,97.56,97.56,546312,9755670191.58
3,2024-11-28,96.18,97.07,95.6,96.76,96.76,518362,9675706602.37
3,2024-11-29,98.8,99.46,97.9,98.37,98.37,572179,9837335874.99
3,2024-11-30,100.3,100.33,99.39,100.01,100.01,488503,10001089388.53
3,2024-12-01,99.76,100.32,99.12,100.04,100.04,501516,10004485127.36
3,2024-12-02,103.54,104.44,102.79,103.14,103.14,415911,10314198646.67
3,2024-12-03,104.67,105.22,103.34,103.88,103.88,594838,10387680265.89
3,2024-12-04,107.19,107.99,105.99,107.02,107.02,452652,10702484028.95
3,2024-12-05,107.41,107.93,107.06,107.16,107.16,575635,10716253452.29
3,2024-12-06,109.33,110.14,108.4,108.74,108.74,515086,10874306828.32
3,2024-12-07,109.72,111.64,109.43,110.66,110.66,437869,11066170360.46
3,2024-12-08,109.8,110.82,108.85,109.59,109.59,424802,10959414047.5
3,2024-12-09,113.02,113.68,111.89,113.37,113.37,552333,11336928557.68
3,2024-12-10,112.22,112.94,111.26,111.66,111.66,437639,11165555282.3
3,2024-12-11,115.23,116.2,115.11,115.15,115.15,569723,11514733302.11
3,2024-12-12,115.61,116.19,115.09,115.92,115.92,551257,11591931891.98
3,2024-12-13,116.69,117.78,116.56,116.57,116.57,445543,11656673935.98
3,2024-12-14,117.09,118.14,116.34,116.51,116.51,478933,11650767753.36
3,2024-12-15,117.17,117.8,115.55,116.16,116.16,567208,11616350522.9
3,2024-12-16,113.35,114.18,112.43,114.17,114.17,459343,11417433755.86
3,2024-12-17,115.69,115.93,113.98,114.74,114.74,482456,11474074035.21
3,2024-12-18,112.17,113.81,111.99,113.13,113.13,528118,11312733687.64
3,2024-12-19,111.05,111.8,110.86,111.14,111.14,443651,11113549396.04
3,2024-12-20,114.08,114.42,112.78,113.53,113.53,450189,11353125001.22
3,2024-12-21,113.8,115.14,113.52,114.66,114.66,468951,11465654169.57
3,2024-12-22,113.25,113.54,111.7,112.69,112.69,448154,11268906074.06
3,2024-12-23,112.72,112.82,112.02,112.46,112.46,401396,11246487177.76
3,2024-12-24,113.31,114.06,112.13,112.83,112.83,578111,11283095822.28
3,2024-12-25,110.14,111.82,109.58,111.02,111.02,536706,11102305652.08
3,2024-12-26,108.28,108.54,107.48,107.83,107.83,456289,10782547124.45
3,2024-12-27,111.08,111.66,109.71,110.21,110.21,432252,11020820920.24
3,2024-12-28,107.96,109.94,107.95,108.98,108.98,412323,10898228840.7
3,2024-12-29,108.63,109.99,108.61,108.98,108.98,498784,10897886982.92
3,2024-12-30,110.68,111.29,110.26,110.5,110.5,580538,11050092215.0
3,2024-12-31,115.24,115.24,113.64,114.72,114.72,412080,11471585111.57
4,2020-01-01,43.72,44.12,43.61,44.02,44.02,2204520,4401931596.67
4,2020-01-02,44.61,44.84,44.51,44.83,44.83,1944075,4482992262.29
4,2020-01-03,44.94,45.39,44.75,45.35,45.35,2139228,4534601080.49
4,2020-01-04,45.24,45.89,44.83,45.46,45.46,2318911,4546433758.29
4,2020-01-05,43.76,43.91,43.53,43.7,43.7,1956745,4369961416.95
4,2020-01-06,45.39,45.83,44.97,45.44,45.44,2381734,4543824471.56
4,2020-01-07,44.61,45.01,44.57,44.76,44.76,2139600,4475694408.38
4,2020-01-08,44.08,44.73,44.01,44.34,44.34,1854718,4434351365.68
4,2020-01-09,42.85,43.15,42.56,42.89,42.89,2217108,4289293373.49
4,2020-01-10,44.0,44.19,43.91,43.94,43.94,2331581,4393968847.63
4,2020-01-11,43.59,43.98,43.32,43.62,43.62,2158460,4361734175.6
4,2020-01-12,43.27,43.61,43.14,43.61,43.61,2084405,4360529185.9
4,2020-01-13,45.19,45.55,44.88,45.01,45.01,2367436,4501218953.06
4,2020-01-14,41.9,42.07,41.84,41.97,41.97,2055360,4197317741.63
4,2020-01-15,41.58,41.85,41.49,41.83,41.83,2181719,4182894111.14
4,2020-01-16,41.15,41.27,40.8,41.26,41.26,1855251,4126397720.89
4,2020-01-17,39.77,40.52,39.41,40.14,40.14,1886490,4014454363.83
4,2020-01-18,42.59,42.75,42.18,42.46,42.46,2248772,4245678029.8
4,2020-01-19,44.05,44.48,43.84,44.45,44.45,1896354,4445167793.27
4,2020-01-20,45.2,45.93,45.1,45.56,45.56,1840197,4555836062.39
4,2020-01-21,45.62,45.86,45.44,45.72,45.72,1991269,4571540773.1
4,2020-01-22,46.02,46.22,45.52,45.74,45.74,2036733,4574309246.58
4,2020-01-23,44.7,45.01,44.17,44.39,44.39,2195975,4438833577.26
4,2020-01-24,45.05,45.15,44.86,44.98,44.98,1782489,4497953971.15
4,2020-01-25,44.89,44.91,44.18,44.62,44.62,1736442,4462441898.14
4,2020-01-26,44.87,45.18,44.47,44.96,44.96,2152691,4496267515.09
4,2020-01-27,44.49,44.81,44.47,44.57,44.57,1927785,4456748325.47
4,2020-01-28,43.4,43.92,43.12,43.74,43.74,2303979,4373858298.81
4,2020-01-29,44.33,44.41,44.11,44.15,44.15,1859494,4414583476.73
4,2020-01-30,43.77,44.11,43.23,43.49,43.49,2237001,4349147566.65
4,2020-01-31,43.9,44.16,43.85,44.05,44.05,2356170,4404576181.28
4,2020-02-01,46.83,47.19,46.66,46.96,46.96,1922593,4696366332.51
4,2020-02-02,47.47,47.89,47.25,47.33,47.33,2294945,4733217941.96
4,2020-02-03,46.27,46.61,45.73,46.16,46.16,1971514,4615900531.8
4,2020-02-04,45.59,46.23,45.56,45.79,45.79,1722147,4579048070.62
4,2020-02-05,45.47,45.71,44.81,45.12,45.12,2190287,4511691911.33
4,2020-02-06,45.59,45.66,45.27,45.29,45.29,1908451,4528797279.44
4,2020-02-07,44.56,45.1,44.29,44.89,44.89,2359707,4489130952.8
4,2020-02-08,45.31,45.86,45.29,45.74,45.74,2298689,4573731127.67
4,2020-02-09,47.24,47.54,46.72,46.79,46.79,2230612,4679180303.57
4,2020-02-10,46.97,47.21,46.52,46.59,46.59,1905165,4659115022.46
4,2020-02-11,46.95,47.29,46.64,46.74,46.74,2296200,4673727875.48
4,2020-02-12,46.7,47.29,46.59,46.97,46.97,1719507,4696843856.5
4,2020-02-13,48.96,49.18,48.3,48.68,48.68,1892568,4868374955.29
4,2020-02-14,48.64,48.96,48.2,48.31,48.31,1947505,4831487043.61
4,2020-02-15,46.85,47.34,46.75,47.21,47.21,2253923,4720708734.95
4,2020-02-16,45.84,46.3,45.79,45.88,45.88,2324289,4588290472.63
4,2020-02-17,46.62,47.43,46.35,47.0,47.0,1720830,4699650152.87
4,2020-02-18,48.2,48.7,48.08,48.34,48.34,2356834,4833553324.58
4,2020-02-19,48.59,48.81,47.96,48.27,48.27,1773595,4826732396.27
4,2020-02-20,48.05,48.64,47.67,48.32,48.32,1613111,4831652714.68
4,2020-02-21,51.09,51.6,50.84,51.14,51.14,1977830,5113905655.99
4,2020-02-22,50.82,51.23,50.27,50.48,50.48,1816712,5047815231.65
4,2020-02-23,50.2,50.31,49.61,49.87,49.87,1758205,4987296730.14
4,2020-02-24,48.42,48.59,47.82,48.13,48.13,1997857,4812650855.21
4,2020-02-25,47.89,47.94,47.48,47.61,47.61,1726653,4760762843.14
4,2020-02-26,47.61,47.78,46.82,47.28,47.28,2263822,4727845129.62
4,2020-02-27,46.39,46.4,45.8,46.2,46.2,2283051,4619826881.34
4,2020-02-28,45.75,46.14,45.67,46.08,46.08,1822135,4608084818.76
4,2020-02-29,46.41,46.59,45.98,46.13,46.13,1751956,4613126000.95
4,2020-03-01,45.99,46.45,45.73,46.23,46.23,2085459,4623237228.19
4,2020-03-02,45.08,45.16,44.25,44.68,44.68,1999309,4468155974.11
4,2020-03-03,45.07,45.73,44.92,45.52,45.52,1948086,4551540337.31
4,2020-03-04,47.96,48.22,47.61,48.03,48.03,2281277,4802537865.39
4,2020-03-05,46.41,46.8,46.13,46.24,46.24,1989873,4624251340.55
4,2020-03-06,47.79,48.15,47.64,47.92,47.92,2132631,4791909969.11
4,2020-03-07,49.77,50.24,49.72,50.13,50.13,1882695,5013217911.6
4,2020-03-08,52.07,52.45,51.58,51.61,51.61,1684809,5160969299.46
4,2020-03-09,53.74,54.2,53.09,53.33,53.33,2362360,5333142903.02
4,2020-03-10,53.92,54.41,53.84,53.89,53.89,2164819,5388829096.85
4,2020-03-11,53.72,54.29,53.41,54.06,54.06,2086254,5405602632.08
4,2020-03-12,53.76,54.09,53.33,53.44,53.44,1713182,5344090806.83
4,2020-03-13,53.35,53.75,52.94,53.35,53.35,2015010,5335203731.19
4,2020-03-14,51.32,51.66,50.63,50.84,50.84,1995385,5084201247.66
4,2020-03-15,50.69,51.29,50.57,50.91,50.91,1773123,5091344025.0
4,2020-03-16,50.92,51.46,50.86,51.14,51.14,1992405,5113851606.27
4,2020-03-17,49.73,49.87,49.57,49.57,49.57,2365485,4957164343.57
4,2020-03-18,49.47,49.77,48.72,49.19,49.19,2105206,4919282055.22
4,2020-03-19,49.76,50.23,49.73,49.89,49.89,1870864,4988677229.35
4,2020-03-20,50.55,50.69,50.45,50.51,50.51,1848489,5050971596.2
4,2020-03-21,50.67,50.99,50.27,50.46,50.46,2094784,5046134047.42
4,2020-03-22,50.97,51.29,50.7,51.16,51.16,2089301,5115700746.61
4,2020-03-23,51.27,51.32,50.46,50.94,50.94,2079292,5094076547.71
4,2020-03-24,50.53,50.72,50.11,50.32,50.32,2023709,5031599345.89
4,2020-03-25,51.32,51.81,50.97,51.03,51.03,1872877,5103260544.97
4,2020-03-26,50.18,50.49,50.16,50.31,50.31,1898683,5030708734.1
4,2020-03-27,47.26,47.47,47.0,47.09,47.09,2150811,4708978158.46
4,2020-03-28,47.74,47.9,47.44,47.76,47.76,1702506,4775532165.47
4,2020-03-29,48.25,48.57,47.9,48.46,48.46,2052262,4845713308.56
4,2020-03-30,47.36,48.05,47.11,47.6,47.6,1978818,4760180992.72
4,2020-03-31,47.0,47.54,46.81,47.12,47.12,1614167,4712428398.05
4,2020-04-01,45.79,46.05,45.48,45.9,45.9,1896006,4590092670.86
4,2020-04-02,45.07,45.52,45.04,45.26,45.26,1796887,4525932017.19
4,2020-04-03,45.29,45.46,44.6,44.9,44.9,2355661,4489638183.2
4,2020-04-04,43.33,43.59,43.3,43.54,43.54,2150625,4353886647.22
4,2020-04-05,42.4,43.0,42.39,42.68,42.68,2328116,4267927762.84
4,2020-04-06,42.28,42.44,42.01,42.23,42.23,2322043,4222796141.81
4,2020-04-07,40.19,40.66,39.84,40.36,40.36,2107097,4035971003.27
4,2020-04-08,40.79,41.08,40.42,41.04,41.04,2321471,4104175584.16
4,2020-04-09,41.7,41.87,41.45,41.81,41.81,1980950,4181459016.42
4,2020-04-10,39.78,39.86,39.58,39.76,39.76,1824425,3975764969.69
4,2020-04-11,39.89,40.44,39.61,40.22,40.22,1872605,4021711700.39
4,2020-04-12,41.85,42.11,41.54,41.61,41.61,2235054,4160560873.51
4,2020-04-13,42.3,42.88,42.16,42.71,42.71,2158663,4270531317.36
4,2020-04-14,44.18,44.28,43.77,44.03,44.03,2321484,4403119575.34
4,2020-04-15,45.05,45.71,44.77,45.27,45.27,2372379,4526998732.69
4,2020-04-16,45.31,45.35,44.96,45.05,45.05,2225276,4504584937.74
4,2020-04-17,43.83,44.14,43.59,43.74,43.74,2057819,4373589329.55
4,2020-04-18,45.0,45.39,44.74,45.36,45.36,2329104,4535918129.73
4,2020-04-19,47.36,47.56,47.16,47.35,47.35,2166483,4734630644.42
4,2020-04-20,47.14,47.75,46.67,47.59,47.59,2087509,4758815903.78
4,2020-04-21,47.3,47.7,47.01,47.22,47.22,2250657,4722099335.13
4,2020-04-22,47.78,48.28,47.53,48.24,48.24,1799279,4824456317.82
4,2020-04-23,49.13,49.45,49.0,49.02,49.02,2050638,4901518401.7
4,2020-04-24,49.98,50.37,49.52,49.65,49.65,2312445,4965243327.2
4,2020-04-25,48.1,48.64,48.01,48.55,48.55,1850768,4854648318.69
4,2020-04-26,49.3,49.67,49.05,49.46,49.46,2304582,4946392931.26
4,2020-04-27,46.93,47.66,46.74,47.37,47.37,1907314,4737287190.56
4,2020-04-28,47.04,47.64,46.69,47.23,47.23,1718684,4723372370.66
4,2020-04-29,46.94,47.61,46.84,47.29,47.29,1857323,4728541733.58
4,2020-04-30,48.67,48.76,48.26,48.72,48.72,2023388,4872387966.49
4,2020-05-01,48.9,49.2,48.27,48.67,48.67,1970151,4866524170.55
4,2020-05-02,50.02,50.48,49.79,50.09,50.09,2320344,5009125570.4
4,2020-05-03,50.1,50.53,49.69,50.14,50.14,4894288,5013902178.94
4,2020-05-04,51.16,51.25,50.86,51.1,51.1,4455653,5110072755.36
4,2020-05-05,54.27,54.3,53.46,53.92,53.92,3133850,5391510913.6
4,2020-05-06,53.41,53.52,53.19,53.36,53.36,3779152,5336279674.06
4,2020-05-07,53.3,53.87,52.86,53.78,53.78,3386363,5378134423.06
4,2020-05-08,51.07,51.57,50.84,51.45,51.45,4539891,5145116477.22
4,2020-05-09,53.52,54.0,53.19,53.58,53.58,4423815,5357889933.69
4,2020-05-10,53.38,53.88,53.15,53.8,53.8,3727564,5379795419.41
4,2020-05-11,55.95,56.16,55.76,55.86,55.86,4555518,5585543578.12
4,2020-05-12,54.77,55.39,54.54,55.07,55.07,3947493,5507028957.3
4,2020-05-13,53.55,54.01,53.24,53.38,53.38,3446666,5337759327.39
4,2020-05-14,53.53,54.06,53.35,53.54,53.54,3006106,5353565697.91
4,2020-05-15,52.64,52.69,52.03,52.53,52.53,3712337,5253223168.81
4,2020-05-16,53.09,53.5,52.49,52.86,52.86,4241305,5285766930.74
4,2020-05-17,51.68,52.18,51.06,51.32,51.32,4123755,5131663123.62
4,2020-05-18,54.68,55.0,53.92,54.21,54.21,4567368,5421171807.2
4,2020-05-19,51.82,52.47,51.56,52.34,52.34,4913335,5234314843.66
4,2020-05-20,52.0,52.36,51.49,52.13,52.13,3969395,5212688926.09
4,2020-05-21,50.98,51.38,50.58,51.35,51.35,3628336,5135210962.05
4,2020-05-22,48.87,49.24,48.72,48.8,48.8,4766427,4879796543.23
4,2020-05-23,46.7,46.96,46.64,46.96,46.96,3400116,4695810608.05
4,2020-05-24,47.38,47.62,46.91,47.57,47.57,4621457,4756528972.82
4,2020-05-25,46.45,47.01,46.42,46.73,46.73,3376390,4673246474.05
4,2020-05-26,46.68,47.12,46.23,46.34,46.34,4847418,4634270245.31
4,2020-05-27,46.08,46.27,45.83,45.95,45.95,4210162,4595213156.56
4,2020-05-28,45.7,46.27,45.51,45.97,45.97,3591239,4597341684.79
4,2020-05-29,46.74,47.14,46.62,46.68,46.68,3121125,4667785053.7
4,2020-05-30,45.92,46.22,45.6,45.65,45.65,4769543,4565491477.08
4,2020-05-31,45.5,45.57,44.81,45.1,45.1,4047004,4510124936.72
4,2020-06-01,47.11,47.67,46.95,47.22,47.22,4008258,4721734995.85
4,2020-06-02,48.75,48.87,48.06,48.27,48.27,3496452,4827166352.94
4,2020-06-03,47.6,47.74,47.58,47.58,47.58,3752017,4758349147.7
4,2020-06-04,46.75,46.88,46.34,46.8,46.8,4401292,4679837631.87
4,2020-06-05,45.98,46.01,45.49,45.79,45.79,4705402,4578745790.82
4,2020-06-06,45.82,46.39,45.39,46.28,46.28,3596354,4627854721.04
4,2020-06-07,46.89,47.23,46.14,46.49,46.49,3408480,4649175906.62
4,2020-06-08,46.35,46.68,45.97,46.6,46.6,3592206,4659691925.71
4,2020-06-09,45.29,45.84,44.86,45.62,45.62,3057642,4562158398.9
4,2020-06-10,45.41,45.85,45.21,45.71,45.71,4287976,4570840732.41
4,2020-06-11,45.77,46.07,45.32,45.94,45.94,3842846,4594072750.91
4,2020-06-12,46.09,46.83,45.66,46.55,46.55,3737263,4655305475.89
4,2020-06-13,45.61,45.89,45.31,45.8,45.8,4551593,4580481747.44
4,2020-06-14,46.85,47.13,46.4,47.02,47.02,4985959,4701527774.64
4,2020-06-15,48.82,49.04,48.0,48.41,48.41,3893370,4841086760.23
4,2020-06-16,45.48,45.99,45.24,45.8,45.8,3764038,4579694949.56
4,2020-06-17,43.84,44.46,43.49,44.26,44.26,3313956,4426311634.03
4,2020-06-18,45.89,45.9,45.26,45.52,45.52,3888278,4551636207.62
4,2020-06-19,47.48,47.74,47.06,47.21,47.21,3628174,4721043574.07
4,2020-06-20,48.6,48.93,48.13,48.52,48.52,4873805,4851863678.27
4,2020-06-21,48.65,48.84,48.24,48.49,48.49,3911886,4849308310.17
4,2020-06-22,47.85,48.01,47.41,47.96,47.96,3395561,4796070306.01
4,2020-06-23,49.06,49.79,48.86,49.47,49.47,4213084,4946806962.14
4,2020-06-24,51.17,51.93,50.78,51.62,51.62,3569525,5162177637.46
4,2020-06-25,50.89,50.98,50.1,50.56,50.56,4172960,5055853697.79
4,2020-06-26,51.65,51.94,51.17,51.66,51.66,3645607,5166034093.73
4,2020-06-27,52.58,52.82,52.02,52.17,52.17,3033912,5216650695.3
4,2020-06-28,49.99,50.33,49.55,50.2,50.2,3104846,5019984494.45
4,2020-06-29,47.99,48.73,47.9,48.4,48.4,3653076,4840211034.84
4,2020-06-30,47.64,48.23,47.22,47.86,47.86,3954203,4786219804.42
4,2020-07-01,47.45,47.94,47.23,47.72,47.72,3283505,4771919228.79
4,2020-07-02,48.22,48.54,47.8,48.2,48.2,4663608,4820368206.05
4,2020-07-03,48.39,49.07,47.95,48.87,48.87,3750058,4886891008.23
4,2020-07-04,49.33,49.51,49.05,49.31,49.31,3050930,4930534270.66
4,2020-07-05,51.59,51.81,51.07,51.43,51.43,3868519,5143441746.97
4,2020-07-06,51.42,51.68,51.07,51.47,51.47,3647768,5147036049.1
4,2020-07-07,51.33,51.92,50.88,51.59,51.59,3355996,5159070424.47
4,2020-07-08,53.25,53.31,52.61,52.73,52.73,4226164,5273099152.16
4,2020-07-09,53.07,53.57,52.54,52.59,52.59,4521063,5259369397.66
4,2020-07-10,53.73,54.58,53.58,54.25,54.25,4287241,5425293517.78
4,2020-07-11,54.74,54.89,53.97,54.35,54.35,3648028,5434623455.07
4,2020-07-12,52.44,53.15,52.29,52.93,52.93,4512982,5293470488.93
4,2020-07-13,54.26,54.69,53.68,53.92,53.92,3078762,5392382525.7
4,2020-07-14,56.45,56.68,55.93,56.08,56.08,4023416,5607962206.74
4,2020-07-15,58.09,58.68,57.83,58.37,58.37,4445553,5836822893.48
4,2020-07-16,57.45,57.57,57.08,57.2,57.2,4427328,5719505693.76
4,2020-07-17,57.0,57.23,56.67,57.1,57.1,3993353,5709992357.04
4,2020-07-18,56.03,56.15,55.9,55.99,55.99,4853897,5599017838.29
4,2020-07-19,53.53,53.76,52.91,53.13,53.13,3279822,5312503621.65
4,2020-07-20,53.26,53.56,52.83,53.2,53.2,3204506,5320157755.19
4,2020-07-21,52.22,52.69,51.79,52.56,52.56,3326763,5255836130.72
4,2020-07-22,50.23,50.84,50.15,50.67,50.67,4427707,5067211853.86
4,2020-07-23,50.95,51.22,50.66,50.73,50.73,3183718,5073254700.43
4,2020-07-24,51.13,51.6,50.97,51.3,51.3,3720633,5129817697.14
4,2020-07-25,49.45,49.98,49.36,49.87,49.87,3714162,4986613072.28
4,2020-07-26,52.03,52.28,51.76,52.27,52.27,3162317,5227351103.7
4,2020-07-27,51.35,51.84,50.94,51.24,51.24,3687146,5123995383.31
4,2020-07-28,55.02,55.48,54.38,54.56,54.56,3139153,5455764829.07
4,2020-07-29,53.0,53.42,52.74,53.28,53.28,3801119,5328428232.18
4,2020-07-30,52.93,53.78,52.5,53.39,53.39,3124300,5339396700.36
4,2020-07-31,55.5,56.1,55.26,55.73,55.73,1933082,5573468794.82
4,2020-08-01,58.96,59.25,58.33,58.51,58.51,2231782,5851217003.58
4,2020-08-02,59.27,59.4,58.75,58.98,58.98,2155669,5897551445.06
4,2020-08-03,59.55,59.8,59.34,59.67,59.67,2038478,5966709810.18
4,2020-08-04,60.49,60.86,60.04,60.75,60.75,1671578,6075099253.2
4,2020-08-05,60.25,60.98,60.01,60.39,60.39,1765803,6038523213.56
4,2020-08-06,57.53,58.07,57.19,58.02,58.02,1727248,5801917007.25
4,2020-08-07,55.89,56.0,55.6,55.96,55.96,2210211,5596491063.73
4,2020-08-08,58.58,58.67,58.51,58.58,58.58,2294932,5857507829.77
4,2020-08-09,56.56,56.94,56.01,56.84,56.84,1781916,5684054363.4
4,2020-08-10,57.97,58.11,57.38,57.57,57.57,1645211,5756501503.37
4,2020-08-11,57.04,57.98,56.74,57.59,57.59,2146817,5759193910.97
4,2020-08-12,56.0,56.09,55.11,55.56,55.56,1619380,5555534029.42
4,2020-08-13,55.02,55.22,54.88,55.13,55.13,2114322,5512866981.65
4,2020-08-14,55.34,55.92,55.12,55.61,55.61,2157830,5560768821.07
4,2020-08-15,54.35,55.21,54.18,54.74,54.74,1982954,5473667891.98
4,2020-08-16,56.59,56.91,56.14,56.41,56.41,1633740,5641076747.8
4,2020-08-17,58.48,59.36,57.95,58.96,58.96,2206822,5896466053.38
4,2020-08-18,58.48,59.09,58.06,59.01,59.01,2359972,5900664556.36
4,2020-08-19,55.69,56.38,55.62,56.1,56.1,2363536,5609709607.62
4,2020-08-20,54.3,54.74,54.16,54.33,54.33,1710138,5432785567.22
4,2020-08-21,54.95,55.41,54.52,54.75,54.75,1855567,5474547464.25
4,2020-08-22,55.11,55.13,54.75,54.81,54.81,1910020,5481436577.12
4,2020-08-23,54.68,54.87,53.95,54.31,54.31,2107464,5430783309.83
4,2020-08-24,52.84,53.15,52.43,52.62,52.62,1916647,5262278422.59
4,2020-08-25,49.86,50.78,49.8,50.28,50.28,2008197,5028301918.21
4,2020-08-26,51.05,51.94,50.89,51.49,51.49,1831711,5148744497.68
4,2020-08-27,49.74,49.98,49.57,49.85,49.85,1618810,4984956711.93
4,2020-08-28,51.29,51.75,51.03,51.38,51.38,2171793,5138389645.79
4,2020-08-29,55.35,55.38,54.57,54.89,54.89,1931950,5488687184.77
4,2020-08-30,55.43,55.56,54.55,55.04,55.04,1654369,5503665234.01
4,2020-08-31,55.25,55.35,54.75,55.32,55.32,1760099,5532157285.89
4,2020-09-01,56.05,56.1,55.66,56.08,56.08,1628804,5608152351.37
4,2020-09-02,54.29,54.64,53.98,54.6,54.6,1783604,5460373026.33
4,2020-09-03,54.68,54.96,54.1,54.55,54.55,1993172,5454975146.1
4,2020-09-04,54.47,55.39,54.24,55.0,55.0,1879505,5500387481.94
4,2020-09-05,56.47,56.84,56.2,56.4,56.4,1664501,5639854779.81
4,2020-09-06,55.88,56.15,55.56,56.03,56.03,2305317,5602506342.33
4,2020-09-07,55.04,55.12,54.86,55.1,55.1,2007318,5510104094.68
4,2020-09-08,56.18,56.57,55.75,55.93,55.93,2263229,5592766218.31
4,2020-09-09,56.83,57.45,56.35,57.29,57.29,1917745,5728998337.0
4,2020-09-10,56.74,57.38,56.55,57.3,57.3,1721804,5729985639.34
4,2020-09-11,57.98,58.02,57.34,57.89,57.89,1605879,5788827401.12
4,2020-09-12,59.27,59.72,58.58,58.94,58.94,2102143,5894002529.42
4,2020-09-13,58.76,59.14,58.24,58.61,58.61,2098233,5861331475.47
4,2020-09-14,59.33,59.79,58.54,59.06,59.06,1812517,5905786595.29
4,2020-09-15,58.79,59.17,58.5,59.12,59.12,1899440,5912310287.66
4,2020-09-16,60.98,61.4,60.66,61.05,61.05,1910735,6104824088.67
4,2020-09-17,60.59,61.53,60.08,61.15,61.15,2267857,6115080077.53
4,2020-09-18,61.76,61.86,61.57,61.64,61.64,2203337,6164378745.4
4,2020-09-19,60.5,60.74,59.79,59.93,59.93,1805022,5992506034.94
4,2020-09-20,60.83,61.22,60.64,60.69,60.69,1756617,6069347539.69
4,2020-09-21,59.69,59.92,59.04,59.22,59.22,2318342,5922116658.82
4,2020-09-22,56.26,56.78,55.69,55.85,55.85,1914105,5585477306.37
4,2020-09-23,55.18,55.61,54.27,54.78,54.78,2120370,5477874292.17
4,2020-09-24,55.18,55.88,55.17,55.43,55.43,1961319,5542622388.83
4,2020-09-25,53.4,53.58,53.16,53.33,53.33,1956434,5333342068.65
4,2020-09-26,54.76,55.23,54.5,54.64,54.64,2374187,5463981545.15
4,2020-09-27,55.22,55.47,55.19,55.2,55.2,2137477,5520122884.25
4,2020-09-28,58.02,58.45,57.58,57.91,57.91,2216013,5791313714.63
4,2020-09-29,58.41,58.99,58.06,58.93,58.93,1763672,5892510642.86
4,2020-09-30,58.29,58.7,58.1,58.38,58.38,1690154,5837653228.37
4,2020-10-01,58.35,58.72,57.9,58.09,58.09,1909961,5809374615.46
4,2020-10-02,59.34,59.66,59.17,59.17,59.17,1685383,5917414179.46
4,2020-10-03,61.29,61.52,60.47,61.05,61.05,2346466,6104777072.66
4,2020-10-04,61.28,61.71,61.07,61.59,61.59,1764466,6158945732.93
4,2020-10-05,63.49,63.71,63.17,63.52,63.52,2207807,6352254888.7
4,2020-10-06,63.91,64.19,63.23,63.63,63.63,2188562,6362586722.17
4,2020-10-07,64.81,65.22,64.44,65.02,65.02,1838887,6502132526.01
4,2020-10-08,69.15,69.7,69.09,69.45,69.45,2151799,6944731760.35
4,2020-10-09,68.74,69.53,68.68,69.36,69.36,1771473,6935747832.16
4,2020-10-10,69.24,70.16,68.9,69.56,69.56,2074606,6955626644.06
4,2020-10-11,68.79,69.42,68.53,69.06,69.06,1842696,6905929360.08
4,2020-10-12,68.06,68.35,67.15,67.39,67.39,1971023,6738926683.57
4,2020-10-13,67.97,68.22,67.12,67.68,67.68,2118264,6768470197.95
4,2020-10-14,70.12,71.27,69.6,70.67,70.67,1783848,7067161908.23
4,2020-10-15,69.64,70.15,69.42,70.05,70.05,2312165,7004767240.84
4,2020-10-16,69.09,69.63,68.43,69.23,69.23,2274849,6923189747.7
4,2020-10-17,69.2,69.77,68.8,69.18,69.18,1773444,6917546217.46
4,2020-10-18,69.17,69.83,68.47,69.07,69.07,1619050,6906764299.96
4,2020-10-19,68.4,68.92,68.26,68.77,68.77,1609888,6876969996.44
4,2020-10-20,67.89,68.2,67.71,67.88,67.88,2263669,6788258111.29
4,2020-10-21,70.21,70.23,70.11,70.2,70.2,2288286,7019919156.26
4,2020-10-22,70.65,71.13,70.39,70.76,70.76,1765082,7076381555.76
4,2020-10-23,71.97,72.53,71.08,71.63,71.63,2357436,7162669535.73
4,2020-10-24,69.85,70.41,69.62,70.08,70.08,1910857,7007831048.91
4,2020-10-25,71.62,71.85,71.16,71.26,71.26,1861887,7125643192.24
4,2020-10-26,71.37,72.2,71.06,71.76,71.76,2387383,7176277429.41
4,2020-10-27,71.07,72.03,70.56,71.68,71.68,2081450,7168155603.73
4,2020-10-28,73.34,73.71,72.65,73.65,73.65,1732205,7364782101.67
4,2020-10-29,73.56,74.17,72.98,73.74,73.74,1993345,7374090296.73
4,2020-10-30,75.4,76.17,75.29,75.95,75.95,2048663,7595142973.63
4,2020-10-31,74.6,74.77,73.61,74.14,74.14,1828273,7414228616.6
4,2020-11-01,74.3,74.65,74.0,74.24,74.24,2389424,7424428922.03
4,2020-11-02,75.5,76.0,74.76,75.54,75.54,2285887,7554144444.2
4,2020-11-03,75.65,76.32,75.11,75.41,75.41,1798814,7540944638.22
4,2020-11-04,78.01,78.34,76.84,77.3,77.3,2093096,7730069854.33
4,2020-11-05,77.2,78.17,76.79,77.59,77.59,2307529,7759376805.21
4,2020-11-06,77.38,78.35,76.95,77.74,77.74,2282145,7774318383.62
4,2020-11-07,75.27,75.76,74.96,75.3,75.3,2095421,7529745703.87
4,2020-11-08,77.03,78.24,76.63,77.49,77.49,2285732,7749368388.31
4,2020-11-09,76.15,76.68,75.84,76.37,76.37,2357429,7637119808.22
4,2020-11-10,79.43,79.86,78.97,79.36,79.36,2344127,7936341882.43
4,2020-11-11,78.84,79.46,78.1,79.36,79.36,1842757,7936333241.16
4,2020-11-12,77.33,77.83,76.85,77.16,77.16,1905136,7716344502.08
4,2020-11-13,78.08,78.36,76.91,77.66,77.66,2054488,7765944061.95
4,2020-11-14,79.6,80.28,78.96,79.09,79.09,1727589,7909379892.89
4,2020-11-15,76.92,77.93,76.89,77.27,77.27,1642830,7727245445.74
4,2020-11-16,74.73,75.58,74.58,75.37,75.37,1772246,7536975235.12
4,2020-11-17,76.81,76.81,76.38,76.71,76.71,1752628,7670936127.5
4,2020-11-18,75.39,75.61,74.88,75.53,75.53,1938532,7552604676.96
4,2020-11-19,77.9,77.9,76.8,77.54,77.54,2301155,7754396096.04
4,2020-11-20,79.94,80.66,79.43,79.44,79.44,1660879,7944147545.74
4,2020-11-21,81.61,81.97,80.41,80.89,80.89,1933989,8089360339.9
4,2020-11-22,84.56,85.39,84.49,84.6,84.6,1617915,8459806891.1
4,2020-11-23,89.34,89.86,88.01,88.82,88.82,2216354,8881873774.22
4,2020-11-24,89.66,89.71,88.51,88.87,88.87,2318817,8887176349.35
4,2020-11-25,91.47,91.59,90.76,90.84,90.84,1841640,9084025028.37
4,2020-11-26,91.21,91.69,90.8,91.05,91.05,1810180,9104563837.75
4,2020-11-27,92.92,93.82,92.47,93.13,93.13,2344100,9313277323.84
4,2020-11-28,91.94,93.49,91.52,92.63,92.63,2309889,9263496285.14
4,2020-11-29,89.99,90.96,89.54,90.87,90.87,2240445,9086803702.98
4,2020-11-30,94.36,94.68,93.35,94.0,94.0,1763732,9400319838.52
4,2020-12-01,96.54,97.44,96.07,96.56,96.56,2335525,9655825594.08
4,2020-12-02,99.02,99.31,98.71,99.12,99.12,2195408,9911530300.5
4,2020-12-03,98.95,99.75,98.18,99.45,99.45,2145462,9944794140.68
4,2020-12-04,98.1,98.67,97.93,98.44,98.44,1624294,9843614948.47
4,2020-12-05,97.25,97.84,96.58,97.34,97.34,2344834,9734179146.2
4,2020-12-06,98.46,99.25,98.15,98.2,98.2,1981203,9819594989.77
4,2020-12-07,94.97,95.92,94.67,95.65,95.65,1611475,9564730706.75
4,2020-12-08,93.39,94.01,93.0,93.35,93.35,1668876,9335105854.02
4,2020-12-09,90.83,91.71,90.81,91.21,91.21,1787842,9121280594.5
4,2020-12-10,93.28,94.47,92.4,94.08,94.08,2295833,9407558434.27
4,2020-12-11,93.68,94.36,92.46,93.03,93.03,2063821,9303259878.14
4,2020-12-12,94.23,94.61,93.42,93.63,93.63,2045955,9363023343.52
4,2020-12-13,100.62,101.19,99.59,100.55,100.55,1816053,10054728007.13
4,2020-12-14,103.22,104.12,101.58,102.4,102.4,2162301,10239858439.43
4,2020-12-15,103.04,103.56,101.57,102.34,102.34,1983779,10233566036.21
4,2020-12-16,97.21,98.17,96.5,97.92,97.92,2185147,9792037648.66
4,2020-12-17,96.39,97.18,95.7,96.84,96.84,1722635,9684495893.99
4,2020-12-18,94.16,94.93,94.07,94.41,94.41,1652126,9440952251.51
4,2020-12-19,93.53,94.2,93.06,93.25,93.25,2142415,9325095539.88
4,2020-12-20,96.77,97.36,95.62,96.03,96.03,1623918,9602719005.83
4,2020-12-21,93.93,95.0,93.27,94.23,94.23,1997938,9423226658.39
4,2020-12-22,96.33,96.76,95.14,95.82,95.82,2264360,9582395875.11
4,2020-12-23,93.02,93.92,92.48,92.77,92.77,1929939,9277229142.5
4,2020-12-24,91.56,92.25,91.06,91.63,91.63,2378325,9162773703.98
4,2020-12-25,91.9,93.64,91.2,92.72,92.72,2061408,9271868262.01
4,2020-12-26,94.84,95.46,93.35,94.16,94.16,1635226,9415845429.65
4,2020-12-27,94.15,94.34,93.38,93.45,93.45,1650408,9345067185.81
4,2020-12-28,92.15,92.91,91.47,91.62,91.62,2215626,9161906459.88
4,2020-12-29,92.69,93.46,92.26,92.65,92.65,1824658,9265241342.99
4,2020-12-30,94.03,94.88,93.55,94.61,94.61,1825254,9461011128.21
4,2020-12-31,98.49,99.06,97.16,97.92,97.92,1983336,9792303693.5
4,2021-01-01,97.69,98.35,96.84,98.3,98.3,2241552,9830096578.57
4,2021-01-02,98.44,98.85,97.2,98.06,98.06,1619530,9806046234.03
4,2021-01-03,97.24,97.65,96.95,97.64,97.64,1817569,9763858939.67
4,2021-01-04,93.16,93.97,92.24,93.09,93.09,2297593,9309105406.3
4,2021-01-05,95.42,96.31,94.89,95.87,95.87,1787854,9586514077.95
4,2021-01-06,97.53,97.78,97.52,97.77,97.77,1958391,9776812946.18
4,2021-01-07,95.49,96.04,95.47,95.57,95.57,1601558,9556928194.03
4,2021-01-08,93.0,93.28,92.73,92.89,92.89,2120145,9288815467.61
4,2021-01-09,95.13,95.53,94.62,95.31,95.31,2298816,9530598791.1
4,2021-01-10,94.78,96.07,94.06,95.43,95.43,2268313,9542920383.27
4,2021-01-11,91.35,92.49,91.28,92.06,92.06,1948275,9206323233.22
4,2021-01-12,88.66,89.11,87.79,88.61,88.61,2361717,8860664807.32
4,2021-01-13,90.12,90.64,89.67,90.03,90.03,1990822,9003072438.23
4,2021-01-14,91.68,92.57,90.93,91.8,91.8,1785216,9180484396.38
4,2021-01-15,90.16,91.36,89.89,90.72,90.72,2278765,9072169955.69
4,2021-01-16,88.75,88.96,88.35,88.35,88.35,1637835,8835388630.54
4,2021-01-17,86.43,86.58,85.97,86.06,86.06,1891227,8606098193.35
4,2021-01-18,84.72,84.8,83.9,84.76,84.76,2078439,8475979289.69
4,2021-01-19,82.28,82.55,81.67,81.93,81.93,1965005,8192882474.71
4,2021-01-20,85.67,86.44,84.93,86.28,86.28,1977980,8627780407.81
4,2021-01-21,84.04,84.77,83.3,84.45,84.45,1731115,8444749508.67
4,2021-01-22,82.16,82.18,81.26,81.86,81.86,2126881,8186239198.44
4,2021-01-23,84.47,85.18,83.67,84.5,84.5,1897017,8449516883.93
4,2021-01-24,79.72,80.33,79.02,79.78,79.78,2040819,7977698840.1
4,2021-01-25,79.72,80.93,79.07,80.19,80.19,1716556,8019063851.05
4,2021-01-26,78.48,79.32,78.0,79.09,79.09,2188155,7909444086.42
4,2021-01-27,78.98,79.68,78.01,78.5,78.5,1877430,7850109032.21
4,2021-01-28,78.01,78.04,77.73,78.01,78.01,1739170,7800583512.07
4,2021-01-29,76.03,77.01,75.67,76.52,76.52,1921423,7651942648.61
4,2021-01-30,71.89,72.04,70.87,71.24,71.24,1973987,7123611410.45
4,2021-01-31,71.27,71.67,70.28,70.94,70.94,1877949,7093759966.45
4,2021-02-01,69.2,70.2,69.0,69.78,69.78,1833959,6977540523.84
4,2021-02-02,65.44,66.24,65.09,65.89,65.89,2251381,6588557303.9
4,2021-02-03,66.43,66.55,65.95,66.26,66.26,2201327,6626311044.67
4,2021-02-04,65.8,66.15,65.25,65.51,65.51,1995608,6551306633.26
4,2021-02-05,67.74,68.19,67.1,67.15,67.15,2033814,6714663416.9
4,2021-02-06,64.45,65.08,64.39,64.5,64.5,1888263,6450467323.27
4,2021-02-07,66.05,66.45,65.63,66.16,66.16,1945369,6616234210.04
4,2021-02-08,65.87,65.9,65.13,65.51,65.51,2081721,6551497708.43
4,2021-02-09,64.47,64.97,64.26,64.67,64.67,2307817,6466819860.28
4,2021-02-10,62.45,63.04,62.43,62.95,62.95,1866243,6294845028.18
4,2021-02-11,63.44,64.53,62.97,63.93,63.93,1886934,6392710991.26
4,2021-02-12,64.06,64.47,63.35,63.88,63.88,1973244,6388247846.02
4,2021-02-13,64.17,64.55,63.39,63.92,63.92,2202962,6392058863.74
4,2021-02-14,61.84,62.8,61.51,62.37,62.37,2289439,6237245114.34
4,2021-02-15,60.16,60.69,59.71,60.01,60.01,1731420,6001232170.81
4,2021-02-16,58.68,58.91,58.24,58.3,58.3,1634204,5829872479.58
4,2021-02-17,56.33,56.74,56.05,56.08,56.08,2005082,5608237638.77
4,2021-02-18,54.21,54.67,53.91,54.52,54.52,2287769,5451684992.77
4,2021-02-19,53.89,54.47,53.61,54.04,54.04,2100050,5404472913.42
4,2021-02-20,52.02,52.79,51.81,52.41,52.41,2079034,5240582287.37
4,2021-02-21,51.46,51.64,51.33,51.46,51.46,2032168,5145883537.7
4,2021-02-22,49.57,49.68,49.19,49.67,49.67,2265610,4967420661.14
4,2021-02-23,51.49,51.74,51.06,51.17,51.17,1727542,5116595589.7
4,2021-02-24,52.28,52.65,51.91,52.03,52.03,2238988,5203481157.84
4,2021-02-25,52.8,52.9,52.33,52.57,52.57,1711617,5256604401.93
4,2021-02-26,52.35,53.01,51.96,52.8,52.8,2253006,5280488804.86
4,2021-02-27,50.84,51.28,50.72,50.74,50.74,1764650,5074419147.45
4,2021-02-28,49.31,49.5,48.97,49.42,49.42,2154571,4942414832.59
4,2021-03-01,49.6,49.92,49.14,49.82,49.82,1665394,4981665708.05
4,2021-03-02,48.45,49.14,48.44,48.92,48.92,1935180,4892088562.53
4,2021-03-03,49.05,49.29,48.86,49.22,49.22,1689503,4922352954.15
4,2021-03-04,44.85,45.2,44.46,44.7,44.7,2001106,4469943765.33
4,2021-03-05,43.06,43.32,42.95,43.25,43.25,1633582,4324562361.1
4,2021-03-06,43.44,43.91,43.2,43.68,43.68,1683052,4368453990.63
4,2021-03-07,44.95,45.07,44.78,44.9,44.9,1603232,4490086805.8
4,2021-03-08,45.05,45.61,44.71,45.47,45.47,2347604,4546661168.44
4,2021-03-09,46.54,46.9,46.36,46.58,46.58,2131709,4657750498.6
4,2021-03-10,47.09,47.6,46.81,47.41,47.41,1731761,4741163382.07
4,2021-03-11,44.98,44.99,44.83,44.97,44.97,1781425,4497423051.02
4,2021-03-12,45.38,45.63,44.89,45.09,45.09,2167802,4508823487.64
4,2021-03-13,43.87,44.35,43.45,43.98,43.98,1867919,4397767976.56
4,2021-03-14,42.77,42.99,42.41,42.83,42.83,1693537,4282652318.43
4,2021-03-15,44.23,44.8,43.99,44.47,44.47,2185483,4446672763.67
4,2021-03-16,42.37,42.69,42.02,42.11,42.11,2237530,4210576690.1
4,2021-03-17,42.93,43.13,42.92,43.06,43.06,2038760,4305860813.97
4,2021-03-18,43.72,43.92,43.48,43.76,43.76,1915968,4376250240.98
4,2021-03-19,43.93,44.24,43.72,44.14,44.14,2125513,4414140587.37
4,2021-03-20,43.83,43.93,43.71,43.83,43.83,1914239,4383464367.9
4,2021-03-21,44.67,44.88,44.11,44.43,44.43,2061615,4443165312.55
4,2021-03-22,43.76,43.82,43.13,43.55,43.55,2199861,4355021056.8
4,2021-03-23,42.75,43.07,42.69,43.02,43.02,2150240,4301903689.11
4,2021-03-24,43.83,44.04,43.27,43.62,43.62,2390360,4361596074.35
4,2021-03-25,44.47,44.48,44.17,44.3,44.3,1780651,4430330528.64
4,2021-03-26,46.06,46.06,45.91,45.93,45.93,2115121,4592879408.81
4,2021-03-27,46.24,46.77,45.87,46.45,46.45,1724560,4645341102.52
4,2021-03-28,47.27,47.47,46.83,47.46,47.46,2155154,4745531749.09
4,2021-03-29,46.56,46.92,46.46,46.57,46.57,2202655,4656581458.01
4,2021-03-30,46.02,46.34,45.56,46.23,46.23,2172961,4623089454.94
4,2021-03-31,47.03,47.09,46.18,46.63,46.63,2314546,4662931162.37
4,2021-04-01,45.49,45.89,44.99,45.09,45.09,2375424,4508920606.9
4,2021-04-02,47.02,47.1,46.21,46.57,46.57,2239948,4656717368.02
4,2021-04-03,47.21,47.44,47.01,47.36,47.36,1996162,4735828951.72
4,2021-04-04,47.2,47.67,46.98,47.17,47.17,2332674,4716880739.16
4,2021-04-05,48.99,49.17,48.69,48.88,48.88,2155949,4887887618.49
4,2021-04-06,49.39,49.77,49.3,49.35,49.35,1845244,4934890546.2
4,2021-04-07,49.28,49.82,49.27,49.57,49.57,2204640,4956911647.34
4,2021-04-08,49.25,49.86,48.99,49.73,49.73,1842286,4972985352.67
4,2021-04-09,47.74,48.18,47.36,47.67,47.67,1767395,4766636140.14
4,2021-04-10,48.8,48.9,48.46,48.53,48.53,2110598,4852603731.44
4,2021-04-11,48.54,48.81,47.99,48.37,48.37,2361240,4837008253.35
4,2021-04-12,49.75,50.01,49.21,49.27,49.27,1752805,4926712912.8
4,2021-04-13,51.33,51.46,50.6,51.0,51.0,1612975,5099630791.94
4,2021-04-14,51.18,51.41,50.89,51.08,51.08,1836627,5108051769.29
4,2021-04-15,51.11,51.58,50.72,51.26,51.26,1765669,5125616901.82
4,2021-04-16,49.95,50.35,49.71,49.96,49.96,2262125,4995687021.66
4,2021-04-17,50.77,51.16,50.39,50.73,50.73,2144385,5073031374.05
4,2021-04-18,51.53,52.39,51.46,51.88,51.88,1653617,5187598672.91
4,2021-04-19,51.13,52.09,51.0,51.63,51.63,1962079,5162652065.1
4,2021-04-20,53.07,53.6,52.54,52.69,52.69,1695162,5269487275.35
4,2021-04-21,53.73,53.79,53.29,53.5,53.5,2355899,5350436274.19
4,2021-04-22,53.1,53.37,52.66,53.0,53.0,2129268,5300394609.99
4,2021-04-23,54.88,54.91,54.05,54.37,54.37,1608454,5436511511.95
4,2021-04-24,53.85,54.61,53.66,54.3,54.3,2078048,5430281730.18
4,2021-04-25,55.46,56.32,55.17,55.85,55.85,1874535,5585015982.67
4,2021-04-26,54.44,54.53,53.84,54.0,54.0,1899932,5399525225.3
4,2021-04-27,53.6,53.74,53.47,53.58,53.58,1843029,5357972331.49
4,2021-04-28,52.07,52.73,51.69,52.53,52.53,2095406,5252960042.2
4,2021-04-29,52.86,53.08,52.5,52.8,52.8,2335644,5279735633.02
4,2021-04-30,53.1,53.94,52.62,53.57,53.57,2108175,5357489268.01
4,2021-05-01,53.68,53.77,53.19,53.35,53.35,2074668,5335252568.14
4,2021-05-02,53.1,53.48,52.39,52.77,52.77,2143293,5277005524.08
4,2021-05-03,52.67,53.48,52.31,53.09,53.09,2381610,5309493311.56
4,2021-05-04,52.66,53.33,52.17,53.03,53.03,1999995,5303276843.41
4,2021-05-05,52.64,53.2,52.64,52.76,52.76,1881197,5275576273.94
4,2021-05-06,53.19,53.94,52.94,53.62,53.62,1804625,5361824972.96
4,2021-05-07,53.74,53.8,53.16,53.27,53.27,1978877,5327205330.69
4,2021-05-08,52.97,53.67,52.65,53.2,53.2,2238265,5320427278.71
4,2021-05-09,52.74,53.02,52.58,52.62,52.62,2202334,5262450895.9
4,2021-05-10,51.76,52.13,51.3,51.78,51.78,2215829,5178428418.18
4,2021-05-11,51.63,52.12,51.35,51.38,51.38,1938161,5137693921.1
4,2021-05-12,49.94,50.24,49.68,50.11,50.11,2069699,5010712043.17
4,2021-05-13,48.99,49.3,48.66,49.05,49.05,2304508,4905099326.99
4,2021-05-14,47.01,47.49,46.66,47.33,47.33,2359297,4732897371.07
4,2021-05-15,46.82,47.13,46.47,46.58,46.58,2147878,4658262373.96
4,2021-05-16,48.36,48.64,48.12,48.37,48.37,2395710,4837467202.24
4,2021-05-17,50.76,51.12,50.63,50.69,50.69,1903973,5069007515.36
4,2021-05-18,49.53,50.46,49.06,49.97,49.97,2370214,4996766385.69
4,2021-05-19,50.04,50.7,49.94,50.48,50.48,2207239,5048113674.32
4,2021-05-20,52.59,52.92,51.93,52.12,52.12,1669462,5211872239.84
4,2021-05-21,52.17,52.33,51.59,52.06,52.06,1801725,5206000897.49
4,2021-05-22,52.11,52.45,52.09,52.29,52.29,1673639,5229250623.57
4,2021-05-23,54.03,54.27,53.52,53.69,53.69,1796311,5369388025.91
4,2021-05-24,55.08,55.97,54.58,55.5,55.5,2264504,5549589029.8
4,2021-05-25,55.84,56.06,55.23,55.35,55.35,2105039,5534523673.05
4,2021-05-26,52.96,53.63,52.7,53.3,53.3,1675204,5330318884.65
4,2021-05-27,52.2,52.22,51.49,51.82,51.82,1903880,5181977962.15
4,2021-05-28,53.24,53.63,52.35,52.84,52.84,1869906,5283654567.22
4,2021-05-29,53.71,54.16,53.7,53.89,53.89,2082886,5388688321.54
4,2021-05-30,53.19,53.55,52.7,53.53,53.53,1975423,5353305688.91
4,2021-05-31,52.42,53.33,52.34,52.94,52.94,1858298,5293720915.43
4,2021-06-01,54.15,55.23,53.67,54.69,54.69,2042100,5468758580.02
4,2021-06-02,56.75,57.12,56.11,56.31,56.31,2163232,5630511056.48
4,2021-06-03,55.94,56.0,55.36,55.87,55.87,1960959,5587415335.77
4,2021-06-04,56.32,56.86,56.01,56.73,56.73,2090973,5673005181.91
4,2021-06-05,57.3,57.61,56.86,57.61,57.61,1675963,5760974653.13
4,2021-06-06,60.14,60.63,59.29,59.57,59.57,2147059,5956550382.15
4,2021-06-07,59.33,59.61,59.04,59.3,59.3,2074743,5930089376.0
4,2021-06-08,60.91,61.23,60.39,60.58,60.58,2140194,6057821207.85
4,2021-06-09,58.0,58.79,57.6,58.41,58.41,1622588,5840962484.17
4,2021-06-10,59.37,59.67,58.55,59.08,59.08,2005035,5907674093.51
4,2021-06-11,57.55,57.71,56.89,57.0,57.0,1655279,5700385024.27
4,2021-06-12,58.35,58.45,57.78,58.41,58.41,1744986,5841451351.18
4,2021-06-13,60.59,60.89,60.39,60.41,60.41,1819792,6040650591.11
4,2021-06-14,63.74,64.19,63.33,63.6,63.6,2052039,6359507468.28
4,2021-06-15,62.03,62.47,61.79,62.37,62.37,2241046,6237382049.52
4,2021-06-16,63.98,64.51,63.3,63.54,63.54,2028530,6353907154.03
4,2021-06-17,65.75,66.21,65.11,66.1,66.1,2179464,6609556178.41
4,2021-06-18,67.34,68.0,66.95,67.18,67.18,1802563,6718066882.07
4,2021-06-19,65.23,65.88,65.02,65.54,65.54,1694134,6554168570.76
4,2021-06-20,66.3,66.92,66.28,66.75,66.75,2013389,6674607634.81
4,2021-06-21,66.1,66.76,66.04,66.64,66.64,1739134,6664452604.95
4,2021-06-22,69.97,70.04,69.29,69.81,69.81,1961380,6981227165.48
4,2021-06-23,69.8,70.98,69.45,70.4,70.4,2282844,7040001809.73
4,2021-06-24,71.94,72.37,70.96,71.44,71.44,1631853,7144293749.46
4,2021-06-25,69.55,70.21,69.47,70.2,70.2,2080896,7020083139.63
4,2021-06-26,74.32,74.74,73.69,74.1,74.1,1941385,7410023427.08
4,2021-06-27,74.69,74.98,73.6,74.06,74.06,2149445,7406128484.66
4,2021-06-28,73.56,74.13,72.77,73.15,73.15,2374851,7315097859.72
4,2021-06-29,73.17,73.34,72.4,72.6,72.6,1661456,7260081653.71
4,2021-06-30,73.83,75.09,73.52,74.49,74.49,1985716,7449373642.58
4,2021-07-01,73.74,74.35,72.75,73.15,73.15,1799234,7315112456.92
4,2021-07-02,71.99,72.33,71.54,71.82,71.82,1909842,7181934936.36
4,2021-07-03,68.58,68.9,68.23,68.59,68.59,2195624,6858749778.65
4,2021-07-04,66.5,67.32,66.33,66.98,66.98,2123097,6697793664.01
4,2021-07-05,66.47,66.95,65.85,66.3,66.3,1741305,6630327411.64
4,2021-07-06,68.77,69.08,68.51,68.81,68.81,1901375,6881277507.77
4,2021-07-07,69.17,69.77,68.57,68.69,68.69,1841821,6868928522.0
4,2021-07-08,72.05,73.04,71.83,72.58,72.58,1778738,7258059866.96
4,2021-07-09,73.89,74.51,73.5,74.33,74.33,2292452,7433192542.86
4,2021-07-10,75.32,76.05,75.08,75.82,75.82,2066855,7582056198.19
4,2021-07-11,75.47,75.6,75.02,75.04,75.04,1994680,7504019644.39
4,2021-07-12,74.34,75.06,73.9,74.15,74.15,2171062,7414504911.59
4,2021-07-13,75.11,75.7,74.04,74.51,74.51,2246734,7450653019.46
4,2021-07-14,72.41,73.08,72.35,72.68,72.68,2358432,7268200116.8
4,2021-07-15,75.52,75.71,74.81,74.82,74.82,1692871,7481960015.55
4,2021-07-16,76.64,77.18,75.97,76.57,76.57,1731546,7657351515.77
4,2021-07-17,75.43,75.68,74.76,75.41,75.41,1705599,7541272763.14
4,2021-07-18,73.9,74.53,73.47,73.94,73.94,2383037,7393672399.72
4,2021-07-19,73.15,73.35,72.27,72.67,72.67,2084164,7266988435.33
4,2021-07-20,74.33,75.11,74.09,74.76,74.76,1618942,7475941664.18
4,2021-07-21,76.34,76.35,75.08,75.6,75.6,1996916,7560485965.92
4,2021-07-22,74.27,74.67,73.97,74.64,74.64,2235469,7464284726.21
4,2021-07-23,75.3,75.36,74.23,74.74,74.74,1943978,7474342088.73
4,2021-07-24,79.98,80.51,78.94,79.69,79.69,2166727,7969268569.9
4,2021-07-25,74.66,75.28,74.37,74.94,74.94,2318151,7494283768.69
4,2021-07-26,73.59,74.41,73.53,73.69,73.69,1894630,7369320269.08
4,2021-07-27,73.83,74.44,73.38,73.64,73.64,2034787,7364470549.68
4,2021-07-28,75.07,75.48,74.79,75.17,75.17,1934899,7517424337.83
4,2021-07-29,73.7,73.81,73.14,73.53,73.53,1626829,7352631176.96
4,2021-07-30,72.53,73.49,72.04,73.25,73.25,1949032,7325472671.64
4,2021-07-31,74.6,74.86,74.01,74.04,74.04,2161638,7404350537.09
4,2021-08-01,74.55,75.23,73.43,74.04,74.04,1653550,7403985275.2
4,2021-08-02,76.31,76.49,75.0,75.69,75.69,1669794,7568911667.21
4,2021-08-03,73.64,74.64,73.43,73.92,73.92,2302224,7392084710.0
4,2021-08-04,74.43,74.63,73.9,74.46,74.46,2131761,7446267215.81
4,2021-08-05,77.41,78.33,77.22,77.9,77.9,1979700,7789644613.1
4,2021-08-06,76.56,76.87,76.18,76.69,76.69,2005690,7669285172.26
4,2021-08-07,75.87,76.41,74.87,75.31,75.31,1794585,7530823539.96
4,2021-08-08,75.32,76.42,75.13,75.83,75.83,2342294,7582740206.2
4,2021-08-09,74.67,75.05,74.02,74.79,74.79,1710021,7479084228.7
4,2021-08-10,74.62,75.68,73.94,75.15,75.15,1619287,7515376156.93
4,2021-08-11,73.13,73.59,72.45,73.23,73.23,1669102,7322989680.33
4,2021-08-12,70.12,70.61,69.94,70.01,70.01,1749432,7001486444.59
4,2021-08-13,75.76,76.09,75.22,75.27,75.27,1757213,7527439956.46
4,2021-08-14,73.68,74.75,73.03,74.27,74.27,2127889,7427434072.04
4,2021-08-15,77.24,77.97,75.98,76.64,76.64,2036735,7664342468.87
4,2021-08-16,75.92,76.38,75.49,75.76,75.76,2045894,7576441064.14
4,2021-08-17,78.54,78.93,77.55,77.91,77.91,1982303,7791079393.56
4,2021-08-18,77.43,78.33,76.79,77.93,77.93,2376692,7793060517.24
4,2021-08-19,78.66,79.28,77.67,78.23,78.23,2125010,7822670659.1
4,2021-08-20,80.06,80.21,79.33,79.43,79.43,2065696,7943149887.28
4,2021-08-21,79.39,80.07,77.94,78.64,78.64,1692679,7864109705.39
4,2021-08-22,79.11,79.54,78.84,78.88,78.88,1631804,7887642945.38
4,2021-08-23,81.27,81.67,80.34,80.87,80.87,1761957,8086848849.56
4,2021-08-24,72.66,73.34,72.54,73.14,73.14,1840274,7313613566.51
4,2021-08-25,74.96,76.15,74.84,75.42,75.42,2197313,7541950518.18
4,2021-08-26,76.77,76.88,75.99,76.6,76.6,1912567,7659655818.62
4,2021-08-27,74.05,74.23,73.42,73.63,73.63,1897486,7363335181.89
4,2021-08-28,72.6,73.13,72.47,72.72,72.72,2008156,7272281130.04
4,2021-08-29,73.1,73.62,72.87,73.18,73.18,1609732,7318073366.63
4,2021-08-30,73.94,74.82,73.86,74.2,74.2,2019650,7419908853.48
4,2021-08-31,75.56,75.68,74.99,75.06,75.06,1812710,7505503719.23
4,2021-09-01,74.87,75.14,74.05,74.27,74.27,2024415,7426576308.15
4,2021-09-02,78.35,78.7,78.08,78.35,78.35,1842675,7834616661.4
4,2021-09-03,81.01,81.79,80.22,80.44,80.44,2249169,8043820757.96
4,2021-09-04,82.4,82.73,81.49,82.05,82.05,1855623,8204755823.96
4,2021-09-05,82.89,83.67,81.82,82.51,82.51,1794940,8250871556.32
4,2021-09-06,83.18,83.85,82.13,82.51,82.51,1984311,8251211432.43
4,2021-09-07,80.3,81.51,79.89,81.08,81.08,1770848,8108236396.23
4,2021-09-08,78.41,79.17,77.66,78.37,78.37,2131229,7837095905.77
4,2021-09-09,77.47,77.87,76.85,77.59,77.59,1982620,7759246000.89
4,2021-09-10,75.6,76.04,74.92,75.57,75.57,1771297,7556708037.95
4,2021-09-11,75.3,75.63,74.76,74.98,74.98,1737934,7497922957.94
4,2021-09-12,74.83,75.87,74.56,75.51,75.51,2042426,7550560693.29
4,2021-09-13,77.52,77.71,77.07,77.11,77.11,2101623,7710723967.81
4,2021-09-14,75.6,75.6,74.37,75.07,75.07,2286954,7507214333.36
4,2021-09-15,71.96,72.33,71.79,72.32,72.32,1656734,7232326940.81
4,2021-09-16,73.72,74.71,73.6,74.26,74.26,2133665,7425755707.02
4,2021-09-17,78.53,78.87,78.5,78.85,78.85,2286276,7884643644.51
4,2021-09-18,79.65,81.0,79.39,80.41,80.41,1716322,8041054718.66
4,2021-09-19,79.72,80.21,79.15,79.8,79.8,2208414,7979806096.15
4,2021-09-20,82.19,82.66,81.73,82.56,82.56,1982150,8256403128.83
4,2021-09-21,81.52,81.92,80.78,81.28,81.28,2391893,8128100788.31
4,2021-09-22,77.5,78.07,76.89,77.43,77.43,1658072,7743187134.19
4,2021-09-23,81.88,82.24,80.94,81.28,81.28,1731786,8127651607.75
4,2021-09-24,82.5,82.98,82.01,82.07,82.07,2101552,8206746511.64
4,2021-09-25,84.56,84.6,83.3,83.8,83.8,1930806,8379806046.23
4,2021-09-26,85.37,85.78,85.29,85.5,85.5,2100498,8549516192.92
4,2021-09-27,82.93,84.1,82.31,83.59,83.59,2350086,8359149596.1
4,2021-09-28,89.73,90.54,88.89,89.26,89.26,2262380,8925550700.95
4,2021-09-29,87.33,87.79,86.82,87.44,87.44,1925113,8744073735.17
4,2021-09-30,86.53,87.18,85.95,86.39,86.39,2201896,8638944113.76
4,2021-10-01,85.29,86.68,84.56,86.07,86.07,1634327,8606963933.39
4,2021-10-02,85.46,86.37,84.95,85.57,85.57,1856390,8557170430.19
4,2021-10-03,87.45,88.11,86.65,87.8,87.8,1915703,8780380054.65
4,2021-10-04,89.39,90.26,87.88,88.68,88.68,1754084,8868224639.11
4,2021-10-05,88.88,89.92,88.46,89.04,89.04,2181196,8903870608.79
4,2021-10-06,88.78,89.25,88.4,88.68,88.68,1898945,8868420670.49
4,2021-10-07,88.36,88.91,87.52,87.88,87.88,1959862,8787624357.59
4,2021-10-08,88.16,89.36,87.54,88.6,88.6,2269097,8859697787.67
4,2021-10-09,92.72,93.92,92.54,93.48,93.48,1779776,9348188200.21
4,2021-10-10,95.19,96.38,94.31,95.74,95.74,2326006,9574345171.31
4,2021-10-11,92.88,93.69,91.91,92.6,92.6,1983492,9260390527.93
4,2021-10-12,92.3,92.79,90.93,91.62,91.62,2359510,9162253199.2
4,2021-10-13,90.57,91.23,89.72,90.77,90.77,2007637,9076580909.79
4,2021-10-14,89.38,89.5,88.56,88.72,88.72,1925225,8871505765.96
4,2021-10-15,85.91,86.69,84.89,85.72,85.72,2297496,8571544441.55
4,2021-10-16,84.01,84.71,83.31,83.75,83.75,2108275,8375199107.65
4,2021-10-17,84.13,84.75,83.85,84.04,84.04,1793072,8403555266.69
4,2021-10-18,80.78,81.29,80.01,81.0,81.0,2017006,8099721970.95
4,2021-10-19,84.63,84.86,83.73,84.21,84.21,1997706,8420905670.25
4,2021-10-20,84.16,84.56,82.72,83.51,83.51,1660044,8350610627.43
4,2021-10-21,83.82,84.8,83.46,84.02,84.02,2079857,8401938720.56
4,2021-10-22,86.56,86.94,86.0,86.49,86.49,1933853,8649163852.31
4,2021-10-23,85.81,86.19,84.66,85.16,85.16,2049349,8516162886.67
4,2021-10-24,84.49,85.1,84.28,85.1,85.1,2163579,8510006225.66
4,2021-10-25,84.58,84.76,83.72,83.9,83.9,2221638,8389544513.64
4,2021-10-26,84.0,84.55,83.35,84.54,84.54,2218334,8453963836.6
4,2021-10-27,84.64,85.42,84.24,85.17,85.17,1631958,8517214811.87
4,2021-10-28,88.0,88.22,86.57,87.21,87.21,1821911,8720715668.41
4,2021-10-29,83.28,83.41,82.61,83.35,83.35,1824666,8335382360.16
4,2021-10-30,81.85,82.86,81.79,82.27,82.27,2120133,8226813154.33
4,2021-10-31,83.39,83.78,82.02,82.62,82.62,2389343,8261701949.75
4,2021-11-01,82.83,83.2,82.46,83.04,83.04,1873186,8304446982.01
4,2021-11-02,83.67,84.12,82.91,83.46,83.46,2269059,8345984446.65
4,2021-11-03,81.08,82.16,80.85,81.71,81.71,2084236,8170889765.29
4,2021-11-04,79.14,80.12,78.6,79.92,79.92,2335461,7992414286.68
4,2021-11-05,78.28,79.1,77.58,78.7,78.7,2284303,7869963582.68
4,2021-11-06,76.83,77.37,76.69,77.02,77.02,1975929,7702249404.49
4,2021-11-07,80.32,80.61,79.42,80.11,80.11,1990230,8010632650.76
4,2021-11-08,81.12,81.51,80.49,81.34,81.34,2205934,8133938965.47
4,2021-11-09,84.19,84.4,84.03,84.21,84.21,2271606,8421372104.13
4,2021-11-10,84.78,85.69,84.4,85.25,85.25,2071648,8524563508.38
4,2021-11-11,84.17,84.91,83.31,84.04,84.04,2048150,8404105304.16
4,2021-11-12,83.27,83.9,82.8,83.39,83.39,2145747,8339025445.59
4,2021-11-13,83.6,83.73,82.81,83.35,83.35,2079473,8334755648.62
4,2021-11-14,84.29,85.16,84.25,84.56,84.56,2228652,8456264142.64
4,2021-11-15,82.91,83.64,82.72,83.06,83.06,1709813,8305851172.31
4,2021-11-16,84.34,84.64,83.79,84.2,84.2,1869660,8419528944.29
4,2021-11-17,86.93,87.34,86.16,86.77,86.77,2153139,8676537212.06
4,2021-11-18,83.33,83.82,83.08,83.81,83.81,2380181,8381446069.27
4,2021-11-19,83.61,84.27,83.03,83.2,83.2,2026191,8319919457.26
4,2021-11-20,83.92,84.51,82.63,83.23,83.23,2093093,8323051931.22
4,2021-11-21,83.77,84.66,83.76,84.47,84.47,1650347,8447195026.64
4,2021-11-22,83.01,83.29,81.86,82.54,82.54,2103297,8253886669.11
4,2021-11-23,84.59,85.37,84.3,85.22,85.22,2347328,8522227462.63
4,2021-11-24,81.96,82.04,81.24,81.53,81.53,2299801,8153053008.6
4,2021-11-25,79.94,79.99,78.66,79.4,79.4,2075547,7940396079.35
4,2021-11-26,78.11,78.57,77.18,77.68,77.68,1782273,7767700253.3
4,2021-11-27,75.28,75.37,74.27,74.9,74.9,2341455,7489866163.16
4,2021-11-28,76.71,77.24,75.96,76.12,76.12,1859331,7611678222.65
4,2021-11-29,79.26,79.76,79.21,79.37,79.37,1791531,7937005874.98
4,2021-11-30,78.76,80.25,78.08,79.51,79.51,1753013,7951448323.2
4,2021-12-01,83.41,83.6,83.27,83.37,83.37,2377872,8336752818.47
4,2021-12-02,80.63,81.41,80.16,80.62,80.62,1753477,8062263640.18
4,2021-12-03,79.77,80.28,78.77,79.15,79.15,1867998,7915061215.59
4,2021-12-04,79.57,79.8,78.89,78.99,78.99,2140880,7898854421.58
4,2021-12-05,81.89,82.36,80.59,81.31,81.31,1822817,8130883461.71
4,2021-12-06,76.74,77.35,76.33,76.55,76.55,2078208,7654722070.32
4,2021-12-07,76.69,77.24,76.5,76.61,76.61,2135747,7660511424.81
4,2021-12-08,78.11,78.37,77.33,77.41,77.41,1750682,7741403222.75
4,2021-12-09,79.8,79.87,79.01,79.79,79.79,2090442,7978806276.88
4,2021-12-10,74.66,75.78,74.22,75.31,75.31,2229514,7531236867.96
4,2021-12-11,75.81,76.84,75.58,76.15,76.15,2241795,7614647141.12
4,2021-12-12,79.08,80.46,78.78,79.72,79.72,2150665,7971783330.59
4,2021-12-13,74.84,75.77,74.39,75.47,75.47,1751972,7547399290.7
4,2021-12-14,78.45,79.37,77.8,79.15,79.15,2148783,7914931413.79
4,2021-12-15,78.77,80.12,78.7,79.44,79.44,2170096,7944188146.79
4,2021-12-16,78.78,78.9,78.55,78.6,78.6,2042322,7859927513.01
4,2021-12-17,80.22,80.79,79.97,80.68,80.68,1763571,8068238535.09
4,2021-12-18,86.42,86.98,85.4,85.92,85.92,1970152,8592265620.73
4,2021-12-19,86.7,87.26,86.34,86.85,86.85,2016090,8684858180.95
4,2021-12-20,85.03,86.44,84.86,85.88,85.88,1693768,8587798013.85
4,2021-12-21,87.83,88.58,87.09,87.15,87.15,2178194,8715267422.22
4,2021-12-22,87.34,87.58,86.53,87.15,87.15,1833168,8715268000.77
4,2021-12-23,85.21,85.49,85.03,85.05,85.05,1797621,8504789262.15
4,2021-12-24,83.95,84.3,82.91,83.39,83.39,2078504,8339367475.88
4,2021-12-25,85.5,86.23,84.55,84.86,84.86,2106755,8486310301.91
4,2021-12-26,86.15,86.43,85.37,86.26,86.26,1869897,8626102008.01
4,2021-12-27,84.3,84.83,84.28,84.81,84.81,2309818,8481088520.44
4,2021-12-28,87.72,88.33,87.42,88.05,88.05,2247661,8804941814.82
4,2021-12-29,90.93,90.98,89.76,90.6,90.6,1899998,9059952115.47
4,2021-12-30,91.27,91.85,90.47,91.78,91.78,1913304,9178024882.22
4,2021-12-31,91.04,91.41,89.76,90.39,90.39,2173633,9039420366.1
4,2022-01-01,92.66,93.49,92.21,93.01,93.01,2345987,9300515329.76
4,2022-01-02,93.19,94.3,93.03,93.46,93.46,1967263,9346287503.0
4,2022-01-03,94.36,94.55,93.7,94.07,94.07,1873119,9406782765.63
4,2022-01-04,92.27,92.49,90.84,91.45,91.45,1803780,9144992512.11
4,2022-01-05,91.46,92.12,90.25,90.66,90.66,1657640,9066360456.08
4,2022-01-06,94.56,95.21,93.87,94.43,94.43,1699543,9442586673.25
4,2022-01-07,93.31,93.89,93.28,93.69,93.69,1901249,9368731971.07
4,2022-01-08,94.85,96.56,94.2,95.73,95.73,2040546,9572883851.56
4,2022-01-09,99.13,99.6,97.58,98.44,98.44,1914464,9844020592.67
4,2022-01-10,102.04,103.28,101.33,102.33,102.33,1653237,10233260202.17
4,2022-01-11,103.52,103.66,102.84,103.45,103.45,2249592,10344676837.04
4,2022-01-12,98.96,99.38,98.02,99.33,99.33,1803848,9932776371.46
4,2022-01-13,101.88,102.24,101.0,101.52,101.52,1996044,10152180467.08
4,2022-01-14,102.74,103.73,102.12,102.38,102.38,2347800,10238263483.63
4,2022-01-15,103.51,104.71,102.78,103.72,103.72,2040515,10372009855.73
4,2022-01-16,103.32,105.22,102.81,104.27,104.27,2256926,10427432341.59
4,2022-01-17,109.65,110.94,108.73,110.42,110.42,2008894,11042031502.46
4,2022-01-18,105.56,106.88,105.55,106.59,106.59,1936394,10658853345.02
4,2022-01-19,111.53,112.57,110.19,110.86,110.86,1812560,11086279998.91
4,2022-01-20,108.73,110.28,107.88,109.27,109.27,2385262,10926710190.56
4,2022-01-21,115.03,115.85,113.64,114.06,114.06,2102490,11406477754.44
4,2022-01-22,116.49,116.53,115.54,115.99,115.99,1991647,11599132555.91
4,2022-01-23,111.57,112.79,110.83,112.64,112.64,1686463,11263956683.01
4,2022-01-24,112.42,113.53,111.36,111.75,111.75,1949737,11174865752.57
4,2022-01-25,112.83,114.4,111.97,113.58,113.58,1850513,11358220295.83
4,2022-01-26,113.09,115.01,112.17,114.03,114.03,1711781,11403220318.55
4,2022-01-27,113.69,114.3,113.37,113.67,113.67,1698333,11367204592.18
4,2022-01-28,113.56,113.98,112.58,112.63,112.63,2208099,11263358528.09
4,2022-01-29,113.28,113.8,113.13,113.49,113.49,2395351,11349193441.97
4,2022-01-30,108.88,109.96,107.83,108.19,108.19,1632827,10819062531.38
4,2022-01-31,112.71,113.15,111.21,112.22,112.22,1656223,11222105399.5
4,2022-02-01,108.23,108.71,107.4,108.1,108.1,1685969,10809581706.43
4,2022-02-02,107.8,108.2,107.04,107.86,107.86,2028178,10785985919.72
4,2022-02-03,107.86,108.64,106.1,107.16,107.16,1701937,10715761897.55
4,2022-02-04,109.43,109.82,108.05,108.85,108.85,1676712,10884825322.07
4,2022-02-05,107.0,108.71,106.43,107.86,107.86,2194418,10785907028.14
4,2022-02-06,110.82,111.06,110.48,110.51,110.51,1938611,11051081884.64
4,2022-02-07,106.82,107.57,105.89,106.97,106.97,1631949,10696546982.24
4,2022-02-08,107.68,108.15,106.34,107.14,107.14,2128237,10713783768.92
4,2022-02-09,108.61,109.66,107.92,109.26,109.26,1647903,10925870789.9
4,2022-02-10,108.24,109.28,107.4,108.35,108.35,1689145,10835367656.91
4,2022-02-11,111.01,111.84,110.25,111.48,111.48,2381469,11148024193.26
4,2022-02-12,107.75,109.13,107.0,108.16,108.16,2175657,10815837138.39
4,2022-02-13,109.86,110.69,107.78,108.8,108.8,1827350,10879990379.2
4,2022-02-14,109.62,111.42,109.1,110.68,110.68,1792544,11068022131.96
4,2022-02-15,108.42,109.69,107.49,108.75,108.75,1776350,10874847346.57
4,2022-02-16,108.67,109.41,107.76,108.95,108.95,2082929,10895300799.3
4,2022-02-17,107.82,109.26,107.63,108.23,108.23,2201381,10823435406.15
4,2022-02-18,111.11,112.03,110.18,111.67,111.67,2342281,11166591732.84
4,2022-02-19,115.62,116.0,114.4,115.02,115.02,1882841,11501509471.77
4,2022-02-20,113.33,114.14,111.49,112.56,112.56,1789089,11255697893.01
4,2022-02-21,112.94,114.0,111.88,112.51,112.51,1618363,11250720401.02
4,2022-02-22,113.74,113.78,112.6,113.42,113.42,2067296,11342094716.34
4,2022-02-23,114.56,115.47,112.98,113.64,113.64,2209880,11364137413.92
4,2022-02-24,113.93,115.16,113.24,114.43,114.43,1737473,11442880636.53
4,2022-02-25,111.83,112.84,111.13,112.61,112.61,2373119,11260653185.65
4,2022-02-26,112.31,112.68,111.02,111.56,111.56,1906617,11156262009.43
4,2022-02-27,110.88,111.13,109.48,109.91,109.91,2033369,10990568137.24
4,2022-02-28,114.76,115.8,112.96,113.84,113.84,1613952,11384081291.11
4,2022-03-01,114.93,115.59,114.49,115.56,115.56,1728316,11556013334.85
4,2022-03-02,117.23,117.28,115.87,116.85,116.85,2056992,11685212894.46
4,2022-03-03,114.14,115.22,113.38,114.72,114.72,2091305,11472104335.56
4,2022-03-04,109.02,110.42,108.18,109.98,109.98,2379268,10997983688.58
4,2022-03-05,105.38,105.81,104.07,104.51,104.51,2247640,10450905440.92
4,2022-03-06,104.82,105.78,103.98,105.31,105.31,1699650,10531359970.35
4,2022-03-07,105.93,106.05,105.04,105.7,105.7,1796954,10570175623.56
4,2022-03-08,105.91,106.84,105.36,105.85,105.85,1925121,10585119781.61
4,2022-03-09,101.82,102.5,100.92,102.27,102.27,1793619,10226783287.99
4,2022-03-10,100.96,102.38,100.48,101.59,101.59,2087685,10159313179.15
4,2022-03-11,98.22,98.87,97.38,98.51,98.51,2313508,9851383836.13
4,2022-03-12,103.64,104.57,102.49,102.82,102.82,2334100,10282378181.03
4,2022-03-13,104.9,104.92,103.57,103.96,103.96,1823576,10395733161.35
4,2022-03-14,102.73,103.52,102.1,103.2,103.2,1602534,10320294082.72
4,2022-03-15,104.47,105.36,103.54,104.6,104.6,2136929,10460357801.73
4,2022-03-16,102.75,103.02,101.72,101.87,101.87,1948154,10186946363.28
4,2022-03-17,102.64,104.07,102.52,103.49,103.49,2288716,10348751311.76
4,2022-03-18,101.97,103.04,101.14,102.42,102.42,2279671,10242202240.04
4,2022-03-19,101.02,101.28,100.25,100.49,100.49,1956932,10049236293.02
4,2022-03-20,100.86,101.2,99.52,99.96,99.96,1785744,9996220119.65
4,2022-03-21,101.11,101.71,100.38,100.7,100.7,2277825,10069701386.72
4,2022-03-22,104.0,104.98,103.52,104.96,104.96,1926827,10496484175.13
4,2022-03-23,105.25,106.73,105.02,106.03,106.03,1955306,10602700293.06
4,2022-03-24,102.58,102.7,102.45,102.48,102.48,1720308,10247697924.43
4,2022-03-25,100.83,102.71,100.68,101.74,101.74,2310494,10173881505.16
4,2022-03-26,100.05,101.35,99.58,100.84,100.84,2280469,10083755749.28
4,2022-03-27,102.23,103.19,100.52,101.31,101.31,2200555,10131341522.87
4,2022-03-28,98.56,99.78,97.96,98.84,98.84,1618421,9884002800.73
4,2022-03-29,104.57,104.81,104.36,104.41,104.41,2212044,10440701110.52
4,2022-03-30,103.94,104.18,103.07,104.06,104.06,1764103,10405894573.97
4,2022-03-31,104.0,105.87,103.85,104.99,104.99,2138648,10499390882.82
4,2022-04-01,105.19,106.5,104.86,105.9,105.9,1949320,10589885258.48
4,2022-04-02,106.72,108.34,106.29,107.41,107.41,2300117,10741275199.99
4,2022-04-03,104.08,105.23,103.7,104.32,104.32,1873830,10432211390.09
4,2022-04-04,104.36,105.33,103.27,103.42,103.42,1616572,10342125320.09
4,2022-04-05,103.89,104.12,103.61,104.12,104.12,2006047,10411620073.37
4,2022-04-06,103.75,104.58,103.41,103.55,103.55,1910320,10355274326.31
4,2022-04-07,105.53,105.98,104.17,104.97,104.97,1953751,10496544926.1
4,2022-04-08,108.64,109.18,107.84,108.91,108.91,1764375,10891464996.51
4,2022-04-09,109.45,110.8,108.43,109.78,109.78,1715612,10978335113.64
4,2022-04-10,109.11,110.55,108.63,109.68,109.68,1661885,10967566509.87
4,2022-04-11,109.97,110.48,109.19,109.44,109.44,2269551,10943788580.42
4,2022-04-12,111.06,112.21,110.22,111.73,111.73,2146622,11173176496.85
4,2022-04-13,115.73,116.8,115.68,116.24,116.24,1734705,11623755594.98
4,2022-04-14,119.62,120.8,118.38,118.86,118.86,1923205,11886406144.83
4,2022-04-15,123.07,123.38,121.43,122.37,122.37,1774342,12236822667.61
4,2022-04-16,127.74,128.15,126.57,127.26,127.26,1882612,12726432374.73
4,2022-04-17,127.77,128.31,125.74,126.81,126.81,1819313,12680800977.51
4,2022-04-18,123.4,123.64,122.47,123.18,123.18,2171947,12318222774.16
4,2022-04-19,114.58,115.94,114.49,115.46,115.46,2318762,11545609365.83
4,2022-04-20,114.99,116.4,114.64,115.92,115.92,1903555,11592025244.45
4,2022-04-21,115.99,116.6,114.58,115.39,115.39,2302184,11539139096.97
4,2022-04-22,116.78,118.45,116.16,117.35,117.35,2368524,11734692259.43
4,2022-04-23,115.17,116.88,115.16,116.1,116.1,2149193,11610153477.43
4,2022-04-24,119.19,119.48,118.44,119.25,119.25,2050647,11924695863.97
4,2022-04-25,119.95,120.56,118.6,119.2,119.2,2116381,11919523019.7
4,2022-04-26,121.45,122.52,119.46,120.41,120.41,1651755,12040895724.06
4,2022-04-27,120.99,122.2,120.4,121.66,121.66,2170455,12165910204.76
4,2022-04-28,116.91,117.95,115.66,116.14,116.14,1617503,11614290196.82
4,2022-04-29,116.29,117.87,115.13,117.4,117.4,2057325,11740399552.75
4,2022-04-30,113.22,114.61,112.86,114.13,114.13,1887616,11412656168.92
4,2022-05-01,113.93,114.31,112.87,113.64,113.64,1616395,11363712901.06
4,2022-05-02,112.28,113.5,111.51,113.34,113.34,1949033,11334465280.36
4,2022-05-03,113.66,114.92,112.51,114.67,114.67,1956262,11467179393.26
4,2022-05-04,113.5,114.45,113.29,113.65,113.65,1939310,11365386776.67
4,2022-05-05,117.49,118.9,116.78,117.93,117.93,1949889,11792632651.45
4,2022-05-06,119.83,120.77,119.14,120.1,120.1,1878584,12009861604.66
4,2022-05-07,118.75,119.6,117.85,119.13,119.13,1815297,11912645996.74
4,2022-05-08,115.68,116.81,115.34,115.72,115.72,2329278,11572351037.21
4,2022-05-09,119.85,120.5,119.67,119.74,119.74,1807887,11973795016.44
4,2022-05-10,118.32,118.89,117.14,118.56,118.56,1726478,11856423294.17
4,2022-05-11,121.09,121.5,120.01,120.67,120.67,1775309,12066648956.53
4,2022-05-12,120.47,121.53,119.46,119.65,119.65,2068395,11965432414.09
4,2022-05-13,114.85,116.61,113.86,115.91,115.91,2013735,11591253972.34
4,2022-05-14,112.12,113.22,111.41,112.38,112.38,2024749,11238437572.45
4,2022-05-15,110.09,111.03,108.88,109.63,109.63,1756569,10963482672.38
4,2022-05-16,107.68,108.96,107.6,108.73,108.73,1629034,10872707346.76
4,2022-05-17,112.05,113.87,111.42,112.92,112.92,1905155,11292497245.06
4,2022-05-18,114.58,115.69,114.05,114.15,114.15,1638382,11414607734.06
4,2022-05-19,118.16,118.76,116.52,117.21,117.21,1782864,11721137735.43
4,2022-05-20,116.78,117.75,116.16,116.3,116.3,2165683,11629854995.48
4,2022-05-21,115.98,116.58,115.39,116.09,116.09,1727002,11609162060.8
4,2022-05-22,121.19,121.85,118.98,120.12,120.12,2092359,12012387448.66
4,2022-05-23,122.64,123.46,121.13,121.87,121.87,2042259,12187451687.29
4,2022-05-24,119.58,120.61,118.45,119.43,119.43,1800312,11942970546.92
4,2022-05-25,115.77,116.26,113.99,114.92,114.92,2020203,11491773341.15
4,2022-05-26,112.89,113.43,112.33,113.43,113.43,1804116,11342549388.83
4,2022-05-27,113.65,114.67,113.55,114.17,114.17,1719223,11416529457.09
4,2022-05-28,112.6,113.97,112.43,113.08,113.08,1713307,11308313209.77
4,2022-05-29,115.39,116.33,114.85,114.98,114.98,1948715,11497906114.04
4,2022-05-30,115.1,116.72,114.28,115.68,115.68,2296806,11568099251.23
4,2022-05-31,119.55,119.81,118.61,119.76,119.76,1748816,11975829723.05
4,2022-06-01,123.8,124.38,122.25,123.36,123.36,1927571,12336054610.89
4,2022-06-02,120.42,121.37,118.91,119.53,119.53,1733303,11953013129.18
4,2022-06-03,115.72,116.83,114.95,116.58,116.58,1653423,11658091542.61
4,2022-06-04,120.91,121.88,119.38,119.84,119.84,2297448,11983642933.39
4,2022-06-05,119.43,119.84,118.54,118.74,118.74,2096755,11874133064.26
4,2022-06-06,119.45,119.73,118.25,118.49,118.49,2058087,11849450267.32
4,2022-06-07,118.48,118.51,116.46,117.38,117.38,2226480,11737923269.02
4,2022-06-08,117.89,118.05,116.27,116.91,116.91,2297462,11691212388.31
4,2022-06-09,116.23,116.83,116.17,116.75,116.75,2293445,11675396401.04
4,2022-06-10,116.16,117.02,115.08,116.53,116.53,2192875,11652861923.44
4,2022-06-11,122.25,123.12,120.18,121.25,121.25,1830594,12125470825.97
4,2022-06-12,118.5,119.24,117.66,118.23,118.23,1976198,11823415337.95
4,2022-06-13,113.52,114.87,112.59,113.75,113.75,1938611,11374790931.11
4,2022-06-14,117.97,118.63,117.55,118.51,118.51,1734340,11851449285.7
4,2022-06-15,116.91,117.16,115.96,117.14,117.14,1613745,11713953938.98
4,2022-06-16,119.23,120.47,118.16,120.26,120.26,2369073,12025705393.07
4,2022-06-17,115.0,116.09,113.61,114.75,114.75,2082107,11475247697.37
4,2022-06-18,111.42,112.52,109.93,110.62,110.62,1661637,11062360740.56
4,2022-06-19,108.74,109.58,107.72,108.1,108.1,2218269,10810064686.52
4,2022-06-20,111.81,111.84,111.02,111.39,111.39,1815235,11139375936.35
4,2022-06-21,111.38,112.44,110.36,112.18,112.18,2226514,11217644726.49
4,2022-06-22,114.92,115.17,114.65,114.84,114.84,2027162,11484332220.88
4,2022-06-23,109.9,111.04,109.6,110.49,110.49,2223247,11048566676.57
4,2022-06-24,109.4,111.18,109.04,110.37,110.37,2042750,11037309538.37
4,2022-06-25,112.55,112.87,111.57,112.21,112.21,1895144,11220936976.25
4,2022-06-26,109.81,110.91,108.82,109.89,109.89,1743139,10989123111.87
4,2022-06-27,105.72,106.73,105.19,106.59,106.59,2026925,10659268885.73
4,2022-06-28,105.08,106.5,104.08,105.83,105.83,1749445,10582603827.49
4,2022-06-29,104.87,105.26,103.22,103.84,103.84,2229526,10383792337.61
4,2022-06-30,101.18,102.19,101.1,101.78,101.78,1860382,10177539113.9
4,2022-07-01,106.49,106.76,105.74,106.07,106.07,1737435,10607336720.44
4,2022-07-02,113.6,114.07,113.23,113.45,113.45,1817869,11344645696.52
4,2022-07-03,113.32,113.46,112.65,112.77,112.77,2250644,11276704910.69
4,2022-07-04,109.74,110.69,109.25,110.17,110.17,2000730,11017025206.92
4,2022-07-05,112.53,113.22,111.34,112.06,112.06,2315870,11205821983.77
4,2022-07-06,108.9,109.77,108.56,109.29,109.29,1915044,10928755361.37
4,2022-07-07,113.23,114.14,111.96,112.14,112.14,1733601,11214320969.72
4,2022-07-08,110.95,111.9,110.06,110.88,110.88,1975253,11087953333.63
4,2022-07-09,109.44,110.5,108.88,110.06,110.06,2277229,11006166277.75
4,2022-07-10,112.19,112.75,110.5,111.27,111.27,1793540,11127331212.5
4,2022-07-11,111.52,113.03,111.24,112.4,112.4,2087175,11239669607.09
4,2022-07-12,117.35,117.98,117.33,117.92,117.92,1893752,11791835150.49
4,2022-07-13,113.92,115.03,113.79,115.02,115.02,2226525,11502093148.37
4,2022-07-14,113.97,114.31,112.73,112.87,112.87,1969924,11287060903.9
4,2022-07-15,111.0,111.95,110.15,110.9,110.9,1963955,11090097333.51
4,2022-07-16,112.9,113.72,111.67,112.42,112.42,2168167,11241573427.89
4,2022-07-17,108.28,109.21,106.86,107.48,107.48,2170743,10747951603.46
4,2022-07-18,113.4,113.4,111.56,112.68,112.68,1729669,11268021735.77
4,2022-07-19,109.33,110.55,108.37,110.03,110.03,2084808,11002930125.89
4,2022-07-20,108.9,110.14,108.71,109.71,109.71,1633818,10970561416.66
4,2022-07-21,105.24,105.92,104.19,105.52,105.52,2386285,10552437477.4
4,2022-07-22,103.83,104.91,103.24,104.37,104.37,1708723,10437176266.39
4,2022-07-23,102.77,104.13,102.45,103.34,103.34,1829761,10334341284.77
4,2022-07-24,103.82,104.78,102.97,103.96,103.96,2023114,10395641941.87
4,2022-07-25,105.12,105.92,104.13,105.56,105.56,1991965,10556452685.88
4,2022-07-26,109.86,110.87,108.69,109.27,109.27,2203406,10926841126.5
4,2022-07-27,107.85,109.36,107.01,108.72,108.72,2040252,10872140182.5
4,2022-07-28,109.68,110.41,107.77,108.84,108.84,2180987,10883844972.71
4,2022-07-29,107.48,109.41,106.6,108.43,108.43,2311034,10843093875.96
4,2022-07-30,110.95,111.79,109.49,110.11,110.11,1973296,11011497650.03
4,2022-07-31,108.4,109.82,108.01,109.23,109.23,2117882,10923442870.67
4,2022-08-01,111.98,112.0,110.17,111.07,111.07,2015724,11107050394.32
4,2022-08-02,114.17,115.07,113.03,113.18,113.18,2229107,11317958321.72
4,2022-08-03,118.38,118.85,116.85,117.24,117.24,2061977,11724259966.11
4,2022-08-04,121.72,122.73,120.28,121.42,121.42,2270102,12142162316.32
4,2022-08-05,120.8,121.83,119.89,120.48,120.48,1924158,12047734012.32
4,2022-08-06,123.83,124.75,123.83,124.54,124.54,1801143,12453613272.59
4,2022-08-07,122.11,123.1,121.42,122.74,122.74,2349496,12273684901.36
4,2022-08-08,123.54,124.62,123.47,123.79,123.79,1733516,12378943686.42
4,2022-08-09,123.42,124.19,123.33,123.82,123.82,2286341,12381964731.58
4,2022-08-10,121.51,122.34,120.41,120.55,120.55,1700991,12055256088.22
4,2022-08-11,118.67,119.56,117.27,118.19,118.19,1629133,11819058159.85
4,2022-08-12,123.33,123.92,123.32,123.39,123.39,1658733,12338650736.06
4,2022-08-13,123.21,125.09,122.08,123.95,123.95,2395771,12394783743.28
4,2022-08-14,127.39,128.5,124.9,126.16,126.16,2273556,12615975798.74
4,2022-08-15,129.03,129.33,128.08,128.21,128.21,1692428,12820641014.25
4,2022-08-16,127.94,128.31,125.62,126.72,126.72,2323332,12672201940.76
4,2022-08-17,122.19,122.88,121.64,121.73,121.73,1906057,12173174407.92
4,2022-08-18,120.32,121.61,120.1,121.14,121.14,1839614,12113733985.39
4,2022-08-19,119.02,120.58,118.91,119.99,119.99,1619100,11999439826.65
4,2022-08-20,123.18,124.39,122.11,124.1,124.1,1989777,12409762273.28
4,2022-08-21,120.45,121.32,119.14,120.34,120.34,2200249,12033626327.14
4,2022-08-22,116.82,117.74,116.0,117.69,117.69,1772456,11768653905.67
4,2022-08-23,119.0,120.14,117.98,118.58,118.58,2220057,11858139467.14
4,2022-08-24,120.44,121.59,118.44,119.45,119.45,2200278,11944773832.27
4,2022-08-25,116.68,117.2,115.54,116.56,116.56,1959952,11656325809.1
4,2022-08-26,113.9,115.11,113.03,114.81,114.81,2072343,11481357688.11
4,2022-08-27,113.78,114.75,113.6,114.04,114.04,2207004,11403903057.21
4,2022-08-28,113.07,113.57,111.23,112.26,112.26,1711876,11225752288.84
4,2022-08-29,106.59,107.36,106.02,107.36,107.36,2235008,10735689581.5
4,2022-08-30,105.88,107.13,105.25,106.72,106.72,1917088,10671512210.34
4,2022-08-31,105.19,106.18,104.51,104.61,104.61,1713852,10461223996.71
4,2022-09-01,102.49,104.19,102.45,103.2,103.2,2320402,10319816244.14
4,2022-09-02,103.14,103.47,101.58,102.24,102.24,2322930,10224453119.57
4,2022-09-03,103.29,104.42,102.49,104.17,104.17,1802335,10416704959.38
4,2022-09-04,106.08,107.16,105.6,106.23,106.23,1919391,10623309395.91
4,2022-09-05,107.42,108.45,106.05,106.4,106.4,2170312,10640405691.88
4,2022-09-06,106.94,108.77,106.75,107.86,107.86,1897253,10786394044.87
4,2022-09-07,103.63,104.95,103.03,104.53,104.53,1763753,10452672474.96
4,2022-09-08,103.28,103.86,102.31,102.77,102.77,1704331,10276855359.46
4,2022-09-09,102.17,103.07,101.82,102.56,102.56,2367694,10255718675.94
4,2022-09-10,104.06,104.62,103.04,103.28,103.28,1796292,10328453151.83
4,2022-09-11,108.18,108.78,107.2,107.42,107.42,1716429,10742313170.2
4,2022-09-12,104.16,104.63,102.7,103.45,103.45,2112018,10344820185.4
4,2022-09-13,105.96,107.25,104.91,106.83,106.83,1681027,10682890738.2
4,2022-09-14,105.24,106.05,104.55,105.71,105.71,1899228,10570544247.71
4,2022-09-15,107.32,108.12,106.23,106.77,106.77,1880444,10677427253.69
4,2022-09-16,105.29,106.69,104.28,106.09,106.09,2327513,10609154310.69
4,2022-09-17,110.27,110.91,108.92,109.63,109.63,2309637,10963156121.19
4,2022-09-18,108.96,110.4,108.02,109.33,109.33,2297690,10933275756.6
4,2022-09-19,110.96,111.87,110.5,111.35,111.35,1662498,11135314836.9
4,2022-09-20,113.4,114.74,113.38,114.11,114.11,1835160,11411264570.34
4,2022-09-21,114.03,114.69,112.73,113.43,113.43,2256875,11343465814.76
4,2022-09-22,113.19,113.83,112.21,112.9,112.9,2041285,11289957206.65
4,2022-09-23,111.9,112.21,111.52,111.79,111.79,1632419,11179119221.17
4,2022-09-24,107.8,109.45,107.0,108.5,108.5,2385085,10850190094.29
4,2022-09-25,110.08,110.53,109.45,109.73,109.73,2277739,10973274826.94
4,2022-09-26,112.6,112.93,111.54,112.02,112.02,1654204,11201558335.79
4,2022-09-27,110.04,110.86,109.24,110.74,110.74,1865161,11073933749.46
4,2022-09-28,114.06,114.15,112.41,112.94,112.94,1848273,11294071275.84
4,2022-09-29,112.04,112.92,110.52,111.37,111.37,2005374,11136836069.6
4,2022-09-30,109.86,110.93,109.3,109.65,109.65,1608844,10965456866.98
4,2022-10-01,104.94,105.22,103.03,104.06,104.06,1681042,10405811049.63
4,2022-10-02,103.2,103.48,102.69,102.97,102.97,2195470,10296959060.34
4,2022-10-03,107.33,108.29,106.96,108.17,108.17,2049272,10817077257.25
4,2022-10-04,108.88,110.68,108.22,109.75,109.75,1647909,10974796790.77
4,2022-10-05,114.64,115.4,113.4,113.6,113.6,2007605,11359640001.65
4,2022-10-06,118.62,119.77,118.47,119.75,119.75,2104539,11975431782.0
4,2022-10-07,118.06,119.16,117.48,118.65,118.65,1897013,11865049849.11
4,2022-10-08,120.12,120.47,119.87,119.89,119.89,1958686,11988753490.16
4,2022-10-09,116.4,117.85,116.22,117.39,117.39,1867232,11738922201.08
4,2022-10-10,121.84,122.12,121.31,121.73,121.73,2090340,12172805206.3
4,2022-10-11,117.74,118.76,116.59,117.48,117.48,1877540,11747604312.79
4,2022-10-12,111.16,112.44,111.12,111.46,111.46,1861235,11146373529.61
4,2022-10-13,114.83,115.59,112.95,113.72,113.72,1894374,11372227296.07
4,2022-10-14,114.01,114.17,113.7,114.05,114.05,2240979,11404955976.5
4,2022-10-15,113.68,114.3,112.33,112.8,112.8,2068496,11279659593.23
4,2022-10-16,113.83,114.52,112.79,113.37,113.37,2306826,11336684820.84
4,2022-10-17,112.18,112.99,111.91,112.32,112.32,2206793,11232493744.56
4,2022-10-18,112.29,113.22,111.38,112.72,112.72,1946726,11271787030.19
4,2022-10-19,113.77,114.88,112.99,114.54,114.54,2011177,11454312916.69
4,2022-10-20,116.65,118.41,116.57,117.52,117.52,2133056,11751855998.4
4,2022-10-21,114.52,116.69,113.85,115.65,115.65,2038391,11565039008.87
4,2022-10-22,112.4,112.97,111.03,112.14,112.14,2199149,11213746878.87
4,2022-10-23,111.33,112.03,109.78,110.27,110.27,2004758,11026503687.24
4,2022-10-24,114.9,116.2,114.81,115.82,115.82,2398915,11582356162.07
4,2022-10-25,114.59,115.8,114.03,115.58,115.58,1722664,11557653558.77
4,2022-10-26,115.01,115.49,114.38,115.39,115.39,2259770,11539092251.09
4,2022-10-27,119.2,120.48,118.03,119.74,119.74,1864121,11974369967.98
4,2022-10-28,119.07,120.28,118.15,119.13,119.13,2171416,11913053096.01
4,2022-10-29,119.24,119.63,117.12,118.29,118.29,2185159,11829435996.18
4,2022-10-30,122.32,122.98,120.68,121.65,121.65,2108163,12165222606.7
4,2022-10-31,123.98,124.37,123.05,123.75,123.75,1715161,12374766770.93
4,2022-11-01,129.05,129.58,126.85,127.82,127.82,2209687,12782154847.73
4,2022-11-02,127.26,129.29,126.79,128.29,128.29,1757067,12829185585.4
4,2022-11-03,128.25,128.4,126.78,127.97,127.97,2093499,12796603266.33
4,2022-11-04,125.71,127.96,124.81,126.78,126.78,1820607,12678047906.02
4,2022-11-05,124.16,124.9,122.73,123.56,123.56,1776190,12356262604.36
4,2022-11-06,118.39,119.23,117.22,118.65,118.65,1635210,11865354098.9
4,2022-11-07,117.02,118.41,116.12,117.51,117.51,1609691,11750987303.73
4,2022-11-08,113.01,113.57,112.99,113.48,113.48,1706353,11347776258.22
4,2022-11-09,109.23,109.73,107.89,108.17,108.17,1934700,10816988719.83
4,2022-11-10,104.9,105.41,103.46,104.08,104.08,1754931,10408215308.15
4,2022-11-11,104.43,105.04,103.16,103.51,103.51,2239577,10351285973.72
4,2022-11-12,101.74,102.66,101.2,101.48,101.48,2306533,10148145436.35
4,2022-11-13,102.33,103.74,101.69,103.0,103.0,1941529,10300128511.0
4,2022-11-14,103.42,103.78,102.73,103.05,103.05,2054549,10304904849.98
4,2022-11-15,100.22,100.57,100.21,100.38,100.38,2392341,10038285595.93
4,2022-11-16,103.07,103.52,101.12,102.11,102.11,1768492,10211438486.44
4,2022-11-17,102.19,103.62,101.39,102.81,102.81,2392821,10280592266.52
4,2022-11-18,99.32,101.01,99.13,100.1,100.1,1730713,10009749366.41
4,2022-11-19,101.15,102.11,100.04,100.39,100.39,1629968,10038546970.28
4,2022-11-20,99.68,100.67,99.18,100.48,100.48,2181790,10047576648.05
4,2022-11-21,99.66,99.98,99.01,99.34,99.34,2229609,9934407535.27
4,2022-11-22,100.66,101.13,99.52,100.34,100.34,1775275,10033672105.32
4,2022-11-23,100.53,101.61,99.87,101.42,101.42,2332107,10141663153.39
4,2022-11-24,100.9,101.15,99.86,100.19,100.19,1732483,10018783960.45
4,2022-11-25,97.16,97.91,96.42,96.56,96.56,2138089,9656028230.26
4,2022-11-26,96.97,97.79,96.65,97.04,97.04,1691389,9704294316.2
4,2022-11-27,96.1,96.25,95.1,95.9,95.9,2135533,9589631148.87
4,2022-11-28,95.99,96.54,95.18,96.27,96.27,2249351,9626891092.68
4,2022-11-29,95.74,96.27,94.87,95.99,95.99,1874189,9599294640.09
4,2022-11-30,95.17,95.23,94.02,94.7,94.7,2182337,9469916249.26
4,2022-12-01,96.57,97.49,96.09,96.94,96.94,1897693,9693658789.41
4,2022-12-02,97.1,97.56,96.9,97.12,97.12,1975141,9711965725.59
4,2022-12-03,97.3,97.55,95.76,96.42,96.42,2365219,9641530412.6
4,2022-12-04,101.15,101.82,99.4,100.27,100.27,2061634,10027047151.35
4,2022-12-05,99.35,99.51,98.62,99.15,99.15,2038340,9915326545.78
4,2022-12-06,101.29,102.6,100.75,101.84,101.84,2321060,10183901987.1
4,2022-12-07,98.86,98.93,97.84,97.89,97.89,2193689,9788518639.12
4,2022-12-08,95.9,97.38,94.95,96.44,96.44,2105219,9644410311.69
4,2022-12-09,97.89,99.41,97.75,98.46,98.46,1861226,9845660806.73
4,2022-12-10,98.52,99.42,97.95,99.31,99.31,1724478,9931150004.21
4,2022-12-11,98.81,99.24,97.73,97.87,97.87,2145565,9787441708.2
4,2022-12-12,100.88,101.64,100.04,100.95,100.95,2173251,10095022098.02
4,2022-12-13,106.3,107.49,105.25,106.8,106.8,2016038,10679936975.23
4,2022-12-14,103.18,105.04,102.6,104.12,104.12,1823171,10411982328.13
4,2022-12-15,98.13,99.0,97.31,98.76,98.76,2075080,9875730067.57
4,2022-12-16,98.51,99.4,98.05,98.28,98.28,2317272,9828096341.65
4,2022-12-17,98.98,99.28,97.73,98.59,98.59,1780959,9859130706.49
4,2022-12-18,99.18,99.2,97.82,98.63,98.63,1617780,9862532970.83
4,2022-12-19,96.14,97.12,95.73,96.67,96.67,1986716,9666636035.53
4,2022-12-20,95.18,95.75,94.45,95.59,95.59,1862522,9558558115.16
4,2022-12-21,92.65,93.31,92.14,93.18,93.18,2007068,9317967965.36
4,2022-12-22,91.5,92.15,90.69,91.31,91.31,1999099,9130982985.28
4,2022-12-23,89.38,89.69,88.87,89.06,89.06,2179421,8905716871.1
4,2022-12-24,86.15,86.6,86.07,86.36,86.36,1923767,8636237756.8
4,2022-12-25,86.48,87.02,85.84,86.97,86.97,2361680,8696780649.35
4,2022-12-26,87.03,87.88,86.98,87.54,87.54,1840273,8753951333.06
4,2022-12-27,89.61,89.8,88.77,89.07,89.07,2290500,8906877188.21
4,2022-12-28,87.03,87.73,86.16,87.67,87.67,1685197,8766633640.83
4,2022-12-29,89.38,90.13,88.19,88.91,88.91,1718377,8891063332.76
4,2022-12-30,92.6,93.68,91.99,93.5,93.5,1778900,9350307301.46
4,2022-12-31,94.11,95.01,93.61,93.8,93.8,2226781,9380134019.4
4,2023-01-01,94.44,94.74,92.83,93.76,93.76,2304596,9375967718.35
4,2023-01-02,94.48,94.88,93.49,93.93,93.93,1798990,9392518391.6
4,2023-01-03,91.96,92.34,90.52,91.07,91.07,2324139,9107026087.41
4,2023-01-04,87.71,89.1,87.7,88.57,88.57,2340841,8857162178.08
4,2023-01-05,91.47,92.96,91.29,92.39,92.39,2157905,9239063395.08
4,2023-01-06,92.84,93.97,92.7,93.68,93.68,2004674,9367592595.36
4,2023-01-07,91.29,91.89,90.48,91.14,91.14,1930116,9114083441.39
4,2023-01-08,89.58,90.73,88.72,90.34,90.34,1919880,9034067357.77
4,2023-01-09,89.37,90.11,89.28,89.88,89.88,2053258,8987899047.51
4,2023-01-10,93.8,94.6,93.08,93.53,93.53,1839267,9353002869.55
4,2023-01-11,95.07,96.05,94.44,95.77,95.77,1793995,9577151864.26
4,2023-01-12,97.68,98.3,96.47,97.32,97.32,2098446,9732434178.12
4,2023-01-13,103.18,103.98,102.75,103.0,103.0,2358793,10300469943.53
4,2023-01-14,104.48,105.54,103.72,104.72,104.72,2130305,10472072717.17
4,2023-01-15,104.58,106.12,104.44,105.51,105.51,2219972,10551113611.39
4,2023-01-16,100.07,101.56,99.68,101.01,101.01,2340899,10100863193.54
4,2023-01-17,102.86,104.51,101.91,103.68,103.68,1645522,10368272065.56
4,2023-01-18,104.9,105.78,104.68,105.5,105.5,1924739,10549784145.5
4,2023-01-19,107.54,108.56,106.21,106.97,106.97,1945734,10697412280.59
4,2023-01-20,107.6,108.3,107.52,107.84,107.84,1931378,10784077936.28
4,2023-01-21,109.15,110.95,108.67,110.19,110.19,2382686,11018704539.9
4,2023-01-22,115.27,116.34,114.73,115.79,115.79,1867028,11579053624.69
4,2023-01-23,120.86,122.12,120.31,121.13,121.13,1896304,12112609797.0
4,2023-01-24,124.7,125.8,123.46,123.79,123.79,1846405,12379028302.72
4,2023-01-25,123.37,124.86,123.03,124.53,124.53,1989215,12453118358.93
4,2023-01-26,124.31,125.53,124.12,125.36,125.36,2398238,12535971348.58
4,2023-01-27,127.91,128.85,126.49,127.58,127.58,2342268,12758187417.46
4,2023-01-28,123.85,125.34,123.14,124.21,124.21,1917075,12420520806.89
4,2023-01-29,122.39,122.98,121.77,121.81,121.81,1771222,12180705089.86
4,2023-01-30,122.57,122.83,121.16,122.04,122.04,1944084,12203660661.72
4,2023-01-31,120.6,121.09,118.96,119.85,119.85,1788089,11985096054.62
4,2023-02-01,125.56,126.8,124.47,124.9,124.9,1794588,12490348982.25
4,2023-02-02,121.91,122.33,121.66,122.13,122.13,2243623,12212775607.54
4,2023-02-03,123.51,123.99,123.16,123.77,123.77,1868889,12377018289.91
4,2023-02-04,124.45,124.92,124.16,124.56,124.56,2078385,12456197461.53
4,2023-02-05,128.46,129.84,127.6,129.06,129.06,2074756,12906372229.08
4,2023-02-06,130.12,130.7,129.27,129.72,129.72,2282558,12972017495.84
4,2023-02-07,130.9,131.5,130.8,131.37,131.37,1680527,13136686093.27
4,2023-02-08,132.44,134.3,132.37,133.52,133.52,1665848,13352255320.0
4,2023-02-09,136.99,138.61,135.97,137.56,137.56,2189944,13755886831.99
4,2023-02-10,134.26,135.93,133.25,134.95,134.95,1720036,13494854381.63
4,2023-02-11,130.61,131.81,129.71,130.55,130.55,1942834,13054990477.45
4,2023-02-12,128.22,129.95,127.67,129.07,129.07,2317265,12906832335.06
4,2023-02-13,134.13,135.22,133.12,134.09,134.09,2347499,13409179628.25
4,2023-02-14,136.47,136.68,135.02,136.16,136.16,2234871,13615713654.71
4,2023-02-15,131.06,132.0,130.21,130.4,130.4,2157906,13039557257.0
4,2023-02-16,131.15,131.38,129.13,130.16,130.16,1721510,13016368514.97
4,2023-02-17,122.92,123.98,122.1,123.77,123.77,1641086,12376997474.78
4,2023-02-18,122.4,122.55,122.14,122.27,122.27,1976966,12227478673.58
4,2023-02-19,123.21,123.28,122.0,122.69,122.69,1626147,12268908184.21
4,2023-02-20,121.05,123.16,119.94,122.06,122.06,1833138,12206112296.12
4,2023-02-21,124.24,125.27,122.77,123.47,123.47,2274863,12347340779.86
4,2023-02-22,123.68,124.43,123.27,124.16,124.16,2142991,12415771614.18
4,2023-02-23,120.18,121.33,119.9,120.77,120.77,2334466,12076680804.33
4,2023-02-24,122.33,123.46,121.2,122.11,122.11,2159987,12211197399.7
4,2023-02-25,124.82,125.09,123.7,124.85,124.85,2132846,12485209672.85
4,2023-02-26,129.79,130.57,128.82,130.45,130.45,1670016,13045072939.0
4,2023-02-27,127.83,129.23,127.61,129.05,129.05,1732177,12905196430.65
4,2023-02-28,124.37,126.31,123.32,125.49,125.49,1847813,12548867549.79
4,2023-03-01,127.67,128.82,127.48,128.41,128.41,1679977,12840555998.95
4,2023-03-02,127.75,128.29,126.67,127.45,127.45,2397052,12744766691.44
4,2023-03-03,128.69,129.89,127.97,128.36,128.36,1665876,12835783480.75
4,2023-03-04,133.05,134.38,132.23,133.42,133.42,1631610,13342429409.98
4,2023-03-05,131.92,132.55,131.68,132.0,132.0,1600170,13200049013.32
4,2023-03-06,129.37,130.35,127.66,128.28,128.28,2338040,12828117334.78
4,2023-03-07,129.53,130.81,128.82,130.48,130.48,2231634,13047841719.63
4,2023-03-08,132.3,132.35,130.22,131.51,131.51,2317644,13151273723.93
4,2023-03-09,124.12,124.86,123.14,124.64,124.64,2259352,12463922175.26
4,2023-03-10,123.69,124.2,121.41,122.58,122.58,1992288,12257787708.08
4,2023-03-11,122.81,123.34,121.7,122.38,122.38,1813864,12237910048.36
4,2023-03-12,125.32,127.31,125.25,126.43,126.43,1833142,12643435581.36
4,2023-03-13,127.21,128.29,126.59,127.88,127.88,2269479,12787757868.28
4,2023-03-14,129.55,129.92,128.54,129.3,129.3,1657346,12930288695.76
4,2023-03-15,127.16,128.57,126.14,128.44,128.44,2090189,12843780952.58
4,2023-03-16,129.25,129.8,127.41,128.07,128.07,1710892,12806791061.24
4,2023-03-17,127.72,129.42,126.52,128.64,128.64,1969869,12863826301.52
4,2023-03-18,124.22,125.93,124.19,124.98,124.98,2281916,12497933590.07
4,2023-03-19,121.98,122.56,121.53,122.34,122.34,1725915,12234388822.12
4,2023-03-20,121.34,121.91,120.55,121.54,121.54,2220860,12154367474.32
4,2023-03-21,120.29,121.36,119.26,121.04,121.04,2011913,12103719955.35
4,2023-03-22,123.53,124.09,123.17,123.35,123.35,1997132,12335170641.51
4,2023-03-23,119.09,120.14,117.95,118.05,118.05,1779033,11804605781.1
4,2023-03-24,116.96,117.22,116.44,116.92,116.92,1826957,11692107591.8
4,2023-03-25,116.79,117.43,115.86,117.18,117.18,1914714,11718145509.51
4,2023-03-26,120.61,121.17,120.05,120.31,120.31,1870926,12030930423.71
4,2023-03-27,121.25,121.73,120.57,121.2,121.2,1730245,12119697883.44
4,2023-03-28,121.6,122.01,120.71,120.92,120.92,1978128,12092411477.27
4,2023-03-29,126.85,127.96,125.84,126.31,126.31,1962006,12631102128.04
4,2023-03-30,128.12,130.46,127.56,129.22,129.22,2361363,12922237203.34
4,2023-03-31,134.26,134.54,133.12,134.14,134.14,1845119,13413579071.31
4,2023-04-01,138.76,139.53,137.25,137.93,137.93,2122791,13792626070.69
4,2023-04-02,134.78,135.82,132.68,133.56,133.56,2251710,13356405112.78
4,2023-04-03,130.03,130.25,128.72,129.99,129.99,1934375,12998724441.64
4,2023-04-04,127.29,128.42,126.16,127.31,127.31,2344397,12730887397.88
4,2023-04-05,125.26,127.62,124.92,126.5,126.5,2235406,12650100889.34
4,2023-04-06,127.59,128.63,126.4,127.4,127.4,2277698,12740080421.37
4,2023-04-07,131.74,132.46,129.46,130.72,130.72,2133004,13072099270.46
4,2023-04-08,130.46,131.56,130.39,130.76,130.76,1768437,13075822046.7
4,2023-04-09,134.73,135.9,134.42,134.71,134.71,1969029,13470916875.52
4,2023-04-10,136.81,137.5,136.2,137.0,137.0,2162587,13700406866.99
4,2023-04-11,136.71,137.58,135.57,136.66,136.66,1629438,13666112541.6
4,2023-04-12,141.29,141.77,140.27,141.2,141.2,1646998,14119887636.73
4,2023-04-13,141.15,141.94,140.46,140.54,140.54,2300113,14054029237.85
4,2023-04-14,138.11,139.64,138.08,138.71,138.71,1718143,13871033034.11
4,2023-04-15,136.61,136.97,135.49,135.91,135.91,2398580,13591092539.31
4,2023-04-16,131.89,132.01,130.31,130.89,130.89,1700887,13088817567.18
4,2023-04-17,132.32,133.13,131.02,131.41,131.41,2178215,13140653961.33
4,2023-04-18,138.28,139.5,136.51,136.98,136.98,1825980,13698376743.32
4,2023-04-19,136.16,136.16,134.77,134.81,134.81,1866182,13481174485.75
4,2023-04-20,132.07,133.56,131.5,133.24,133.24,1855960,13323931998.83
4,2023-04-21,135.62,136.46,134.68,135.0,135.0,1791403,13499694857.67
4,2023-04-22,138.6,139.05,136.38,137.73,137.73,1985277,13773424145.08
4,2023-04-23,138.37,138.46,137.75,137.8,137.8,1927904,13779667449.01
4,2023-04-24,138.77,140.37,138.64,139.66,139.66,2343898,13965705362.84
4,2023-04-25,138.17,138.64,135.77,137.02,137.02,2134615,13701601473.96
4,2023-04-26,136.67,137.38,135.46,135.56,135.56,2137312,13556463549.82
4,2023-04-27,134.44,136.01,133.16,135.49,135.49,2183504,13549388944.89
4,2023-04-28,137.75,138.18,136.41,138.12,138.12,1842036,13812134681.21
4,2023-04-29,138.2,140.87,137.68,139.55,139.55,2167288,13954654244.61
4,2023-04-30,138.49,139.37,137.29,138.31,138.31,2316471,13830798798.67
4,2023-05-01,136.13,138.31,135.25,137.0,137.0,2124945,13699956265.65
4,2023-05-02,137.28,138.85,136.47,137.51,137.51,1891367,13751105506.03
4,2023-05-03,142.68,144.03,140.69,141.64,141.64,1912635,14164203376.0
4,2023-05-04,140.05,141.64,139.79,141.35,141.35,1876068,14135305205.89
4,2023-05-05,140.73,141.86,140.23,141.43,141.43,1639129,14142806456.5
4,2023-05-06,137.09,139.29,136.35,138.36,138.36,2272897,13836007488.98
4,2023-05-07,137.64,138.67,136.5,137.8,137.8,2242901,13779879291.38
4,2023-05-08,145.72,146.93,143.8,144.41,144.41,1911647,14441138035.59
4,2023-05-09,141.33,141.58,140.14,140.93,140.93,2250015,14092614123.71
4,2023-05-10,142.23,142.8,139.61,141.02,141.02,1970803,14102018863.41
4,2023-05-11,142.65,142.71,141.59,142.42,142.42,2373242,14242392650.05
4,2023-05-12,141.28,141.69,140.18,140.45,140.45,2226979,14044845922.06
4,2023-05-13,144.7,145.21,142.48,143.34,143.34,2290059,14333788350.65
4,2023-05-14,148.66,149.66,146.85,147.44,147.44,1959689,14744066663.46
4,2023-05-15,156.2,156.48,154.24,155.08,155.08,2252624,15507965123.98
4,2023-05-16,156.65,157.67,154.36,155.66,155.66,2196225,15566366193.2
4,2023-05-17,159.05,159.48,157.38,157.65,157.65,2165907,15764880946.3
4,2023-05-18,164.27,165.17,163.7,165.17,165.17,2126723,16516671601.64
4,2023-05-19,166.14,167.28,163.93,164.6,164.6,2366452,16459553493.58
4,2023-05-20,161.4,162.65,159.93,162.47,162.47,2201211,16247348119.17
4,2023-05-21,159.52,159.77,157.86,157.94,157.94,2294507,15794337315.27
4,2023-05-22,155.29,156.68,154.97,156.21,156.21,1747169,15621097016.93
4,2023-05-23,149.25,150.31,147.5,148.44,148.44,2295339,14844062254.73
4,2023-05-24,152.81,153.07,151.05,151.38,151.38,1731343,15138410856.5
4,2023-05-25,150.69,150.83,149.96,150.61,150.61,1800480,15061436469.5
4,2023-05-26,152.76,154.11,151.29,153.27,153.27,1674573,15327393717.41
4,2023-05-27,162.22,164.25,162.15,163.18,163.18,2300416,16317831655.71
4,2023-05-28,162.29,163.62,162.01,163.58,163.58,1867645,16358364099.18
4,2023-05-29,160.85,161.98,160.32,160.64,160.64,1633620,16064398928.48
4,2023-05-30,156.97,157.61,155.59,156.61,156.61,1712272,15661317765.22
4,2023-05-31,160.34,161.83,158.76,158.77,158.77,2010227,15876743735.01
4,2023-06-01,154.53,156.87,153.06,155.74,155.74,1996286,15574184629.64
4,2023-06-02,155.26,156.37,153.74,154.92,154.92,1822289,15491771272.91
4,2023-06-03,155.58,155.8,153.47,154.3,154.3,1761804,15429877594.1
4,2023-06-04,154.07,154.9,153.63,153.78,153.78,1744410,15377943799.26
4,2023-06-05,152.22,152.82,151.36,152.54,152.54,1630759,15253711873.58
4,2023-06-06,152.65,153.46,151.41,152.07,152.07,1607380,15206679251.87
4,2023-06-07,155.38,157.4,154.19,156.25,156.25,1888582,15625482422.1
4,2023-06-08,154.65,155.36,153.92,154.9,154.9,1874370,15489819911.65
4,2023-06-09,154.71,156.03,154.33,154.7,154.7,2091901,15469952969.61
4,2023-06-10,155.79,157.26,152.96,154.44,154.44,1869743,15444199986.94
4,2023-06-11,151.55,153.73,150.7,152.86,152.86,1683677,15286058208.71
4,2023-06-12,158.0,159.56,156.1,156.9,156.9,2217254,15690013752.86
4,2023-06-13,151.23,153.53,150.39,152.75,152.75,2375419,15274750720.18
4,2023-06-14,151.76,152.52,149.4,150.78,150.78,1761370,15077838647.95
4,2023-06-15,153.72,156.13,152.67,154.81,154.81,1718244,15480525682.64
4,2023-06-16,155.36,156.69,153.91,156.39,156.39,2144284,15639018306.47
4,2023-06-17,155.7,157.32,154.38,156.28,156.28,2286219,15627990947.48
4,2023-06-18,153.93,155.02,152.42,154.37,154.37,2195241,15436551199.53
4,2023-06-19,155.19,155.74,154.55,155.38,155.38,1818756,15538047891.01
4,2023-06-20,156.8,156.97,155.7,156.12,156.12,1912552,15612402954.93
4,2023-06-21,156.85,156.89,154.78,155.83,155.83,2022988,15583123757.58
4,2023-06-22,154.93,155.3,152.54,153.61,153.61,2072390,15360626813.55
4,2023-06-23,151.27,153.41,150.17,152.35,152.35,2341262,15234538922.91
4,2023-06-24,152.06,152.57,151.27,151.53,151.53,1757328,15153139779.16
4,2023-06-25,150.25,150.91,149.06,149.56,149.56,2215769,14956174908.64
4,2023-06-26,158.79,159.79,158.37,159.45,159.45,2185016,15944922473.72
4,2023-06-27,156.96,158.72,155.78,158.43,158.43,1631540,15842915336.79
4,2023-06-28,155.13,156.71,154.01,155.67,155.67,2371314,15566940384.94
4,2023-06-29,156.25,158.92,154.73,157.76,157.76,2072780,15775536979.63
4,2023-06-30,159.31,159.58,157.65,158.17,158.17,1832154,15816846432.32
4,2023-07-01,160.33,160.84,158.79,159.65,159.65,2397432,15965127668.67
4,2023-07-02,155.61,156.26,153.69,155.01,155.01,1965149,15501488230.65
4,2023-07-03,150.05,151.48,148.56,149.88,149.88,1827588,14987740160.82
4,2023-07-04,151.93,152.66,151.57,152.22,152.22,1614331,15221613211.71
4,2023-07-05,148.57,148.57,147.94,148.43,148.43,2071456,14842554512.62
4,2023-07-06,147.95,150.23,146.87,148.79,148.79,2372068,14878537674.72
4,2023-07-07,146.25,146.57,145.42,146.2,146.2,1650238,14620485967.98
4,2023-07-08,146.27,147.17,144.38,145.3,145.3,2263642,14529616602.12
4,2023-07-09,149.44,150.2,147.71,148.16,148.16,1933796,14816480288.47
4,2023-07-10,148.37,148.76,147.42,148.49,148.49,1970834,14848589765.44
4,2023-07-11,144.08,145.65,142.8,144.96,144.96,2307494,14495883332.52
4,2023-07-12,145.2,146.18,144.51,145.0,145.0,2057518,14500313255.62
4,2023-07-13,139.83,139.91,138.7,139.39,139.39,2338471,13939089207.18
4,2023-07-14,146.21,147.29,144.8,146.81,146.81,2267841,14681110187.16
4,2023-07-15,144.82,146.07,144.19,144.79,144.79,1778319,14478848136.81
4,2023-07-16,142.1,143.31,140.97,141.41,141.41,1811760,14140562693.36
4,2023-07-17,136.61,136.67,135.29,135.71,135.71,2313210,13571060382.17
4,2023-07-18,132.11,132.85,131.06,131.63,131.63,2281731,13163432086.98
4,2023-07-19,126.91,127.72,125.77,127.09,127.09,2253389,12708695517.87
4,2023-07-20,127.1,128.82,126.28,127.71,127.71,2134745,12771006060.83
4,2023-07-21,125.9,126.99,125.45,126.51,126.51,2063650,12651121014.37
4,2023-07-22,128.47,129.21,127.67,128.8,128.8,1915850,12880265848.68
4,2023-07-23,130.53,131.15,128.62,129.72,129.72,1603428,12972372256.45
4,2023-07-24,128.25,128.92,127.45,128.9,128.9,1783376,12890022277.19
4,2023-07-25,137.44,138.76,135.49,136.35,136.35,1777440,13635055615.12
4,2023-07-26,132.17,132.28,131.27,131.48,131.48,2257205,13147826760.23
4,2023-07-27,129.8,130.34,129.01,129.94,129.94,1791183,12994153319.34
4,2023-07-28,134.42,136.12,134.19,135.27,135.27,1601800,13527341930.88
4,2023-07-29,133.96,135.88,133.89,134.68,134.68,1638211,13468350404.83
4,2023-07-30,132.25,133.84,131.61,133.11,133.11,1660884,13310988238.26
4,2023-07-31,130.91,131.98,130.06,131.53,131.53,2242627,13152864618.65
4,2023-08-01,125.23,125.46,123.23,124.28,124.28,2028206,12427612677.82
4,2023-08-02,122.3,123.62,121.17,123.45,123.45,2319595,12344549544.83
4,2023-08-03,122.24,122.43,121.06,122.34,122.34,2351933,12233778475.04
4,2023-08-04,124.47,124.74,122.37,123.4,123.4,1613074,12340235412.27
4,2023-08-05,125.46,126.54,123.99,124.98,124.98,2294836,12498225234.15
4,2023-08-06,128.12,129.16,127.98,128.73,128.73,2186200,12873423905.77
4,2023-08-07,127.73,128.1,125.97,126.63,126.63,2213423,12663250482.46
4,2023-08-08,127.71,129.13,126.61,128.13,128.13,2230395,12813358784.61
4,2023-08-09,127.66,128.31,126.7,127.82,127.82,2215120,12782224534.82
4,2023-08-10,127.74,129.58,127.24,128.44,128.44,2130651,12844148415.46
4,2023-08-11,129.62,130.7,129.18,129.43,129.43,1997308,12942540686.13
4,2023-08-12,131.97,132.2,130.39,130.94,130.94,2064140,13094364716.62
4,2023-08-13,136.31,136.34,135.26,135.41,135.41,2027272,13541131029.05
4,2023-08-14,140.29,141.11,139.11,139.85,139.85,2041887,13985236539.1
4,2023-08-15,138.34,138.66,136.79,137.4,137.4,2223739,13739781042.92
4,2023-08-16,137.81,138.97,137.16,138.51,138.51,2284187,13850571642.99
4,2023-08-17,133.41,134.81,132.49,134.69,134.69,2340503,13468566911.64
4,2023-08-18,138.87,138.88,137.47,138.33,138.33,1911221,13832650460.39
4,2023-08-19,136.53,138.72,135.16,137.65,137.65,2180576,13764799491.59
4,2023-08-20,143.69,145.08,142.45,144.45,144.45,1741789,14444626707.56
4,2023-08-21,144.73,146.09,144.08,145.7,145.7,2124882,14569991827.34
4,2023-08-22,143.87,144.0,142.12,142.65,142.65,1611369,14264544555.54
4,2023-08-23,148.49,148.83,146.9,147.88,147.88,1943600,14787532135.99
4,2023-08-24,152.6,154.02,151.84,153.11,153.11,1863019,15311127699.35
4,2023-08-25,155.47,156.62,152.97,154.1,154.1,1796477,15409591972.25
4,2023-08-26,154.29,155.83,153.9,154.4,154.4,1983891,15439557730.41
4,2023-08-27,151.42,152.75,151.05,152.12,152.12,1679567,15212276000.26
4,2023-08-28,157.4,157.84,155.51,156.36,156.36,2344865,15636201076.76
4,2023-08-29,155.79,158.54,155.16,157.1,157.1,2184813,15710406499.73
4,2023-08-30,150.84,151.34,150.27,150.96,150.96,1735218,15095647150.43
4,2023-08-31,148.68,149.91,147.34,147.79,147.79,1833853,14779318715.1
4,2023-09-01,150.43,153.14,150.09,151.79,151.79,1805673,15178563372.9
4,2023-09-02,152.04,152.92,150.66,151.5,151.5,1729489,15149507402.97
4,2023-09-03,154.47,154.8,152.28,153.51,153.51,1941159,15351456317.37
4,2023-09-04,145.27,145.84,144.16,145.56,145.56,2183329,14556123608.37
4,2023-09-05,144.45,146.24,143.58,145.72,145.72,1889143,14572231709.79
4,2023-09-06,142.67,143.25,141.9,142.51,142.51,2212074,14250974759.28
4,2023-09-07,142.96,144.17,141.47,141.68,141.68,1831022,14167901401.82
4,2023-09-08,135.06,137.62,134.34,136.34,136.34,2398308,13634332674.54
4,2023-09-09,140.95,142.16,139.58,141.48,141.48,2153245,14147713666.6
4,2023-09-10,142.72,142.94,142.04,142.23,142.23,2111218,14223189794.47
4,2023-09-11,143.96,144.58,142.59,144.55,144.55,1660980,14454656852.38
4,2023-09-12,141.09,142.04,140.75,142.03,142.03,1724454,14202969439.65
4,2023-09-13,141.71,142.94,139.89,140.53,140.53,1697152,14052754360.84
4,2023-09-14,135.14,136.13,134.81,135.38,135.38,2349682,13537720121.18
4,2023-09-15,133.59,134.32,133.57,133.66,133.66,2362868,13366422591.11
4,2023-09-16,130.98,132.4,130.08,131.91,131.91,1652785,13190574894.51
4,2023-09-17,130.74,131.9,130.16,130.59,130.59,2216271,13058530621.5
4,2023-09-18,124.95,126.49,124.01,125.87,125.87,2206758,12587479333.4
4,2023-09-19,124.13,125.38,123.53,125.34,125.34,1816040,12534066398.48
4,2023-09-20,121.93,123.46,121.2,122.43,122.43,1743176,12242843167.06
4,2023-09-21,115.58,115.63,114.54,115.58,115.58,2211920,11558316259.17
4,2023-09-22,113.49,113.69,112.23,112.37,112.37,1870023,11236678274.8
4,2023-09-23,113.91,114.88,112.69,113.55,113.55,2000370,11354690381.17
4,2023-09-24,110.91,111.7,110.14,111.02,111.02,2268153,11101681448.37
4,2023-09-25,102.97,103.54,102.01,102.67,102.67,2027673,10267235560.29
4,2023-09-26,107.0,107.76,106.07,106.76,106.76,2008623,10675600761.05
4,2023-09-27,112.0,112.38,112.0,112.11,112.11,1984993,11211015164.39
4,2023-09-28,112.89,113.55,111.65,112.75,112.75,2091492,11275073430.33
4,2023-09-29,108.62,109.35,107.77,109.27,109.27,2228397,10927079009.76
4,2023-09-30,104.32,105.49,103.6,104.85,104.85,1885007,10484787013.2
4,2023-10-01,107.53,107.96,106.57,107.65,107.65,1673624,10765104946.48
4,2023-10-02,108.24,108.42,107.44,107.47,107.47,1741118,10746584774.81
4,2023-10-03,107.81,108.41,106.4,106.8,106.8,2245281,10680287908.02
4,2023-10-04,106.33,106.81,105.18,105.51,105.51,2036243,10550775402.77
4,2023-10-05,106.27,106.46,105.05,105.65,105.65,1800220,10565470099.93
4,2023-10-06,109.97,110.29,108.05,108.92,108.92,1614582,10891628254.44
4,2023-10-07,107.95,108.13,106.7,107.38,107.38,2331103,10738277818.25
4,2023-10-08,106.49,108.4,106.18,107.38,107.38,2243500,10738304442.98
4,2023-10-09,107.13,107.88,105.39,106.18,106.18,2234647,10618104857.68
4,2023-10-10,105.31,105.81,105.2,105.31,105.31,1669139,10531278412.46
4,2023-10-11,102.17,102.97,100.78,101.2,101.2,1650746,10120129662.24
4,2023-10-12,101.46,102.98,101.34,102.17,102.17,1716650,10217303521.36
4,2023-10-13,100.91,101.7,100.47,100.79,100.79,1728271,10079167897.71
4,2023-10-14,98.5,99.78,97.75,99.32,99.32,2252174,9932186996.14
4,2023-10-15,98.51,99.45,96.67,97.64,97.64,2027847,9764016044.41
4,2023-10-16,96.59,96.77,95.79,96.0,96.0,1982952,9599737414.21
4,2023-10-17,93.8,94.54,92.28,92.96,92.96,2339771,9295510252.27
4,2023-10-18,89.8,91.19,89.05,90.37,90.37,2105256,9037048567.18
4,2023-10-19,89.82,90.4,89.45,89.54,89.54,1623831,8953628184.73
4,2023-10-20,88.78,89.98,88.17,89.1,89.1,2282804,8909943054.73
4,2023-10-21,86.47,87.44,86.25,87.2,87.2,2234132,8720065415.9
4,2023-10-22,88.27,88.91,87.76,88.74,88.74,1945921,8873707686.29
4,2023-10-23,90.4,91.39,90.38,90.97,90.97,2245820,9097074147.97
4,2023-10-24,89.75,89.83,88.87,89.78,89.78,2220689,8978392662.5
4,2023-10-25,88.96,90.23,88.28,89.7,89.7,1921967,8969845098.27
4,2023-10-26,92.45,93.55,91.69,93.03,93.03,1734018,9302561073.0
4,2023-10-27,95.37,96.26,94.27,94.66,94.66,2096860,9465521650.52
4,2023-10-28,96.26,97.02,95.46,96.13,96.13,1986738,9612648447.55
4,2023-10-29,92.5,93.14,91.84,92.94,92.94,2069083,9293815233.2
4,2023-10-30,90.15,91.58,89.52,90.91,90.91,2157883,9090822466.27
4,2023-10-31,89.26,89.94,88.25,89.03,89.03,2380909,8903137195.33
4,2023-11-01,87.79,88.63,86.67,87.18,87.18,2195721,8717795469.32
4,2023-11-02,87.66,87.77,86.79,87.14,87.14,2267608,8713915226.1
4,2023-11-03,87.9,88.57,87.8,88.31,88.31,2347036,8830809062.09
4,2023-11-04,86.44,86.66,86.07,86.29,86.29,2224612,8628911763.65
4,2023-11-05,85.14,85.72,85.04,85.16,85.16,2045966,8516402915.44
4,2023-11-06,84.83,85.16,83.53,84.03,84.03,1966282,8403342994.13
4,2023-11-07,82.17,83.0,82.11,82.59,82.59,1857771,8259448043.62
4,2023-11-08,82.38,82.66,81.81,82.55,82.55,1895096,8254612107.74
4,2023-11-09,82.29,82.61,80.97,81.48,81.48,2319976,8148320332.35
4,2023-11-10,84.32,85.39,84.09,84.96,84.96,1629103,8495502543.0
4,2023-11-11,83.86,84.79,83.75,84.43,84.43,1750464,8442889647.03
4,2023-11-12,83.65,83.77,83.48,83.6,83.6,2056751,8359512757.45
4,2023-11-13,87.63,88.5,87.4,87.49,87.49,1613697,8748811325.56
4,2023-11-14,88.26,89.8,87.79,89.02,89.02,2131664,8901659073.23
4,2023-11-15,88.0,88.43,87.73,88.16,88.16,1898029,8815685289.24
4,2023-11-16,90.1,90.7,88.98,89.7,89.7,1870980,8969938201.65
4,2023-11-17,88.52,89.5,88.11,88.95,88.95,2199786,8894778757.02
4,2023-11-18,87.68,88.46,87.08,87.43,87.43,1605950,8743354709.57
4,2023-11-19,88.93,90.17,88.61,89.7,89.7,1852136,8970263877.46
4,2023-11-20,90.49,90.94,89.9,90.51,90.51,1970785,9051358501.0
4,2023-11-21,90.12,91.07,89.29,90.84,90.84,1707263,9084282686.09
4,2023-11-22,92.8,93.58,92.04,92.31,92.31,1676781,9231276721.63
4,2023-11-23,90.75,91.25,89.35,89.97,89.97,2016411,8997207920.9
4,2023-11-24,88.63,88.74,87.6,87.82,87.82,2212900,8782099105.81
4,2023-11-25,88.95,89.49,87.65,88.39,88.39,2074308,8839249817.95
4,2023-11-26,83.94,83.98,82.53,83.24,83.24,1978743,8324257812.4
4,2023-11-27,83.44,84.6,83.32,83.89,83.89,2042868,8389118759.71
4,2023-11-28,85.85,86.54,85.16,85.9,85.9,2041283,8589663756.07
4,2023-11-29,86.75,87.55,85.96,86.34,86.34,2209267,8634150064.27
4,2023-11-30,85.18,85.34,85.05,85.08,85.08,1695802,8508377914.03
4,2023-12-01,83.43,84.91,82.93,84.21,84.21,2248663,8421046132.32
4,2023-12-02,85.16,86.74,84.63,85.9,85.9,2228916,8590128108.0
4,2023-12-03,84.78,85.89,84.12,85.32,85.32,2110464,8531544388.53
4,2023-12-04,87.04,87.9,86.96,87.65,87.65,1796830,8765410555.39
4,2023-12-05,86.71,87.42,85.91,87.22,87.22,2029665,8721607710.22
4,2023-12-06,87.01,87.79,86.08,86.95,86.95,1940512,8695087976.59
4,2023-12-07,85.72,86.55,84.62,85.29,85.29,1631151,8528860924.94
4,2023-12-08,85.19,85.49,84.71,84.94,84.94,1685259,8494224381.85
4,2023-12-09,83.51,84.29,83.35,83.38,83.38,2351238,8338051854.5
4,2023-12-10,85.78,86.58,84.35,85.0,85.0,2131858,8499631271.95
4,2023-12-11,87.02,87.2,86.51,86.98,86.98,2398722,8698199906.39
4,2023-12-12,88.31,88.48,87.28,87.8,87.8,2156725,8780217190.63
4,2023-12-13,88.07,88.37,87.89,88.37,88.37,2252554,8836607543.25
4,2023-12-14,87.25,87.58,86.44,86.45,86.45,2399424,8645268103.76
4,2023-12-15,83.99,84.45,83.9,84.35,84.35,1824534,8434983601.21
4,2023-12-16,84.19,85.03,83.46,84.72,84.72,2279789,8472081515.99
4,2023-12-17,83.05,83.93,82.63,83.17,83.17,2385048,8317326415.67
4,2023-12-18,85.49,86.3,84.93,86.22,86.22,2380103,8622447813.39
4,2023-12-19,84.96,85.65,84.18,84.98,84.98,1891028,8498280572.89
4,2023-12-20,88.08,88.94,87.34,88.08,88.08,1998629,8807690946.03
4,2023-12-21,85.12,85.33,83.77,84.42,84.42,2190902,8442082698.31
4,2023-12-22,83.41,83.42,81.88,82.67,82.67,1925496,8267414240.35
4,2023-12-23,80.73,81.97,80.51,81.3,81.3,1620918,8130160548.14
4,2023-12-24,79.06,79.33,78.41,78.93,78.93,1828124,7892515716.87
4,2023-12-25,76.97,77.77,76.89,77.72,77.72,1747820,7772033721.81
4,2023-12-26,80.84,81.03,79.75,80.21,80.21,1674461,8021327551.78
4,2023-12-27,80.01,80.24,79.26,79.58,79.58,1709939,7958144871.99
4,2023-12-28,76.65,77.5,76.17,77.39,77.39,2019963,7738673906.73
4,2023-12-29,76.89,77.7,76.63,77.55,77.55,2079636,7755161045.14
4,2023-12-30,75.55,76.0,75.12,75.29,75.29,1680098,7529285847.03
4,2023-12-31,78.8,79.18,77.61,78.26,78.26,1690699,7825629975.17
4,2024-01-01,79.14,79.9,78.31,78.71,78.71,2379711,7871183313.59
4,2024-01-02,78.61,79.25,77.92,78.65,78.65,2214399,7865117705.14
4,2024-01-03,79.02,79.19,78.12,78.55,78.55,1854649,7855330340.42
4,2024-01-04,78.39,79.17,77.66,78.9,78.9,1698981,7889781427.42
4,2024-01-05,79.8,79.9,79.39,79.65,79.65,2061129,7965300007.38
4,2024-01-06,77.8,77.95,77.08,77.7,77.7,2065782,7770282701.33
4,2024-01-07,77.73,77.95,77.34,77.35,77.35,1663071,7735159841.02
4,2024-01-08,74.85,75.56,74.49,74.78,74.78,1639262,7478445757.76
4,2024-01-09,75.92,76.47,75.2,75.63,75.63,1849190,7563044646.39
4,2024-01-10,76.23,76.75,74.84,75.51,75.51,2208507,7551127745.94
4,2024-01-11,77.21,77.77,76.6,77.54,77.54,2203872,7753649005.64
4,2024-01-12,78.98,79.75,78.78,79.3,79.3,2330378,7930347179.7
4,2024-01-13,79.54,80.48,79.32,80.05,80.05,1663730,8004603598.35
4,2024-01-14,82.11,82.69,82.05,82.4,82.4,2170251,8239668400.29
4,2024-01-15,80.25,80.54,79.48,80.02,80.02,2348167,8002069007.91
4,2024-01-16,83.37,83.94,82.89,82.99,82.99,2296240,8298678097.02
4,2024-01-17,79.6,80.69,79.26,80.36,80.36,2036851,8036155404.26
4,2024-01-18,82.16,82.8,81.91,82.22,82.22,2325055,8221571013.19
4,2024-01-19,81.72,82.18,81.13,81.41,81.41,2126319,8141239393.52
4,2024-01-20,81.42,81.86,80.71,81.09,81.09,1680348,8109218096.29
4,2024-01-21,85.99,86.24,85.6,85.72,85.72,1922919,8571644557.66
4,2024-01-22,85.55,86.7,84.8,86.15,86.15,2344629,8614599982.13
4,2024-01-23,84.05,84.74,82.88,83.62,83.62,1849513,8361801334.35
4,2024-01-24,83.14,83.86,82.95,82.96,82.96,2302371,8296424186.09
4,2024-01-25,82.23,82.63,81.98,82.24,82.24,1674373,8223889174.19
4,2024-01-26,83.24,83.38,82.34,82.63,82.63,1866613,8263090351.7
4,2024-01-27,85.46,86.2,84.46,84.73,84.73,2192875,8472841854.49
4,2024-01-28,86.06,86.13,85.69,85.92,85.92,1709513,8591559771.54
4,2024-01-29,85.98,86.28,84.86,85.34,85.34,1675451,8533873524.79
4,2024-01-30,83.94,84.44,83.12,84.05,84.05,2355756,8405006158.2
4,2024-01-31,85.84,86.03,85.42,85.98,85.98,1603207,8598076324.66
4,2024-02-01,83.41,83.49,82.83,82.89,82.89,2313121,8288581098.82
4,2024-02-02,84.22,84.69,83.45,83.84,83.84,1634019,8384325539.17
4,2024-02-03,83.27,83.91,81.96,82.63,82.63,2247600,8263260281.01
4,2024-02-04,83.63,84.43,82.86,83.7,83.7,1924790,8370390903.75
4,2024-02-05,85.24,86.1,84.41,86.06,86.06,1685512,8605589128.45
4,2024-02-06,87.27,87.57,87.2,87.46,87.46,1727045,8746264492.02
4,2024-02-07,86.06,86.87,85.63,86.65,86.65,2351725,8665122133.72
4,2024-02-08,88.58,89.06,88.08,88.54,88.54,2316019,8854093837.93
4,2024-02-09,81.63,82.44,81.55,82.44,82.44,1798060,8244196091.79
4,2024-02-10,82.6,83.83,81.83,83.09,83.09,1867250,8309113339.02
4,2024-02-11,82.67,83.44,81.67,81.89,81.89,1748103,8189221062.06
4,2024-02-12,79.71,80.42,78.55,79.23,79.23,2334530,7922758590.58
4,2024-02-13,79.22,79.93,79.15,79.33,79.33,2160557,7932972952.45
4,2024-02-14,82.45,83.2,81.68,81.93,81.93,1683099,8192638500.53
4,2024-02-15,82.52,82.65,81.72,81.79,81.79,2249798,8178838791.56
4,2024-02-16,84.3,85.04,83.68,84.34,84.34,1976252,8434298644.88
4,2024-02-17,83.34,84.62,83.29,83.82,83.82,2182998,8382485786.46
4,2024-02-18,83.21,83.56,83.07,83.21,83.21,1701329,8321153687.54
4,2024-02-19,84.29,84.69,84.12,84.53,84.53,2190289,8452732117.27
4,2024-02-20,84.95,85.43,83.7,84.45,84.45,2257740,8445127660.17
4,2024-02-21,81.81,82.38,81.05,81.59,81.59,2145958,8158980035.5
4,2024-02-22,84.69,86.16,84.03,85.43,85.43,1790869,8542888335.97
4,2024-02-23,83.96,85.04,83.95,84.39,84.39,1926328,8438835529.26
4,2024-02-24,86.45,86.45,85.48,85.91,85.91,2145128,8590790733.39
4,2024-02-25,87.96,88.09,87.03,87.6,87.6,2300058,8759959575.01
4,2024-02-26,91.65,92.47,91.46,92.3,92.3,2061352,9230220731.02
4,2024-02-27,91.07,91.76,90.71,91.55,91.55,2183881,9155330199.52
4,2024-02-28,90.28,90.92,89.67,89.78,89.78,2273472,8978330676.79
4,2024-02-29,93.34,95.01,93.26,94.18,94.18,1994122,9418485058.28
4,2024-03-01,97.93,98.79,96.59,96.98,96.98,1790329,9698498688.17
4,2024-03-02,101.2,101.76,101.05,101.46,101.46,1943778,10146117029.44
4,2024-03-03,100.34,101.7,99.76,100.73,100.73,2090606,10072920559.24
4,2024-03-04,100.61,100.98,99.18,99.63,99.63,1910752,9963383200.88
4,2024-03-05,96.5,98.11,95.54,97.19,97.19,2260020,9719063931.34
4,2024-03-06,95.01,96.03,94.61,95.89,95.89,1834165,9588527510.89
4,2024-03-07,94.03,95.17,93.78,94.74,94.74,1708968,9473751286.48
4,2024-03-08,91.81,92.17,91.42,92.09,92.09,2378977,9208726081.2
4,2024-03-09,93.4,94.64,92.47,94.2,94.2,1929234,9420246897.19
4,2024-03-10,95.7,96.62,94.44,95.19,95.19,2062665,9518653214.15
4,2024-03-11,96.62,97.12,95.23,96.12,96.12,1815488,9612059830.79
4,2024-03-12,98.45,99.27,97.15,97.81,97.81,2093107,9780919905.58
4,2024-03-13,97.77,98.31,96.95,98.17,98.17,2311654,9816513997.34
4,2024-03-14,100.52,101.34,99.21,99.85,99.85,2165523,9985275690.61
4,2024-03-15,95.38,97.13,95.29,96.33,96.33,1803999,9632553023.28
4,2024-03-16,94.25,94.73,93.51,94.01,94.01,2084204,9400781143.34
4,2024-03-17,93.03,94.59,92.53,93.85,93.85,1601162,9385192098.5
4,2024-03-18,91.8,92.71,91.23,92.67,92.67,1691688,9267063202.41
4,2024-03-19,92.17,92.9,91.5,92.07,92.07,2072589,9206560343.06
4,2024-03-20,94.66,95.77,94.07,95.19,95.19,2197428,9518728237.67
4,2024-03-21,97.87,98.06,96.04,96.96,96.96,2153039,9696353858.73
4,2024-03-22,100.52,101.19,100.34,100.44,100.44,2061292,10044070672.67
4,2024-03-23,104.24,104.28,103.24,103.81,103.81,2251556,10380932291.57
4,2024-03-24,101.47,103.33,100.55,102.31,102.31,2064163,10231077458.12
4,2024-03-25,102.21,102.66,101.09,101.76,101.76,2373739,10176171817.28
4,2024-03-26,103.11,103.78,102.67,103.44,103.44,1799024,10344370637.43
4,2024-03-27,103.77,104.51,102.84,104.09,104.09,2168854,10408990668.19
4,2024-03-28,103.45,104.02,102.46,103.46,103.46,1784684,10345858061.63
4,2024-03-29,104.46,105.12,104.26,104.73,104.73,1799996,10472814044.69
4,2024-03-30,103.88,105.46,103.07,104.69,104.69,1637251,10468830675.21
4,2024-03-31,106.48,106.71,105.36,106.3,106.3,1657759,10630347201.36
4,2024-04-01,106.63,106.72,104.68,105.59,105.59,1915775,10559048741.66
4,2024-04-02,107.9,108.94,106.73,107.01,107.01,2372175,10700848665.69
4,2024-04-03,100.07,100.73,99.51,100.65,100.65,1821239,10065076077.46
4,2024-04-04,99.73,100.99,99.69,100.58,100.58,1690090,10058499916.87
4,2024-04-05,100.76,100.97,99.76,100.09,100.09,1602254,10008575824.85
4,2024-04-06,100.5,101.14,99.78,101.07,101.07,1768163,10106676742.53
4,2024-04-07,102.32,103.33,101.86,102.54,102.54,1688619,10254007486.9
4,2024-04-08,101.43,102.34,100.87,100.92,100.92,2156979,10092474267.95
4,2024-04-09,95.89,95.92,95.39,95.84,95.84,1930684,9584172408.67
4,2024-04-10,95.97,96.57,94.26,95.15,95.15,1873085,9514603401.11
4,2024-04-11,97.68,97.78,96.95,97.18,97.18,1957659,9717652710.21
4,2024-04-12,94.39,94.85,93.49,94.4,94.4,1717590,9440339439.96
4,2024-04-13,93.43,94.29,92.55,93.56,93.56,2118370,9355839761.1
4,2024-04-14,92.95,93.28,92.58,92.96,92.96,1698595,9295803833.79
4,2024-04-15,93.53,94.57,93.11,93.79,93.79,1895005,9379390201.11
4,2024-04-16,93.86,95.15,93.13,94.69,94.69,2381800,9469246345.17
4,2024-04-17,94.1,95.34,93.88,94.76,94.76,1902979,9476402964.15
4,2024-04-18,93.55,94.43,93.38,93.87,93.87,2015092,9387204646.97
4,2024-04-19,95.43,96.24,95.09,95.84,95.84,1820051,9583762638.61
4,2024-04-20,101.85,102.52,101.4,101.72,101.72,2130495,10171548181.43
4,2024-04-21,102.52,104.08,101.65,103.3,103.3,2286204,10329591127.79
4,2024-04-22,101.83,102.38,101.16,101.84,101.84,1716732,10183597331.05
4,2024-04-23,97.12,98.73,97.06,98.02,98.02,1911368,9802223349.7
4,2024-04-24,101.11,101.36,100.11,101.21,101.21,1750400,10120537635.15
4,2024-04-25,101.71,102.48,100.51,100.92,100.92,2132685,10092061357.04
4,2024-04-26,103.58,104.25,102.55,103.91,103.91,2357412,10390564111.89
4,2024-04-27,104.26,104.41,103.99,104.22,104.22,1794214,10421612416.39
4,2024-04-28,102.63,103.13,101.83,102.7,102.7,1991130,10270290803.89
4,2024-04-29,102.38,103.68,102.19,102.67,102.67,1819117,10267365321.77
4,2024-04-30,101.09,102.09,99.79,100.62,100.62,1639146,10061552482.23
4,2024-05-01,101.21,101.7,100.26,101.1,101.1,1602445,10109965689.98
4,2024-05-02,99.11,100.2,98.34,99.93,99.93,1970866,9992820319.2
4,2024-05-03,98.99,99.76,97.68,98.3,98.3,1649123,9829979042.33
4,2024-05-04,102.68,103.77,101.99,102.91,102.91,2311149,10290727146.59
4,2024-05-05,103.67,104.22,102.34,103.26,103.26,1647673,10325886288.91
4,2024-05-06,102.13,102.63,100.66,101.56,101.56,1966998,10156449294.75
4,2024-05-07,97.75,98.42,96.88,98.05,98.05,1831258,9805409795.31
4,2024-05-08,100.97,101.59,100.31,101.31,101.31,1930723,10131033932.34
4,2024-05-09,93.26,94.8,92.53,93.97,93.97,2305045,9397379725.02
4,2024-05-10,95.6,95.77,95.14,95.4,95.4,1712558,9540239042.63
4,2024-05-11,93.0,93.82,92.4,93.16,93.16,1823462,9316495496.71
4,2024-05-12,97.32,97.92,96.06,96.82,96.82,1940921,9681972505.77
4,2024-05-13,96.98,98.16,96.38,97.3,97.3,1611014,9730142187.97
4,2024-05-14,97.23,98.31,96.87,97.78,97.78,2228556,9778329019.46
4,2024-05-15,101.38,101.86,100.14,100.98,100.98,2023673,10098143133.2
4,2024-05-16,103.39,105.0,102.52,103.98,103.98,2069187,10398060757.51
4,2024-05-17,107.58,107.93,106.39,106.96,106.96,1878274,10696165000.81
4,2024-05-18,106.55,107.9,105.85,107.31,107.31,2115400,10731015838.96
4,2024-05-19,104.12,104.87,103.21,104.35,104.35,1959474,10434822584.95
4,2024-05-20,104.17,104.9,103.98,104.86,104.86,2150744,10486153733.84
4,2024-05-21,104.8,105.22,103.33,104.24,104.24,1820492,10424307440.98
4,2024-05-22,103.63,103.74,102.37,103.18,103.18,1981468,10318019379.15
4,2024-05-23,102.58,103.62,101.8,103.27,103.27,1912475,10326715668.6
4,2024-05-24,103.64,103.84,102.13,102.96,102.96,1728366,10296103292.78
4,2024-05-25,104.51,104.71,103.86,104.18,104.18,1776452,10417939840.6
4,2024-05-26,102.8,104.08,101.77,103.41,103.41,2323845,10340957154.04
4,2024-05-27,99.95,101.48,99.37,100.94,100.94,1613716,10093872304.21
4,2024-05-28,101.09,101.57,100.73,101.0,101.0,1787536,10100073921.21
4,2024-05-29,102.3,103.64,102.25,103.22,103.22,1988722,10322122655.84
4,2024-05-30,98.53,98.66,97.54,98.46,98.46,1775098,9846290016.85
4,2024-05-31,100.48,100.67,99.35,99.69,99.69,2358812,9968947049.71
4,2024-06-01,97.43,97.96,96.54,97.71,97.71,2007758,9771471803.32
4,2024-06-02,98.99,99.56,97.78,98.3,98.3,2347181,9829560280.08
4,2024-06-03,99.58,99.6,99.44,99.5,99.5,1687859,9949871350.44
4,2024-06-04,98.0,98.85,96.9,97.25,97.25,2176994,9724690428.48
4,2024-06-05,98.4,98.82,97.69,97.8,97.8,2017622,9780479393.08
4,2024-06-06,99.92,100.51,99.37,100.05,100.05,2151926,10005394325.46
4,2024-06-07,98.29,98.82,97.8,98.24,98.24,1817449,9823611637.51
4,2024-06-08,97.25,97.75,96.14,96.73,96.73,2126635,9672566768.44
4,2024-06-09,98.16,99.52,97.24,99.12,99.12,2239569,9911784668.46
4,2024-06-10,99.3,100.05,98.32,99.59,99.59,2197122,9959285751.95
4,2024-06-11,104.08,104.84,103.11,103.38,103.38,1616239,10338118057.49
4,2024-06-12,94.82,96.2,94.0,95.74,95.74,2053724,9574453406.11
4,2024-06-13,96.16,97.02,95.45,96.27,96.27,2307846,9627093767.06
4,2024-06-14,98.75,98.83,97.76,98.67,98.67,1792980,9867277333.58
4,2024-06-15,93.7,94.33,93.27,93.46,93.46,1826250,9346278411.24
4,2024-06-16,92.5,92.76,91.71,91.88,91.88,2247768,9187856048.13
4,2024-06-17,96.35,97.12,94.56,95.46,95.46,2206189,9546184322.3
4,2024-06-18,93.32,94.06,92.79,93.99,93.99,2134757,9399067433.93
4,2024-06-19,96.33,97.26,95.75,96.0,96.0,2044766,9599919402.68
4,2024-06-20,94.71,95.21,94.48,94.74,94.74,2090875,9473506156.71
4,2024-06-21,91.53,91.96,91.51,91.63,91.63,2239195,9162501096.85
4,2024-06-22,96.52,96.84,96.47,96.47,96.47,2023935,9647446313.22
4,2024-06-23,93.64,93.96,93.16,93.84,93.84,1746357,9384035946.74
4,2024-06-24,91.97,92.55,90.88,91.62,91.62,1997629,9162120425.52
4,2024-06-25,94.78,95.19,93.54,94.2,94.2,2022662,9420002597.34
4,2024-06-26,87.52,88.0,86.85,87.63,87.63,1719277,8763436823.05
4,2024-06-27,86.08,86.87,85.88,86.56,86.56,1615656,8655829811.32
4,2024-06-28,84.52,85.2,83.73,84.39,84.39,2214794,8439086568.59
4,2024-06-29,81.45,82.04,80.31,80.91,80.91,2215749,8091142099.97
4,2024-06-30,83.56,84.46,82.84,84.07,84.07,1935780,8407064506.93
4,2024-07-01,88.46,89.2,88.05,88.3,88.3,1873037,8830343907.6
4,2024-07-02,88.56,88.67,87.82,88.43,88.43,1984815,8842720657.78
4,2024-07-03,85.93,86.95,85.76,86.58,86.58,1749897,8658261879.4
4,2024-07-04,90.23,90.73,89.56,90.38,90.38,2186095,9038381910.86
4,2024-07-05,90.73,92.46,90.1,91.61,91.61,2176704,9160693799.14
4,2024-07-06,93.86,95.52,93.67,94.74,94.74,1939878,9474013966.47
4,2024-07-07,92.18,93.15,91.78,92.33,92.33,2156821,9232879928.89
4,2024-07-08,97.17,98.93,96.27,98.0,98.0,1817553,9800187212.01
4,2024-07-09,96.41,97.97,96.33,97.2,97.2,1759573,9719829664.97
4,2024-07-10,101.09,102.52,100.93,101.97,101.97,1921562,10197302824.12
4,2024-07-11,101.22,102.12,101.14,101.96,101.96,2273528,10195687044.5
4,2024-07-12,101.09,102.42,100.27,101.69,101.69,2081257,10168818783.66
4,2024-07-13,101.82,102.85,101.56,102.78,102.78,2051217,10278365335.85
4,2024-07-14,95.1,95.8,94.44,95.02,95.02,1676871,9501837568.22
4,2024-07-15,93.37,93.71,92.16,92.85,92.85,1977483,9284663779.57
4,2024-07-16,92.29,92.97,91.43,92.27,92.27,1757014,9226685528.93
4,2024-07-17,92.47,92.72,91.59,92.45,92.45,1795907,9245186597.94
4,2024-07-18,94.29,94.49,93.88,94.37,94.37,1636642,9437022393.75
4,2024-07-19,94.53,94.85,94.35,94.42,94.42,1868918,9441587712.56
4,2024-07-20,92.7,93.41,91.12,91.89,91.89,1977107,9188826843.07
4,2024-07-21,94.88,95.1,94.76,94.91,94.91,1792933,9490893082.58
4,2024-07-22,93.07,93.49,92.14,93.36,93.36,1866743,9335946686.32
4,2024-07-23,93.11,93.48,92.58,93.2,93.2,1782062,9320110784.33
4,2024-07-24,91.16,92.52,90.86,91.8,91.8,2366001,9180401124.59
4,2024-07-25,96.26,97.05,94.93,95.51,95.51,1613145,9551258591.12
4,2024-07-26,96.95,97.65,96.2,97.16,97.16,1661014,9716347648.09
4,2024-07-27,100.27,100.74,99.86,100.41,100.41,2052127,10040612814.55
4,2024-07-28,99.26,100.25,98.56,99.05,99.05,1709596,9905146086.88
4,2024-07-29,96.92,98.36,96.38,97.81,97.81,1928588,9781090510.07
4,2024-07-30,96.19,97.43,95.47,96.76,96.76,1635101,9675571714.45
4,2024-07-31,95.76,96.11,94.1,94.83,94.83,1973666,9482608046.35
4,2024-08-01,91.8,92.62,91.09,91.89,91.89,2027984,9188830231.31
4,2024-08-02,94.79,95.33,93.74,93.96,93.96,2190892,9396005491.88
4,2024-08-03,94.78,95.7,94.17,94.98,94.98,1682092,9497662416.83
4,2024-08-04,92.35,93.04,91.83,92.35,92.35,2391819,9234996978.97
4,2024-08-05,93.49,94.45,93.28,94.28,94.28,2038854,9427528538.24
4,2024-08-06,95.33,95.53,95.26,95.32,95.32,2174744,9532453175.71
4,2024-08-07,90.93,92.43,90.5,91.53,91.53,1776585,9153126008.48
4,2024-08-08,95.26,96.51,95.0,95.85,95.85,1771626,9584976303.16
4,2024-08-09,96.77,96.85,95.39,96.13,96.13,1896701,9612895910.03
4,2024-08-10,98.62,99.0,97.98,98.64,98.64,1629292,9864026623.75
4,2024-08-11,96.29,96.33,94.56,95.44,95.44,1609358,9543944741.52
4,2024-08-12,98.18,98.87,97.32,98.41,98.41,2069999,9840810153.74
4,2024-08-13,99.34,100.05,99.32,99.51,99.51,1696221,9951364933.12
4,2024-08-14,101.03,101.61,100.45,100.59,100.59,1824328,10059178084.07
4,2024-08-15,97.96,98.42,97.48,98.07,98.07,2070900,9806870667.5
4,2024-08-16,98.1,99.8,97.63,98.92,98.92,1959869,9892411897.13
4,2024-08-17,100.56,100.7,99.4,100.07,100.07,1767267,10007231731.55
4,2024-08-18,98.25,99.36,98.16,99.21,99.21,1872651,9921062681.31
4,2024-08-19,94.96,95.55,94.3,95.46,95.46,1789367,9545752492.17
4,2024-08-20,95.0,96.59,94.1,95.69,95.69,1695023,9568506070.21
4,2024-08-21,94.4,95.5,94.37,94.92,94.92,2244332,9491627894.89
4,2024-08-22,94.17,95.37,94.1,95.04,95.04,2232879,9504091100.5
4,2024-08-23,96.67,97.53,96.22,96.88,96.88,2029512,9687799013.09
4,2024-08-24,94.21,94.79,93.45,94.7,94.7,2103285,9469659142.87
4,2024-08-25,93.38,94.63,93.06,94.07,94.07,2208728,9406530528.11
4,2024-08-26,95.5,95.96,94.93,95.58,95.58,1635336,9558112722.68
4,2024-08-27,92.62,92.92,92.11,92.64,92.64,2151197,9263992488.51
4,2024-08-28,90.5,91.58,89.71,91.07,91.07,2032860,9107047600.83
4,2024-08-29,91.67,91.74,90.6,90.98,90.98,2125837,9097664510.36
4,2024-08-30,88.96,89.62,87.69,88.49,88.49,2156695,8849353182.14
4,2024-08-31,88.22,89.29,87.48,89.09,89.09,1605085,8909439327.15
4,2024-09-01,89.91,91.25,89.39,90.71,90.71,2273637,9071268102.6
4,2024-09-02,90.59,91.91,90.03,91.44,91.44,2253652,9144077374.69
4,2024-09-03,90.32,90.75,89.3,90.07,90.07,1773086,9007101724.02
4,2024-09-04,87.95,88.46,87.08,88.22,88.22,1929447,8822368444.42
4,2024-09-05,86.59,87.66,86.36,87.42,87.42,1864595,8742100717.7
4,2024-09-06,88.58,89.21,87.15,88.02,88.02,1670968,8801805887.06
4,2024-09-07,86.98,87.84,86.02,86.63,86.63,2066303,8663372920.53
4,2024-09-08,90.72,91.57,90.15,90.25,90.25,2339848,9025257102.14
4,2024-09-09,92.89,93.09,91.59,92.06,92.06,1822135,9205598953.17
4,2024-09-10,93.48,93.71,92.58,93.14,93.14,1941684,9314127323.71
4,2024-09-11,91.14,91.73,90.73,91.25,91.25,1879167,9124826840.11
4,2024-09-12,88.52,88.8,88.38,88.54,88.54,1885519,8853632652.16
4,2024-09-13,91.02,91.73,90.34,91.63,91.63,1961884,9162817240.34
4,2024-09-14,92.2,93.44,91.54,92.56,92.56,2156751,9256421818.5
4,2024-09-15,89.85,89.92,89.7,89.81,89.81,1621519,8980887875.42
4,2024-09-16,87.05,88.29,86.59,87.61,87.61,1678008,8761302087.79
4,2024-09-17,87.98,88.97,87.11,88.48,88.48,2101765,8848270094.58
4,2024-09-18,81.82,82.75,81.62,82.52,82.52,1617089,8251992761.7
4,2024-09-19,81.69,82.43,81.01,81.18,81.18,1820206,8117621783.42
4,2024-09-20,78.48,78.98,78.0,78.41,78.41,1737654,7840983503.45
4,2024-09-21,75.81,76.13,75.21,75.83,75.83,1725563,7582748737.22
4,2024-09-22,75.71,75.81,75.24,75.31,75.31,2189980,7531089308.07
4,2024-09-23,76.02,76.06,75.08,75.48,75.48,2185952,7547914463.91
4,2024-09-24,77.24,77.9,77.1,77.18,77.18,1756684,7717980944.9
4,2024-09-25,76.75,77.47,75.44,76.19,76.19,1767256,7619476174.77
4,2024-09-26,74.13,74.13,73.42,73.45,73.45,1706102,7345345711.32
4,2024-09-27,73.21,73.86,72.59,72.73,72.73,1968684,7272966250.89
4,2024-09-28,71.2,71.85,70.7,71.03,71.03,2129329,7102963798.4
4,2024-09-29,70.7,71.28,70.39,70.87,70.87,1780500,7087213709.06
4,2024-09-30,68.55,69.9,68.17,69.22,69.22,1707612,6921671665.73
4,2024-10-01,69.81,70.43,69.24,70.29,70.29,1694300,7029379767.34
4,2024-10-02,69.92,70.81,69.73,70.25,70.25,2329792,7025266272.88
4,2024-10-03,69.88,70.84,69.43,70.31,70.31,1763330,7030710693.06
4,2024-10-04,70.0,70.54,69.29,69.41,69.41,2101704,6941200112.65
4,2024-10-05,70.62,71.2,69.98,70.38,70.38,2304133,7038132189.33
4,2024-10-06,72.39,72.9,72.17,72.44,72.44,1839674,7243913028.92
4,2024-10-07,72.85,73.3,72.85,73.24,73.24,2149407,7324190764.34
4,2024-10-08,71.27,71.53,70.58,71.11,71.11,1723143,7111396953.55
4,2024-10-09,70.54,71.13,70.29,70.67,70.67,1650614,7066960499.62
4,2024-10-10,67.18,67.8,66.0,66.56,66.56,2320925,6656357797.19
4,2024-10-11,66.47,66.96,65.96,66.42,66.42,1978984,6642046467.05
4,2024-10-12,68.31,68.8,67.11,67.79,67.79,1606098,6778517604.37
4,2024-10-13,69.8,70.29,69.3,69.53,69.53,1899628,6952985026.41
4,2024-10-14,69.14,69.76,68.6,68.75,68.75,2026423,6874604655.54
4,2024-10-15,67.06,67.38,66.26,66.41,66.41,2147551,6641067109.35
4,2024-10-16,68.92,69.53,68.86,69.08,69.08,2314320,6907858732.88
4,2024-10-17,70.75,70.8,69.56,70.26,70.26,1686819,7026229868.13
4,2024-10-18,70.85,70.96,70.56,70.57,70.57,2211534,7056757350.97
4,2024-10-19,70.52,71.37,69.98,71.2,71.2,1769428,7120043059.43
4,2024-10-20,70.74,71.3,70.09,70.62,70.62,1722991,7062188014.85
4,2024-10-21,71.37,71.49,70.47,71.16,71.16,1686751,7116216648.54
4,2024-10-22,68.49,68.55,67.85,68.51,68.51,1783405,6850932085.24
4,2024-10-23,71.44,72.03,71.38,71.4,71.4,2250079,7140113939.41
4,2024-10-24,72.38,73.06,72.33,72.72,72.72,1812912,7271855467.56
4,2024-10-25,70.95,71.28,70.44,71.28,71.28,2016209,7127736052.29
4,2024-10-26,74.57,74.86,73.66,74.08,74.08,2043997,7407552251.69
4,2024-10-27,74.45,75.55,73.97,75.19,75.19,2141713,7518691082.51
4,2024-10-28,73.35,73.63,72.19,72.75,72.75,2359973,7274588170.56
4,2024-10-29,73.91,74.29,73.25,74.06,74.06,2345641,7405733425.78
4,2024-10-30,73.71,74.48,73.65,74.38,74.38,2319180,7437989693.3
4,2024-10-31,73.39,74.42,73.25,74.12,74.12,2333710,7412351308.49
4,2024-11-01,76.4,76.91,75.84,76.21,76.21,2387526,7620692573.79
4,2024-11-02,76.96,77.52,75.81,76.44,76.44,2309110,7644168752.61
4,2024-11-03,75.38,76.51,75.14,75.84,75.84,1725917,7583908704.92
4,2024-11-04,75.77,76.38,75.42,76.18,76.18,2397774,7618357312.97
4,2024-11-05,77.74,77.85,76.49,77.12,77.12,2026278,7712437898.16
4,2024-11-06,79.54,79.88,78.59,78.88,78.88,2053834,7888035990.33
4,2024-11-07,78.18,78.59,77.17,77.71,77.71,2362894,7770541726.19
4,2024-11-08,76.22,76.37,75.0,75.7,75.7,1939909,7570269949.31
4,2024-11-09,76.04,76.98,75.83,76.42,76.42,2088759,7642386621.12
4,2024-11-10,74.61,75.02,73.58,74.24,74.24,2235773,7423790029.03
4,2024-11-11,71.92,72.7,71.38,72.2,72.2,1823340,7220236221.67
4,2024-11-12,71.64,71.92,71.41,71.66,71.66,1808182,7166227358.48
4,2024-11-13,69.99,70.14,69.23,69.73,69.73,1771317,6972910005.84
4,2024-11-14,70.09,70.14,69.33,69.93,69.93,2186731,6993492742.07
4,2024-11-15,70.89,71.63,70.19,71.19,71.19,2217447,7119339177.81
4,2024-11-16,73.91,74.03,73.32,73.99,73.99,1616022,7398835527.66
4,2024-11-17,74.54,75.76,74.52,75.24,75.24,1924652,7523562533.73
4,2024-11-18,75.14,75.59,74.77,75.12,75.12,1900420,7511543871.09
4,2024-11-19,75.05,75.64,74.81,75.29,75.29,2028358,7528880434.09
4,2024-11-20,71.67,71.84,70.86,71.57,71.57,2341798,7157083570.59
4,2024-11-21,70.03,70.17,69.7,70.03,70.03,2299779,7003279549.65
4,2024-11-22,70.48,71.53,70.22,70.95,70.95,1692278,7095288876.1
4,2024-11-23,74.08,75.0,73.6,74.38,74.38,2155614,7438385926.26
4,2024-11-24,75.25,75.88,74.85,74.89,74.89,2320664,7489128024.1
4,2024-11-25,76.83,77.3,76.36,76.41,76.41,1783790,7641136220.45
4,2024-11-26,75.17,75.58,74.1,74.81,74.81,2160215,7481364302.17
4,2024-11-27,74.39,75.32,74.24,74.87,74.87,2359650,7486868520.12
4,2024-11-28,78.01,78.64,77.0,77.66,77.66,1690531,7766360170.89
4,2024-11-29,78.49,79.43,77.95,79.16,79.16,1983457,7916027205.55
4,2024-11-30,76.52,76.83,76.14,76.44,76.44,2327466,7644126183.9
4,2024-12-01,76.93,77.24,76.43,76.45,76.45,2064529,7645208947.53
4,2024-12-02,76.37,77.29,75.86,76.57,76.57,2190089,7657445228.77
4,2024-12-03,77.37,77.96,76.55,76.84,76.84,1708174,7684088145.36
4,2024-12-04,73.95,74.83,73.28,74.25,74.25,2014363,7425469211.66
4,2024-12-05,74.44,74.78,74.04,74.11,74.11,2031220,7410587492.66
4,2024-12-06,73.78,74.29,73.78,73.84,73.84,1785440,7383816035.74
4,2024-12-07,73.56,73.82,72.22,72.84,72.84,1701141,7284182910.61
4,2024-12-08,71.31,71.81,70.51,70.88,70.88,2326401,7088486746.55
4,2024-12-09,71.11,71.17,70.62,71.09,71.09,2006732,7108833227.57
4,2024-12-10,71.6,72.38,71.22,71.91,71.91,2085521,7191451079.1
4,2024-12-11,71.6,71.89,71.24,71.46,71.46,2307536,7145747079.18
4,2024-12-12,73.15,73.32,72.92,72.94,72.94,1793195,7293678521.74
4,2024-12-13,75.57,75.94,74.87,75.1,75.1,2041821,7510363509.72
4,2024-12-14,77.86,78.55,76.5,77.21,77.21,1871289,7721413519.37
4,2024-12-15,76.79,77.2,76.01,76.17,76.17,2030053,7617267918.06
4,2024-12-16,74.69,75.22,74.31,75.04,75.04,1807726,7504395457.88
4,2024-12-17,75.98,76.37,75.63,76.25,76.25,1865660,7624758150.09
4,2024-12-18,77.22,77.37,76.51,76.64,76.64,1708943,7663987285.59
4,2024-12-19,78.75,79.11,78.11,78.63,78.63,1742648,7863072824.91
4,2024-12-20,80.65,80.97,79.78,79.94,79.94,1942176,7994408983.68
4,2024-12-21,81.59,81.68,81.27,81.51,81.51,2280196,8150542844.44
4,2024-12-22,79.96,80.61,79.43,80.59,80.59,1764240,8058901188.73
4,2024-12-23,78.16,78.71,77.47,77.99,77.99,2242296,7798598040.09
4,2024-12-24,76.76,77.99,76.19,77.34,77.34,1776406,7733745905.39
4,2024-12-25,75.68,76.39,74.94,76.13,76.13,2108999,7613049811.85
4,2024-12-26,78.25,78.78,77.63,78.62,78.62,2014364,7861834486.31
4,2024-12-27,79.73,80.27,79.0,79.44,79.44,2099872,7943782584.17
4,2024-12-28,82.33,83.0,81.61,82.71,82.71,1657148,8270869255.14
4,2024-12-29,83.33,84.1,82.74,83.65,83.65,2176735,8364544259.09
4,2024-12-30,86.64,87.27,85.72,86.11,86.11,2037381,8611449460.84
4,2024-12-31,85.31,86.13,84.56,85.61,85.61,2190192,8561221570.19
